split,variant,refresh_min,ahead_h,target,n,mae,wape,bias
evaluacion,daily,0,0,llegadas,731160,1.9445783124724665,0.4267243913803131,-0.11202336093986995
evaluacion,daily,0,1,llegadas,690540,1.9845737067879918,0.4269361675601636,-0.11715906544534943
evaluacion,daily,0,2,llegadas,649920,1.9952157458515811,0.43263175407527676,-0.12229165047034136
evaluacion,daily,0,3,llegadas,609300,1.984935639882023,0.43936329603864926,-0.1342646484365627
evaluacion,daily,0,4,llegadas,568680,1.9910634023924085,0.43943084220873696,-0.1492550348462655
evaluacion,daily,0,5,llegadas,528060,2.008101858219638,0.43813620226169464,-0.16603668664268836
evaluacion,daily,0,0,neto,731160,2.164794413043569,0.8705507966468166,0.0010180954145123581
evaluacion,daily,0,1,neto,690540,2.188763863419373,0.8862690152162879,0.0002813028603599828
evaluacion,daily,0,2,neto,649920,2.1716115568699776,0.913484524091829,0.0020195225107327666
evaluacion,daily,0,3,neto,609300,2.1407223225194665,0.9332861883477948,0.0037830968909773758
evaluacion,daily,0,4,neto,568680,2.1403045968359273,0.9375575161288411,0.00629909646099493
evaluacion,daily,0,5,neto,528060,2.15419638207868,0.9355241207822629,0.005788973120855265
evaluacion,daily,0,0,salidas,731160,2.0384116283697558,0.4482631504512183,-0.11304145635438234
evaluacion,daily,0,1,salidas,690540,2.0717065625562636,0.4498379527972669,-0.11744036830570938
evaluacion,daily,0,2,salidas,649920,2.0610881078300958,0.4543100888041918,-0.12431117298107405
evaluacion,daily,0,3,salidas,609300,2.039521343157664,0.4570882552120599,-0.13804774532754008
evaluacion,daily,0,4,salidas,568680,2.044884568017779,0.45640989904625257,-0.15555413130726042
evaluacion,daily,0,5,salidas,528060,2.0619539656688843,0.45577342130006354,-0.17182565976354366
evaluacion,ma,15,0,llegadas,731160,1.9553286384007056,0.4290834767714461,-0.07498980086499744
evaluacion,ma,15,1,llegadas,690540,2.0163689423590507,0.4337761936952224,-0.08202600218971244
evaluacion,ma,15,2,llegadas,649920,2.0397053775641134,0.4422786443657003,-0.08828315866356946
evaluacion,ma,15,3,llegadas,609300,2.038044592446808,0.451118903615634,-0.10239795118772531
evaluacion,ma,15,4,llegadas,568680,2.049807560700736,0.45239577086407484,-0.12034225873823788
evaluacion,ma,15,5,llegadas,528060,2.068093155027654,0.4512253584938002,-0.14112510443257728
evaluacion,ma,15,0,neto,731160,2.3098539025087863,0.9288850446263193,0.009836728281228344
evaluacion,ma,15,1,neto,690540,2.325993803495133,0.9418358334929431,0.010876760275255542
evaluacion,ma,15,2,neto,649920,2.3017073020148273,0.9682090670074618,0.014124997794841809
evaluacion,ma,15,3,neto,609300,2.269937443213999,0.9896198315304237,0.01567790637289318
evaluacion,ma,15,4,neto,568680,2.2716715180728553,0.9951026172132682,0.01699160137882689
evaluacion,ma,15,5,neto,528060,2.2892748618454974,0.9941859851655449,0.01396513081907351
evaluacion,ma,15,0,salidas,731160,2.0668261418603544,0.45451173104140125,-0.0848265291462258
evaluacion,ma,15,1,salidas,690540,2.1145808049452577,0.4591474089589549,-0.09290276246496798
evaluacion,ma,15,2,salidas,649920,2.111712552117839,0.46546885280494144,-0.10240815645841127
evaluacion,ma,15,3,salidas,609300,2.095756898345221,0.46969151228892136,-0.11807585756061849
evaluacion,ma,15,4,salidas,568680,2.1048784884480582,0.4698002975045456,-0.13733386011706472
evaluacion,ma,15,5,salidas,528060,2.1232612926417023,0.4693247665921485,-0.15509023525165075
evaluacion,ma,60,0,llegadas,731160,1.9648245639720885,0.4311672925962194,-0.0761172802120048
evaluacion,ma,60,1,llegadas,690540,2.020439349756684,0.43465184982671823,-0.08311765006394808
evaluacion,ma,60,2,llegadas,649920,2.0421987496462015,0.4428192936361759,-0.08908522498695755
evaluacion,ma,60,3,llegadas,609300,2.03878998801198,0.4512838960948794,-0.10352644546528134
evaluacion,ma,60,4,llegadas,568680,2.0488715278733776,0.45218918693853677,-0.1218402307450513
evaluacion,ma,60,5,llegadas,528060,2.066498181432966,0.45087736037277676,-0.14281086942151136
evaluacion,ma,60,0,neto,731160,2.3039004651304227,0.9264909282976308,0.010427600221493322
evaluacion,ma,60,1,neto,690540,2.3162245926117526,0.93788010804729,0.011114576282851101
evaluacion,ma,60,2,neto,649920,2.2967962573388743,0.9661432448329504,0.01459614523173248
evaluacion,ma,60,3,neto,609300,2.2661888285877465,0.9879855559313342,0.015709705744177023
evaluacion,ma,60,4,neto,568680,2.267400607667007,0.9932317507218185,0.016465926354113553
evaluacion,ma,60,5,neto,528060,2.2858663539511084,0.9927057388065752,0.013365695981754511
evaluacion,ma,60,0,salidas,731160,2.0728316773949778,0.4558323967212031,-0.08654488043349812
evaluacion,ma,60,1,salidas,690540,2.116049131689998,0.45946623263255293,-0.09423222634679917
evaluacion,ma,60,2,salidas,649920,2.112476025698342,0.4656371395214774,-0.10368137021869
evaluacion,ma,60,3,salidas,609300,2.096127766927542,0.4697746296702495,-0.11923615120945834
evaluacion,ma,60,4,salidas,568680,2.103557671096827,0.4695054964564266,-0.13830615709916486
evaluacion,ma,60,5,salidas,528060,2.122341655624859,0.4691214904198869,-0.15617656540326588
evaluacion,ma,180,0,llegadas,731160,1.9710167159192933,0.4325261179281988,-0.07667266529119443
evaluacion,ma,180,1,llegadas,690540,2.024342568080798,0.4354915390087062,-0.08362541869476967
evaluacion,ma,180,2,llegadas,649920,2.042685812967118,0.44292490580333727,-0.09052442114257199
evaluacion,ma,180,3,llegadas,609300,2.0370785540171226,0.4509050720837503,-0.1055606618329453
evaluacion,ma,180,4,llegadas,568680,2.0421809460127154,0.4507125649392752,-0.12467577387398104
evaluacion,ma,180,5,llegadas,528060,2.0552407083895305,0.44842115703521934,-0.1456198931179173
evaluacion,ma,180,0,neto,731160,2.271467614229293,0.9134483760721703,0.013507874427409779
evaluacion,ma,180,1,neto,690540,2.29509404625337,0.9293239778840438,0.01308381356539285
evaluacion,ma,180,2,neto,649920,2.2807522318196645,0.9593943541441126,0.014843307565705498
evaluacion,ma,180,3,neto,609300,2.2534862020766044,0.9824476186874991,0.015239415082844623
evaluacion,ma,180,4,neto,568680,2.2510546141152776,0.9860714104900249,0.01529592975074151
evaluacion,ma,180,5,neto,528060,2.259157566066369,0.9811066499254955,0.013036247793881498
evaluacion,ma,180,0,salidas,731160,2.072099427127832,0.45567136898416455,-0.09018053971860418
evaluacion,ma,180,1,salidas,690540,2.115823678639987,0.45941727910781066,-0.0967092322601625
evaluacion,ma,180,2,salidas,649920,2.111057318680109,0.46532442464578044,-0.10536772870827744
evaluacion,ma,180,3,salidas,609300,2.093439804827077,0.46917221581922536,-0.12080007691578988
evaluacion,ma,180,4,salidas,568680,2.096795469459061,0.4679962006188553,-0.13997170362472258
evaluacion,ma,180,5,salidas,528060,2.1074055448073814,0.4658200188829167,-0.15865614091179878
evaluacion,model,15,0,llegadas,731160,1.9407916815250714,0.42589344115524624,-0.13292311938679816
evaluacion,model,15,1,llegadas,690540,1.9974144720337004,0.42969856791032013,-0.155543406953836
evaluacion,model,15,2,llegadas,649920,2.0181261286026304,0.43759951713384865,-0.166830795226926
evaluacion,model,15,3,llegadas,609300,2.014819116030336,0.4459779702446077,-0.1803756332645492
evaluacion,model,15,4,llegadas,568680,2.0272672599049,0.44742109082603526,-0.20689985361369995
evaluacion,model,15,5,llegadas,528060,2.048902375876176,0.4470382326956467,-0.23932483151331288
evaluacion,model,15,0,neto,731160,2.295351940162956,0.923053223000655,-0.008152232164093283
evaluacion,model,15,1,neto,690540,2.3080464094690214,0.9345686177393115,-0.011746009781924858
evaluacion,model,15,2,neto,649920,2.2819470917619706,0.9598969698454801,-0.015522173833409559
evaluacion,model,15,3,neto,609300,2.249607915376582,0.9807568102283598,-0.013959326935316702
evaluacion,model,15,4,neto,568680,2.2511128217523475,0.9860969082662346,-0.015256967211001058
evaluacion,model,15,5,neto,528060,2.2690642318957193,0.9854089154556899,-0.020403487370887114
evaluacion,model,15,0,salidas,731160,2.0527721154003458,0.4514211373213651,-0.1247708872227049
evaluacion,model,15,1,salidas,690540,2.0950413882179455,0.4549047370582483,-0.14379739717191115
evaluacion,model,15,2,salidas,649920,2.0880570625746784,0.46025465186213255,-0.15130862139351642
evaluacion,model,15,3,salidas,609300,2.0716248616420025,0.46428314988644237,-0.16641630632923246
evaluacion,model,15,4,salidas,568680,2.080995048164445,0.46446961100066747,-0.19164288640269891
evaluacion,model,15,5,salidas,528060,2.102227540280314,0.46467547498033585,-0.21892134414242576
evaluacion,model,60,0,llegadas,731160,1.9456678583571965,0.4269634847619271,-0.11340622501965501
evaluacion,model,60,1,llegadas,690540,1.9975906137748716,0.42973646082387923,-0.1321972843897474
evaluacion,model,60,2,llegadas,649920,2.0185069070760604,0.4376820830715006,-0.14471890871101367
evaluacion,model,60,3,llegadas,609300,2.015397872931017,0.44610607744082054,-0.16142693878576056
evaluacion,model,60,4,llegadas,568680,2.026249263628747,0.4471964174377053,-0.18778300532162678
evaluacion,model,60,5,llegadas,528060,2.0462432609730783,0.4464580556990208,-0.21749782730040737
evaluacion,model,60,0,neto,731160,2.284961684421071,0.9188748837740931,-0.0026619666349515007
evaluacion,model,60,1,neto,690540,2.2967404853475775,0.9299906500541322,-0.0054187958083273535
evaluacion,model,60,2,neto,649920,2.27563911488986,0.9572435306368089,-0.0075257278863697
evaluacion,model,60,3,neto,609300,2.2462880545661092,0.9793094575245284,-0.006985003820154708
evaluacion,model,60,4,neto,568680,2.2462988238456356,0.9839881430340622,-0.007448647476733772
evaluacion,model,60,5,neto,528060,2.265656392892203,0.9839289595825604,-0.011821902255776055
evaluacion,model,60,0,salidas,731160,2.0551705063229426,0.45194856282071666,-0.1107442583847035
evaluacion,model,60,1,salidas,690540,2.0942323803234504,0.4547290739302581,-0.12677848858142007
evaluacion,model,60,2,salidas,649920,2.088255695890475,0.46029843510409885,-0.137193180824644
evaluacion,model,60,3,salidas,609300,2.0720945346982504,0.4643884108774688,-0.15444193496560588
evaluacion,model,60,4,salidas,568680,2.0795681398603048,0.46415113088436816,-0.18033435784489296
evaluacion,model,60,5,salidas,528060,2.100588250792561,0.46431312713417916,-0.2056759250446314
evaluacion,model,180,0,llegadas,731160,1.9496845485213345,0.4278449199063291,-0.11409791367365829
evaluacion,model,180,1,llegadas,690540,2.000119692319183,0.4302805348975575,-0.13170824036929188
evaluacion,model,180,2,llegadas,649920,2.017648238174049,0.4374958939668789,-0.14502984127421473
evaluacion,model,180,3,llegadas,609300,2.012169842905925,0.44539155658531293,-0.16124721750834048
evaluacion,model,180,4,llegadas,568680,2.0178481286099745,0.4453422736508362,-0.18574903213087784
evaluacion,model,180,5,llegadas,528060,2.0328451968696806,0.443534809101796,-0.2116726846600845
evaluacion,model,180,0,neto,731160,2.254745272208038,0.9067236505829093,-0.0020500288779461955
evaluacion,model,180,1,neto,690540,2.276670012151402,0.9218637621738149,-0.004553970476379881
evaluacion,model,180,2,neto,649920,2.2606586825600656,0.9509420385241054,-0.008374299967213391
evaluacion,model,180,3,neto,609300,2.23232015522774,0.9732199019592883,-0.008809468904916582
evaluacion,model,180,4,neto,568680,2.2302606866593395,0.9769626588642173,-0.010223281306253947
evaluacion,model,180,5,neto,528060,2.2393069114974145,0.9724859102765627,-0.013738077368156514
evaluacion,model,180,0,salidas,731160,2.052616156276428,0.4513868406526962,-0.11204788479571211
evaluacion,model,180,1,salidas,690540,2.092478771038642,0.4543483057148449,-0.12715426989291204
evaluacion,model,180,2,salidas,649920,2.0860356864593887,0.4598090951879879,-0.13665554130700128
evaluacion,model,180,3,salidas,609300,2.0685912478233095,0.4636032701430773,-0.1524377486034239
evaluacion,model,180,4,salidas,568680,2.071766147915196,0.46240975808918955,-0.17552575082462385
evaluacion,model,180,5,salidas,528060,2.0850367256400535,0.4608756246762166,-0.19793460729192794
seleccion,daily,0,0,llegadas,731160,1.8438632571042286,0.4177379676112569,0.024553086195803882
seleccion,daily,0,1,llegadas,690540,1.8798788794327759,0.4171255958711672,0.01954321027174766
seleccion,daily,0,2,llegadas,649920,1.8896458664458207,0.4227230376670654,0.016027582162159028
seleccion,daily,0,3,llegadas,609300,1.8796701938664158,0.4303582134600843,0.010946074634586892
seleccion,daily,0,4,llegadas,568680,1.8826050447388782,0.4309608491540612,0.005139009718617889
seleccion,daily,0,5,llegadas,528060,1.8913763808959334,0.4291217226803846,-0.0025977089702503716
seleccion,daily,0,0,neto,731160,2.1265915661054824,0.8622445446847679,0.003292425014612685
seleccion,daily,0,1,neto,690540,2.150329884214693,0.8756913456613257,0.002208315824364592
seleccion,daily,0,2,neto,649920,2.133595603129563,0.9013598756031953,0.006327701870999508
seleccion,daily,0,3,neto,609300,2.102483286831883,0.9234872667329881,0.005872661850479363
seleccion,daily,0,4,neto,568680,2.0974931810899315,0.9268516187407511,0.006625389174561221
seleccion,daily,0,5,neto,528060,2.1078098370887766,0.9244386862872784,0.0069542923639946096
seleccion,daily,0,0,salidas,731160,1.9375888926320397,0.43968104290918975,0.0212606611811912
seleccion,daily,0,1,salidas,690540,1.965992781816485,0.440181888544334,0.01733489444738307
seleccion,daily,0,2,salidas,649920,1.9560395485472257,0.4446004631090586,0.00969988029115953
seleccion,daily,0,3,salidas,609300,1.934594823126529,0.44852014841648674,0.005073412784107527
seleccion,daily,0,4,salidas,568680,1.9341696550172407,0.44803332272175705,-0.0014863794559433303
seleccion,daily,0,5,salidas,528060,1.942812405244575,0.44678945405357456,-0.009552001334244985
seleccion,ma,15,0,llegadas,731160,1.891932652897866,0.4286283693944517,-0.022224129217891842
seleccion,ma,15,1,llegadas,690540,1.9463995050959588,0.43188583171457984,-0.02405798656604684
seleccion,ma,15,2,llegadas,649920,1.9665491121370795,0.4399266704758998,-0.02327906647776936
seleccion,ma,15,3,llegadas,609300,1.9654154560183477,0.44998994351186944,-0.02561926771735902
seleccion,ma,15,4,llegadas,568680,1.9751144207453504,0.4521378450140671,-0.03054014736888589
seleccion,ma,15,5,llegadas,528060,1.9880300657357897,0.4510508300546869,-0.03888912996076721
seleccion,ma,15,0,neto,731160,2.2701043034760144,0.9204329983882382,0.008935085276409198
seleccion,ma,15,1,neto,690540,2.2843147032701387,0.9302547628179922,0.009520478127270072
seleccion,ma,15,2,neto,649920,2.2583362463536574,0.954057870712583,0.01739557301490761
seleccion,ma,15,3,neto,609300,2.22529810231996,0.9774320086387863,0.019479069895104537
seleccion,ma,15,4,neto,568680,2.2238783543133636,0.9826993818910932,0.02191276429428124
seleccion,ma,15,5,neto,528060,2.2421599165606296,0.9833616539972543,0.02322117608380951
seleccion,ma,15,0,salidas,731160,1.9921482835577566,0.4520617548310686,-0.03115921449430104
seleccion,ma,15,1,salidas,690540,2.036330779404376,0.455930426840623,-0.033578464693316885
seleccion,ma,15,2,salidas,649920,2.0329562525873164,0.46208334184862465,-0.04067463949267697
seleccion,ma,15,3,salidas,609300,2.0207250773335703,0.46848875059524137,-0.045098337612463554
seleccion,ma,15,4,salidas,568680,2.027177260369378,0.46957771328554165,-0.05245291166316713
seleccion,ma,15,5,salidas,528060,2.041943944504443,0.469586779305279,-0.062110306044576735
seleccion,ma,60,0,llegadas,731160,1.9001482715051505,0.4304896656735837,-0.019401587263398103
seleccion,ma,60,1,llegadas,690540,1.949911929786804,0.43266520226773136,-0.0199500275370172
seleccion,ma,60,2,llegadas,649920,1.9672213363848874,0.44007705033334965,-0.01993155267808136
seleccion,ma,60,3,llegadas,609300,1.9652508595974532,0.44995225848506565,-0.023414692853705073
seleccion,ma,60,4,llegadas,568680,1.9738507431221597,0.4518485673543322,-0.029076805459353223
seleccion,ma,60,5,llegadas,528060,1.9857719265469371,0.4505384959742996,-0.03770936586833004
seleccion,ma,60,0,neto,731160,2.262177082446456,0.9172188395454264,0.009616143293164889
seleccion,ma,60,1,neto,690540,2.27677729055744,0.9271852583993254,0.011630142390936809
seleccion,ma,60,2,neto,649920,2.249759640975434,0.9504345936747629,0.01917294536941835
seleccion,ma,60,3,neto,609300,2.222146298167731,0.9760476214143791,0.020369264436444864
seleccion,ma,60,4,neto,568680,2.220355602715361,0.9811427293830104,0.02245763693336256
seleccion,ma,60,5,neto,528060,2.2404633296481102,0.9826175685731404,0.023297118617110688
seleccion,ma,60,0,salidas,731160,1.9975293903332663,0.45328284494366095,-0.029017730556562985
seleccion,ma,60,1,salidas,690540,2.036396357491116,0.45594510964431145,-0.03158016992795401
seleccion,ma,60,2,salidas,649920,2.0327057841664877,0.4620264113146908,-0.03910449804749973
seleccion,ma,60,3,salidas,609300,2.0206570463888656,0.4684729781714495,-0.043783957290149944
seleccion,ma,60,4,salidas,568680,2.026599395331711,0.4694438559518589,-0.05153444239271579
seleccion,ma,60,5,salidas,528060,2.0401026930858217,0.46916334587759434,-0.061006484485440715
seleccion,ma,180,0,llegadas,731160,1.9028396247132915,0.4310994074290859,-0.009168798703029706
seleccion,ma,180,1,llegadas,690540,1.9508323482286039,0.4328694335590061,-0.011873673242088222
seleccion,ma,180,2,llegadas,649920,1.968029841703622,0.4402579169340044,-0.014545610735773042
seleccion,ma,180,3,llegadas,609300,1.9609814331535544,0.44897475575991147,-0.019490672331237385
seleccion,ma,180,4,llegadas,568680,1.9654550317407895,0.44992664383868075,-0.025497071388619296
seleccion,ma,180,5,llegadas,528060,1.970293409712785,0.4470266789316958,-0.03261273167416494
seleccion,ma,180,0,neto,731160,2.228654631158656,0.9036268780197345,0.014374039610391874
seleccion,ma,180,1,neto,690540,2.252094692151123,0.9171336202895108,0.015522899011217055
seleccion,ma,180,2,neto,649920,2.2374765390394926,0.9452454682300152,0.021507325281462042
seleccion,ma,180,3,neto,609300,2.2108985034924453,0.9711071801625939,0.022518634800185705
seleccion,ma,180,4,neto,568680,2.209428725615868,0.9763143018969274,0.024181948197079806
seleccion,ma,180,5,neto,528060,2.2174398722493254,0.972519990349044,0.02459384475027245
seleccion,ma,180,0,salidas,731160,1.997038118092991,0.4531713645920869,-0.02354283831342156
seleccion,ma,180,1,salidas,690540,2.0356463946987584,0.45577719446103543,-0.02739657225330529
seleccion,ma,180,2,salidas,649920,2.0319945218361872,0.4618647440510209,-0.03605293601723508
seleccion,ma,180,3,salidas,609300,2.0153573633520354,0.4672442895624323,-0.0420093071314231
seleccion,ma,180,4,salidas,568680,2.0155420709373324,0.4668825243871872,-0.04967901958569909
seleccion,ma,180,5,salidas,528060,2.0198063555613324,0.4644957878893015,-0.057206576424437376
seleccion,model,15,0,llegadas,731160,1.8685980626661043,0.4233417819748584,-0.06795267722551344
seleccion,model,15,1,llegadas,690540,1.9161219674864305,0.4251675606307019,-0.08392174865356943
seleccion,model,15,2,llegadas,649920,1.930282300503018,0.43181360704286353,-0.08754860558653317
seleccion,model,15,3,llegadas,609300,1.9258119051648799,0.4409225478338458,-0.08900320559972771
seleccion,model,15,4,llegadas,568680,1.9369766059833773,0.44340743972771574,-0.10001414838257448
seleccion,model,15,5,llegadas,528060,1.956861345413109,0.4439791678018908,-0.11631435061801103
seleccion,model,15,0,neto,731160,2.2493497969603924,0.9120179081067074,-0.008840061945020393
seleccion,model,15,1,neto,690540,2.2576646022767024,0.9194018871860863,-0.012736423840224232
seleccion,model,15,2,neto,649920,2.231428236975014,0.9426902994864855,-0.012491508430759747
seleccion,model,15,3,neto,609300,2.198233326299862,0.965544172864737,-0.011975816445296043
seleccion,model,15,4,neto,568680,2.1969882282853455,0.9708170277256983,-0.011868483681357792
seleccion,model,15,5,neto,528060,2.215539708664192,0.9716866207075028,-0.01289053478046899
seleccion,model,15,0,salidas,731160,1.9709400008522129,0.447249134417241,-0.05911261528049306
seleccion,model,15,1,salidas,690540,2.0081117720899764,0.44961224701443775,-0.07118532481334519
seleccion,model,15,2,salidas,649920,2.0011277957803517,0.454848852828741,-0.07505709715577344
seleccion,model,15,3,salidas,609300,1.9870330351446974,0.46067752336442225,-0.0770273891544317
seleccion,model,15,4,salidas,568680,1.9937369134075498,0.46183155217531435,-0.08814566470121665
seleccion,model,15,5,salidas,528060,2.0128087049026315,0.46288653497892335,-0.10342381583754201
seleccion,model,60,0,llegadas,731160,1.8717882653309517,0.4240645409822558,-0.04578702248154216
seleccion,model,60,1,llegadas,690540,1.915681466775426,0.4250698180986857,-0.05672545374062803
seleccion,model,60,2,llegadas,649920,1.927582792744913,0.43120971393253255,-0.06198543111963236
seleccion,model,60,3,llegadas,609300,1.9249163765368877,0.4407175128752118,-0.06655509951646316
seleccion,model,60,4,llegadas,568680,1.9365414417643574,0.44330782311302835,-0.07723106541119107
seleccion,model,60,5,llegadas,528060,1.9547873387615524,0.4435086103199659,-0.09081376958381013
seleccion,model,60,0,neto,731160,2.2355576397704113,0.9064257612713492,-0.0034698807911372202
seleccion,model,60,1,neto,690540,2.2489474800185616,0.9158519627877126,-0.005210047822232803
seleccion,model,60,2,neto,649920,2.2217335917615273,0.938594694775439,-0.003817788775575046
seleccion,model,60,3,neto,609300,2.194290979740902,0.963812550610686,-0.004092570315155409
seleccion,model,60,4,neto,568680,2.193263815285695,0.9691712639879628,-0.002872902745276655
seleccion,model,60,5,neto,528060,2.2137420022670637,0.9708981865182086,-0.0033672760383605207
seleccion,model,60,0,salidas,731160,1.9725401984255475,0.4476122540349164,-0.04231714169040494
seleccion,model,60,1,salidas,690540,2.0061650820694275,0.44917638697589574,-0.05151540591839522
seleccion,model,60,2,salidas,649920,2.000094354435572,0.45461395548178984,-0.05816764234405729
seleccion,model,60,3,salidas,609300,1.986454447919803,0.46054338260022737,-0.06246252920130778
seleccion,model,60,4,salidas,568680,1.9929516714394628,0.46164965780674644,-0.0743581626659144
seleccion,model,60,5,salidas,528060,2.0104547020825865,0.4623451838778241,-0.08744649354544957
seleccion,model,180,0,llegadas,731160,1.868802078513445,0.42338800295415285,-0.03821568055978848
seleccion,model,180,1,llegadas,690540,1.9120526788636374,0.42426462775554424,-0.048894479588270784
seleccion,model,180,2,llegadas,649920,1.9269278896092097,0.4310632088927163,-0.055024928163672014
seleccion,model,180,3,llegadas,609300,1.9225615822918285,0.44017837305819674,-0.05836529570086448
seleccion,model,180,4,llegadas,568680,1.930508863584674,0.44192686165105305,-0.06682575479278327
seleccion,model,180,5,llegadas,528060,1.9409025397836774,0.44035838125046994,-0.07598708679154922
seleccion,model,180,0,neto,731160,2.202252728703447,0.8929220032689172,-0.0018429582767080827
seleccion,model,180,1,neto,690540,2.22401783941136,0.9056997202455661,-0.0030896171014897418
seleccion,model,180,2,neto,649920,2.21029382723414,0.9337618460780518,-0.0027452073837733976
seleccion,model,180,3,neto,609300,2.1845939514225443,0.9595532624473797,-0.003359706730575311
seleccion,model,180,4,neto,568680,2.184499857377845,0.9652985989196333,-0.0028370408895390955
seleccion,model,180,5,neto,528060,2.1923635484456243,0.9615220704104858,-0.0033882419692285682
seleccion,model,180,0,salidas,731160,1.9684517523834593,0.44668449674517396,-0.0363727222830804
seleccion,model,180,1,salidas,690540,2.0024651076878466,0.4483479700427751,-0.04580486248678104
seleccion,model,180,2,salidas,649920,1.9982951712253407,0.45420500787688034,-0.052279720779898634
seleccion,model,180,3,salidas,609300,1.9826148629097187,0.4596532058986286,-0.05500558897028915
seleccion,model,180,4,salidas,568680,1.9848958622484165,0.45978360073687435,-0.06398871390324416
seleccion,model,180,5,salidas,528060,1.9923814333657286,0.45818886603613723,-0.07259884482232071
