split,target,variant,refresh_min,n,mae,wape
evaluacion,llegadas,daily,0,192945,1.8753155059338031,0.4290462828750348
evaluacion,llegadas,ma,15,5036880,1.930026446614509,0.4241465467882951
evaluacion,llegadas,ma,60,1259220,2.0081178974262635,0.44130808322920445
evaluacion,llegadas,ma,180,528060,1.9799673195353515,0.4401349873642867
evaluacion,llegadas,model,15,5036880,1.914633628585581,0.4207637897158401
evaluacion,llegadas,model,60,1259220,1.9880916666438881,0.43690707792358835
evaluacion,llegadas,model,180,528060,1.959872918264168,0.43566812118810117
evaluacion,llegadas,oracle,15,5036880,0.0,
evaluacion,llegadas,oracle,60,1259220,0.0,
evaluacion,llegadas,oracle,180,528060,0.0,
evaluacion,neto,daily,0,192945,2.1018499673951867,0.8664526757064751
evaluacion,neto,ma,15,5036880,2.206908837894517,0.9272987974587841
evaluacion,neto,ma,60,1259220,2.285280797952146,0.960229122023192
evaluacion,neto,ma,180,528060,2.2431321151189207,0.9475119245753002
evaluacion,neto,model,15,5036880,2.1893045249655687,0.9199018185130309
evaluacion,neto,model,60,1259220,2.2656191937590076,0.9519677105813846
evaluacion,neto,model,180,528060,2.2241505825507737,0.9394940158958197
evaluacion,neto,oracle,15,5036880,0.0,
evaluacion,neto,oracle,60,1259220,0.0,
evaluacion,neto,oracle,180,528060,0.0,
evaluacion,salidas,daily,0,192945,1.9716572027085864,0.4504704557933923
evaluacion,salidas,ma,15,5036880,2.005748633263557,0.4448655517858949
evaluacion,salidas,ma,60,1259220,2.0873966989334694,0.4629747062353217
evaluacion,salidas,ma,180,528060,2.0595399506886998,0.46192316081405854
evaluacion,salidas,model,15,5036880,1.9893630411801961,0.4412313050300378
evaluacion,salidas,model,60,1259220,2.0672646494033167,0.4585095129532304
evaluacion,salidas,model,180,528060,2.039991710648024,0.4575387909818922
evaluacion,salidas,oracle,15,5036880,0.0,
evaluacion,salidas,oracle,60,1259220,0.0,
evaluacion,salidas,oracle,180,528060,0.0,
seleccion,llegadas,daily,0,192945,1.7796902330588709,0.4203069010472029
seleccion,llegadas,ma,15,5036880,1.8621989805102885,0.4234508967157602
seleccion,llegadas,ma,60,1259220,1.9361233717524977,0.44026078120624695
seleccion,llegadas,ma,180,528060,1.904957918985689,0.43811017982439693
seleccion,llegadas,model,15,5036880,1.835140158532447,0.4172979116961629
seleccion,llegadas,model,60,1259220,1.904402385981345,0.43304765306576126
seleccion,llegadas,model,180,528060,1.8750384453720765,0.431229174299566
seleccion,llegadas,oracle,15,5036880,0.0,
seleccion,llegadas,oracle,60,1259220,0.0,
seleccion,llegadas,oracle,180,528060,0.0,
seleccion,neto,daily,0,192945,2.065454095711607,0.8592624290567237
seleccion,neto,ma,15,5036880,2.1655091401813524,0.9171596914581687
seleccion,neto,ma,60,1259220,2.242215317815956,0.9496471157349357
seleccion,neto,ma,180,528060,2.203305286394554,0.9375759620784117
seleccion,neto,model,15,5036880,2.1415464740986994,0.907010765728379
seleccion,neto,model,60,1259220,2.2159236549731847,0.9385117882808206
seleccion,neto,model,180,528060,2.1781213747664983,0.9268594125746386
seleccion,neto,oracle,15,5036880,0.0,
seleccion,neto,oracle,60,1259220,0.0,
seleccion,neto,oracle,180,528060,0.0,
seleccion,salidas,daily,0,192945,1.8750291836945927,0.44212053342256935
seleccion,salidas,ma,15,5036880,1.9317040632794473,0.44331876111973595
seleccion,salidas,ma,60,1259220,2.0090976623193098,0.4610802987678483
seleccion,salidas,ma,180,528060,1.979165262246683,0.45907511350700525
seleccion,salidas,model,15,5036880,1.907463746644293,0.43775570032583616
seleccion,salidas,model,60,1259220,1.9812243091628416,0.4546834698619752
seleccion,salidas,model,180,528060,1.9531800814463272,0.45304774931818464
seleccion,salidas,oracle,15,5036880,0.0,
seleccion,salidas,oracle,60,1259220,0.0,
seleccion,salidas,oracle,180,528060,0.0,
