mes,variante,k,objetivo,n,mae,wape,sesgo
2025-08,ma_diaria,0,salidas,1636986,1.5025371917942325,0.3828847576473746,-0.08042990062059735
2025-08,ma_diaria,0,llegadas,1636986,1.4287079754617136,0.3645105774221041,-0.07982296523673346
2025-08,ma_diaria,0,neto,1636986,1.5944308814632646,0.8109069816442677,0.0006069353838638869
2025-08,ma_diaria,1,salidas,1553038,1.551178502991028,0.38090210349382747,-0.08588262751417451
2025-08,ma_diaria,1,llegadas,1553038,1.4788086826338536,0.36229387379129707,-0.08511529611105938
2025-08,ma_diaria,1,neto,1553038,1.6403356797825044,0.8144116426836963,0.0007673314031151305
2025-08,ma_diaria,2,salidas,1469090,1.5765786710737502,0.38067612722049854,-0.0932144876081714
2025-08,ma_diaria,2,llegadas,1469090,1.5086951897453749,0.36113891519177077,-0.09267525424438658
2025-08,ma_diaria,2,neto,1469090,1.6608238133576974,0.8277514601052881,0.0005392333637848171
2025-08,ma_diaria,3,salidas,1385142,1.572205898309674,0.3829689833633844,-0.10112671389997906
2025-08,ma_diaria,3,llegadas,1385142,1.5156358994501795,0.36329847899946355,-0.10138465165248933
2025-08,ma_diaria,3,neto,1385142,1.6521186134444033,0.8518379862720643,-0.0002579377525102724
2025-08,ma_diaria,4,salidas,1301194,1.5503622713867913,0.38542215096657106,-0.10653048909044674
2025-08,ma_diaria,4,llegadas,1301194,1.5058647408340475,0.3675954532639144,-0.10703390643448625
2025-08,ma_diaria,4,neto,1301194,1.6264767627301486,0.8748344174453717,-0.0005034173440395043
2025-08,ma_diaria,5,salidas,1217246,1.539808734388803,0.3862370268259936,-0.11137679487711304
2025-08,ma_diaria,5,llegadas,1217246,1.496478056331628,0.36953574545385454,-0.11081757676607228
2025-08,ma_diaria,5,neto,1217246,1.612200063924219,0.8834809913418646,0.0005592181110407621
2025-08,lgbm_diario,0,salidas,1636986,1.4690998100540051,0.37436406087268675,-0.09026868133005679
2025-08,lgbm_diario,0,llegadas,1636986,1.3950960388772786,0.3559350626051534,-0.09379511569696894
2025-08,lgbm_diario,0,neto,1636986,1.5732618346630718,0.8001406774760514,-0.003526434366912031
2025-08,lgbm_diario,1,salidas,1553038,1.5154386477175417,0.37212594650996894,-0.09917798733046367
2025-08,lgbm_diario,1,llegadas,1553038,1.4423503403987261,0.3533619313463503,-0.10297336917730406
2025-08,lgbm_diario,1,neto,1553038,1.618967447456835,0.8038025110260207,-0.0037953818468403158
2025-08,lgbm_diario,2,salidas,1469090,1.5399660353583509,0.3718357460665529,-0.10919856604884341
2025-08,lgbm_diario,2,llegadas,1469090,1.4712779886268375,0.3521822965763555,-0.11376865626261301
2025-08,lgbm_diario,2,neto,1469090,1.640073423647879,0.8174095049611534,-0.004570090213769516
2025-08,lgbm_diario,3,salidas,1385142,1.5362870795523116,0.37421962456889696,-0.11459363631274519
2025-08,lgbm_diario,3,llegadas,1385142,1.479194023601376,0.3545633480405305,-0.12199510845218496
2025-08,lgbm_diario,3,neto,1385142,1.632572743123374,0.8417600689368869,-0.007401472139439612
2025-08,lgbm_diario,4,salidas,1301194,1.5158556959610674,0.37684376979171424,-0.1160812626822835
2025-08,lgbm_diario,4,llegadas,1301194,1.4704705907275712,0.3589554152190134,-0.12441370614553217
2025-08,lgbm_diario,4,neto,1301194,1.607832047913703,0.8648059690846946,-0.008332443463248525
2025-08,lgbm_diario,5,salidas,1217246,1.507880353804429,0.378228290083003,-0.1218201176875677
2025-08,lgbm_diario,5,llegadas,1217246,1.4632305469797688,0.3613257064888057,-0.12810587338679427
2025-08,lgbm_diario,5,neto,1217246,1.5934409797279743,0.8732010672349129,-0.006285755699226453
2025-08,oraculo_diario,0,salidas,1636986,0.0,0.0,0.0
2025-08,oraculo_diario,0,llegadas,1636986,0.0,0.0,0.0
2025-08,oraculo_diario,0,neto,1636986,0.0,0.0,0.0
2025-08,oraculo_diario,1,salidas,1553038,0.0,0.0,0.0
2025-08,oraculo_diario,1,llegadas,1553038,0.0,0.0,0.0
2025-08,oraculo_diario,1,neto,1553038,0.0,0.0,0.0
2025-08,oraculo_diario,2,salidas,1469090,0.0,0.0,0.0
2025-08,oraculo_diario,2,llegadas,1469090,0.0,0.0,0.0
2025-08,oraculo_diario,2,neto,1469090,0.0,0.0,0.0
2025-08,oraculo_diario,3,salidas,1385142,0.0,0.0,0.0
2025-08,oraculo_diario,3,llegadas,1385142,0.0,0.0,0.0
2025-08,oraculo_diario,3,neto,1385142,0.0,0.0,0.0
2025-08,oraculo_diario,4,salidas,1301194,0.0,0.0,0.0
2025-08,oraculo_diario,4,llegadas,1301194,0.0,0.0,0.0
2025-08,oraculo_diario,4,neto,1301194,0.0,0.0,0.0
2025-08,oraculo_diario,5,salidas,1217246,0.0,0.0,0.0
2025-08,oraculo_diario,5,llegadas,1217246,0.0,0.0,0.0
2025-08,oraculo_diario,5,neto,1217246,0.0,0.0,0.0
2025-08,lgbm_directo,0,salidas,1636986,1.7257278663779965,0.43922806307528744,-0.07860198092229413
2025-08,lgbm_directo,0,llegadas,1636986,1.6328935703060623,0.4161246167781937,-0.08343486604439283
2025-08,lgbm_directo,0,neto,1636986,1.9660184373842002,0.8723359152054019,-0.004832885122098737
2025-08,lgbm_directo,1,salidas,1553038,1.7903160022310456,0.4384158258642632,-0.09371505332716847
2025-08,lgbm_directo,1,llegadas,1553038,1.6984842773518842,0.41513788668471846,-0.09291421566629342
2025-08,lgbm_directo,1,neto,1553038,2.0187946844865903,0.8720238225142495,0.0008008376608751668
2025-08,lgbm_directo,2,salidas,1469090,1.823396789605975,0.4387274085180927,-0.09841394382897889
2025-08,lgbm_directo,2,llegadas,1469090,1.737134085936087,0.41465690139750505,-0.10353021868524706
2025-08,lgbm_directo,2,neto,1469090,2.0416287595538423,0.8819798106537781,-0.005116274856268092
2025-08,lgbm_directo,3,salidas,1385142,1.8169564513058594,0.4417778686637058,-0.103297103786914
2025-08,lgbm_directo,3,llegadas,1385142,1.7481683651694904,0.41817150808148495,-0.11090756482832796
2025-08,lgbm_directo,3,neto,1385142,2.0291062189408637,0.9041303002378179,-0.007610461041414025
2025-08,lgbm_directo,4,salidas,1301194,1.7910736865864116,0.44573925728638003,-0.10441189792498805
2025-08,lgbm_directo,4,llegadas,1301194,1.7356196479882169,0.42487441159084327,-0.11098285028300332
2025-08,lgbm_directo,4,neto,1301194,1.995844003404289,0.9260017500980173,-0.006570952358015197
2025-08,lgbm_directo,5,salidas,1217246,1.7829929885446891,0.4472845814803965,-0.11284530277152888
2025-08,lgbm_directo,5,llegadas,1217246,1.7305919520339823,0.42759134586408637,-0.11702462145897496
2025-08,lgbm_directo,5,neto,1217246,1.9804159607369312,0.9318818240075777,-0.004179318687446197
2025-08,oraculo_directo,0,salidas,1636986,0.0,0.0,0.0
2025-08,oraculo_directo,0,llegadas,1636986,0.0,0.0,0.0
2025-08,oraculo_directo,0,neto,1636986,0.0,0.0,0.0
2025-08,oraculo_directo,1,salidas,1553038,0.0,0.0,0.0
2025-08,oraculo_directo,1,llegadas,1553038,0.0,0.0,0.0
2025-08,oraculo_directo,1,neto,1553038,0.0,0.0,0.0
2025-08,oraculo_directo,2,salidas,1469090,0.0,0.0,0.0
2025-08,oraculo_directo,2,llegadas,1469090,0.0,0.0,0.0
2025-08,oraculo_directo,2,neto,1469090,0.0,0.0,0.0
2025-08,oraculo_directo,3,salidas,1385142,0.0,0.0,0.0
2025-08,oraculo_directo,3,llegadas,1385142,0.0,0.0,0.0
2025-08,oraculo_directo,3,neto,1385142,0.0,0.0,0.0
2025-08,oraculo_directo,4,salidas,1301194,0.0,0.0,0.0
2025-08,oraculo_directo,4,llegadas,1301194,0.0,0.0,0.0
2025-08,oraculo_directo,4,neto,1301194,0.0,0.0,0.0
2025-08,oraculo_directo,5,salidas,1217246,0.0,0.0,0.0
2025-08,oraculo_directo,5,llegadas,1217246,0.0,0.0,0.0
2025-08,oraculo_directo,5,neto,1217246,0.0,0.0,0.0
2025-09,ma_diaria,0,salidas,1584180,1.594631468925844,0.3992979252861161,-0.01153913317106779
2025-09,ma_diaria,0,llegadas,1584180,1.5169952533512208,0.3803063301114244,-0.011896534406782535
2025-09,ma_diaria,0,neto,1584180,1.618425634295401,0.8131043935543774,-0.000357401235714745
2025-09,ma_diaria,1,salidas,1502940,1.6459783589381385,0.39756015190788513,-0.009714569498511802
2025-09,ma_diaria,1,llegadas,1502940,1.5705868552867563,0.3783050026270911,-0.01113652889286195
2025-09,ma_diaria,1,neto,1502940,1.664314180171298,0.816982648733984,-0.0014219593943501476
2025-09,ma_diaria,2,salidas,1421700,1.6691880773459178,0.39774393371014993,-0.0024822184948144923
2025-09,ma_diaria,2,llegadas,1421700,1.5999010837892185,0.3774521600144059,-0.005475966191327917
2025-09,ma_diaria,2,neto,1421700,1.6816101164905686,0.8310562083370469,-0.002993747696513425
2025-09,ma_diaria,3,salidas,1340460,1.6609399052366103,0.40076554075073567,0.00285444280123119
2025-09,ma_diaria,3,llegadas,1340460,1.6040444358082782,0.3804347368501858,0.0010845417446857695
2025-09,ma_diaria,3,neto,1340460,1.6707324662778065,0.8561015287145972,-0.0017699010565454202
2025-09,ma_diaria,4,salidas,1259220,1.6402647570530213,0.40432134998685615,-0.0009112961613839021
2025-09,ma_diaria,4,llegadas,1259220,1.5949885528131655,0.3860726246107361,4.284107416737566e-05
2025-09,ma_diaria,4,neto,1259220,1.6462049348464942,0.8807547190417536,0.0009541372355512778
2025-09,ma_diaria,5,salidas,1177980,1.6342543821216493,0.40582598920857554,-0.007006421075892648
2025-09,ma_diaria,5,llegadas,1177980,1.5880978961240557,0.3884499068043379,-0.005922184761984688
2025-09,ma_diaria,5,neto,1177980,1.6330173082168258,0.8888792139582534,0.0010842363139079599
2025-09,lgbm_diario,0,salidas,1584180,1.5772109079394199,0.3949357927214771,-0.01642486579714759
2025-09,lgbm_diario,0,llegadas,1584180,1.5007659966599067,0.3762377023163967,-0.021335534753081527
2025-09,lgbm_diario,0,neto,1584180,1.6061491999158926,0.8069366571322425,-0.004910668955933984
2025-09,lgbm_diario,1,salidas,1502940,1.6269154455311174,0.3929558053751693,-0.017711609737959048
2025-09,lgbm_diario,1,llegadas,1502940,1.5523393639249752,0.3739097555611171,-0.024225503994150698
2025-09,lgbm_diario,1,neto,1502940,1.6517955059213156,0.8108374510488114,-0.0065138942561916826
2025-09,lgbm_diario,2,salidas,1421700,1.648920094312356,0.39291435973370653,-0.013500935671107366
2025-09,lgbm_diario,2,llegadas,1421700,1.5807036240781505,0.3729230533664059,-0.02201231365302605
2025-09,lgbm_diario,2,neto,1421700,1.6685058071522776,0.8245800236823758,-0.008511377981918679
2025-09,lgbm_diario,3,salidas,1340460,1.6398404554170911,0.3956744881546707,-0.00691232351441853
2025-09,lgbm_diario,3,llegadas,1340460,1.5844010562075315,0.3757758734281804,-0.01544237779440828
2025-09,lgbm_diario,3,neto,1340460,1.6571866138196507,0.84916048624895,-0.008530054279989716
2025-09,lgbm_diario,4,salidas,1259220,1.6197453248190783,0.3992633588874818,-0.007086932553150433
2025-09,lgbm_diario,4,llegadas,1259220,1.5760096949383158,0.3814787248871713,-0.013188412178589192
2025-09,lgbm_diario,4,neto,1259220,1.6325769339838918,0.8734634481818705,-0.006101479625438787
2025-09,lgbm_diario,5,salidas,1177980,1.616276478841995,0.40136162890936067,-0.013609116143988435
2025-09,lgbm_diario,5,llegadas,1177980,1.5723697362421638,0.3846027873948633,-0.018187285562312718
2025-09,lgbm_diario,5,neto,1177980,1.6196111367971375,0.8815820058675846,-0.004578169418324304
2025-09,oraculo_diario,0,salidas,1584180,0.0,0.0,0.0
2025-09,oraculo_diario,0,llegadas,1584180,0.0,0.0,0.0
2025-09,oraculo_diario,0,neto,1584180,0.0,0.0,0.0
2025-09,oraculo_diario,1,salidas,1502940,0.0,0.0,0.0
2025-09,oraculo_diario,1,llegadas,1502940,0.0,0.0,0.0
2025-09,oraculo_diario,1,neto,1502940,0.0,0.0,0.0
2025-09,oraculo_diario,2,salidas,1421700,0.0,0.0,0.0
2025-09,oraculo_diario,2,llegadas,1421700,0.0,0.0,0.0
2025-09,oraculo_diario,2,neto,1421700,0.0,0.0,0.0
2025-09,oraculo_diario,3,salidas,1340460,0.0,0.0,0.0
2025-09,oraculo_diario,3,llegadas,1340460,0.0,0.0,0.0
2025-09,oraculo_diario,3,neto,1340460,0.0,0.0,0.0
2025-09,oraculo_diario,4,salidas,1259220,0.0,0.0,0.0
2025-09,oraculo_diario,4,llegadas,1259220,0.0,0.0,0.0
2025-09,oraculo_diario,4,neto,1259220,0.0,0.0,0.0
2025-09,oraculo_diario,5,salidas,1177980,0.0,0.0,0.0
2025-09,oraculo_diario,5,llegadas,1177980,0.0,0.0,0.0
2025-09,oraculo_diario,5,neto,1177980,0.0,0.0,0.0
2025-09,lgbm_directo,0,salidas,1584180,1.810329958985538,0.4527287382356926,-0.01417168598236429
2025-09,lgbm_directo,0,llegadas,1584180,1.709334381631715,0.4280253424840785,-0.015183901900342807
2025-09,lgbm_directo,0,neto,1584180,1.9921021402239694,0.8745339248729309,-0.0010122159179785238
2025-09,lgbm_directo,1,salidas,1502940,1.882371785146477,0.4532958377558092,-0.016710729482723365
2025-09,lgbm_directo,1,llegadas,1502940,1.7847266192513584,0.4288371667716994,-0.01798097804442474
2025-09,lgbm_directo,1,neto,1502940,2.0473320566933833,0.8756925506179201,-0.0012702485617015313
2025-09,lgbm_directo,2,salidas,1421700,1.9146148961484013,0.45469181404365194,-0.006901162559315715
2025-09,lgbm_directo,2,llegadas,1421700,1.8263119428343997,0.4297286360439757,-0.01387750414099612
2025-09,lgbm_directo,2,neto,1421700,2.0663117552023897,0.8870258951923312,-0.006976341581680268
2025-09,lgbm_directo,3,salidas,1340460,1.903558826762862,0.45875187808346346,0.0016511141283101923
2025-09,lgbm_directo,3,llegadas,1340460,1.8341564574567493,0.4344166831218169,-0.003698841113832002
2025-09,lgbm_directo,3,neto,1340460,2.048068035223765,0.9094768807254631,-0.0053499552421423435
2025-09,lgbm_directo,4,salidas,1259220,1.8788648893556452,0.4636939492104077,0.0004776031527318521
2025-09,lgbm_directo,4,llegadas,1259220,1.8232254192298996,0.442639002729411,-0.0009074714058397593
2025-09,lgbm_directo,4,neto,1259220,2.014632018398682,0.9317648574118139,-0.0013850745585716252
2025-09,lgbm_directo,5,salidas,1177980,1.8754998234792253,0.4657433912166446,-0.00817446690008261
2025-09,lgbm_directo,5,llegadas,1177980,1.8207226536073549,0.4456785261799496,-0.008142174923671192
2025-09,lgbm_directo,5,neto,1177980,2.0007091280046168,0.9376380126899969,3.229197641146295e-05
2025-09,oraculo_directo,0,salidas,1584180,0.0,0.0,0.0
2025-09,oraculo_directo,0,llegadas,1584180,0.0,0.0,0.0
2025-09,oraculo_directo,0,neto,1584180,0.0,0.0,0.0
2025-09,oraculo_directo,1,salidas,1502940,0.0,0.0,0.0
2025-09,oraculo_directo,1,llegadas,1502940,0.0,0.0,0.0
2025-09,oraculo_directo,1,neto,1502940,0.0,0.0,0.0
2025-09,oraculo_directo,2,salidas,1421700,0.0,0.0,0.0
2025-09,oraculo_directo,2,llegadas,1421700,0.0,0.0,0.0
2025-09,oraculo_directo,2,neto,1421700,0.0,0.0,0.0
2025-09,oraculo_directo,3,salidas,1340460,0.0,0.0,0.0
2025-09,oraculo_directo,3,llegadas,1340460,0.0,0.0,0.0
2025-09,oraculo_directo,3,neto,1340460,0.0,0.0,0.0
2025-09,oraculo_directo,4,salidas,1259220,0.0,0.0,0.0
2025-09,oraculo_directo,4,llegadas,1259220,0.0,0.0,0.0
2025-09,oraculo_directo,4,neto,1259220,0.0,0.0,0.0
2025-09,oraculo_directo,5,salidas,1177980,0.0,0.0,0.0
2025-09,oraculo_directo,5,llegadas,1177980,0.0,0.0,0.0
2025-09,oraculo_directo,5,neto,1177980,0.0,0.0,0.0
2025-10,ma_diaria,0,salidas,1636986,1.6299647474172445,0.38138861716000627,-0.13154644907328844
2025-10,ma_diaria,0,llegadas,1636986,1.5499704683260724,0.363122237196305,-0.13037756455507707
2025-10,ma_diaria,0,neto,1636986,1.6425753141105521,0.7916242233588701,0.0011688845182113744
2025-10,ma_diaria,1,salidas,1553038,1.6845700790108955,0.3803942151620827,-0.13830163528436837
2025-10,ma_diaria,1,llegadas,1553038,1.606343037199637,0.36172522088905795,-0.1369433345669198
2025-10,ma_diaria,1,neto,1553038,1.6896424982903997,0.7967354886727226,0.0013583007174485771
2025-10,ma_diaria,2,salidas,1469090,1.7154813138980702,0.3824701843999258,-0.1459622033455912
2025-10,ma_diaria,2,llegadas,1469090,1.6430825626933026,0.3627160261457422,-0.14427025543610902
2025-10,ma_diaria,2,neto,1469090,1.7100132115358937,0.8137726304252353,0.001691947909482166
2025-10,ma_diaria,3,salidas,1385142,1.7142102755846653,0.3869297910022149,-0.15429614882315268
2025-10,ma_diaria,3,llegadas,1385142,1.655960779811927,0.36756735006080643,-0.15246581492093042
2025-10,ma_diaria,3,neto,1385142,1.7006395523822375,0.8409791856369148,0.0018303339022222465
2025-10,ma_diaria,4,salidas,1301194,1.698262938238745,0.390436927817049,-0.16382787877174448
2025-10,ma_diaria,4,llegadas,1301194,1.6515768779159312,0.37323365787882173,-0.16232631186700527
2025-10,ma_diaria,4,neto,1301194,1.6767120024512518,0.8639935613424121,0.0015015669047392186
2025-10,ma_diaria,5,salidas,1217246,1.697385931999534,0.3913071593092207,-0.17496432186651245
2025-10,ma_diaria,5,llegadas,1217246,1.6511817038241647,0.37550034534829146,-0.17361590104622582
2025-10,ma_diaria,5,neto,1217246,1.6685440545048198,0.8719572142366903,0.0013484208202866144
2025-10,lgbm_diario,0,salidas,1636986,1.6064748960529665,0.3758923253271236,-0.14538561772521397
2025-10,lgbm_diario,0,llegadas,1636986,1.5267796666422833,0.3576891686560456,-0.14342253510323627
2025-10,lgbm_diario,0,neto,1636986,1.6256933109964693,0.7834880956031912,0.0019630826219779927
2025-10,lgbm_diario,1,salidas,1553038,1.659292048508438,0.37468616140187855,-0.15514717267413328
2025-10,lgbm_diario,1,llegadas,1553038,1.5810757927618206,0.3560354028589936,-0.15342290979085904
2025-10,lgbm_diario,1,neto,1553038,1.6724676393879268,0.7886368408141416,0.0017242628832744775
2025-10,lgbm_diario,2,salidas,1469090,1.6892936732706594,0.37663159457757117,-0.16467779081602027
2025-10,lgbm_diario,2,llegadas,1469090,1.617153363653083,0.3569920678672282,-0.16353324150980222
2025-10,lgbm_diario,2,neto,1469090,1.6925748963231442,0.8054739672657164,0.0011445493062183759
2025-10,lgbm_diario,3,salidas,1385142,1.6886988911282164,0.38117138738248146,-0.1701840405616274
2025-10,lgbm_diario,3,llegadas,1385142,1.6303256304105704,0.36187721292184616,-0.17066882518255488
2025-10,lgbm_diario,3,neto,1385142,1.6831219956873984,0.8323166206960149,-0.00048478462092714926
2025-10,lgbm_diario,4,salidas,1301194,1.6742916117197832,0.3849258312306339,-0.17593640842263683
2025-10,lgbm_diario,4,llegadas,1301194,1.6267401087330173,0.36762088965956186,-0.17697645451767835
2025-10,lgbm_diario,4,neto,1301194,1.6594122116079624,0.8550791455814938,-0.0010400460950410538
2025-10,lgbm_diario,5,salidas,1217246,1.674619002474265,0.38605858127474185,-0.18932705074471692
2025-10,lgbm_diario,5,llegadas,1217246,1.6281056291133191,0.3702525437264972,-0.18898653858221023
2025-10,lgbm_diario,5,neto,1217246,1.65127243138795,0.8629313114817276,0.0003405121625071498
2025-10,oraculo_diario,0,salidas,1636986,0.0,0.0,0.0
2025-10,oraculo_diario,0,llegadas,1636986,0.0,0.0,0.0
2025-10,oraculo_diario,0,neto,1636986,0.0,0.0,0.0
2025-10,oraculo_diario,1,salidas,1553038,0.0,0.0,0.0
2025-10,oraculo_diario,1,llegadas,1553038,0.0,0.0,0.0
2025-10,oraculo_diario,1,neto,1553038,0.0,0.0,0.0
2025-10,oraculo_diario,2,salidas,1469090,0.0,0.0,0.0
2025-10,oraculo_diario,2,llegadas,1469090,0.0,0.0,0.0
2025-10,oraculo_diario,2,neto,1469090,0.0,0.0,0.0
2025-10,oraculo_diario,3,salidas,1385142,0.0,0.0,0.0
2025-10,oraculo_diario,3,llegadas,1385142,0.0,0.0,0.0
2025-10,oraculo_diario,3,neto,1385142,0.0,0.0,0.0
2025-10,oraculo_diario,4,salidas,1301194,0.0,0.0,0.0
2025-10,oraculo_diario,4,llegadas,1301194,0.0,0.0,0.0
2025-10,oraculo_diario,4,neto,1301194,0.0,0.0,0.0
2025-10,oraculo_diario,5,salidas,1217246,0.0,0.0,0.0
2025-10,oraculo_diario,5,llegadas,1217246,0.0,0.0,0.0
2025-10,oraculo_diario,5,neto,1217246,0.0,0.0,0.0
2025-10,lgbm_directo,0,salidas,1636986,1.8468196754275534,0.4315431061925538,-0.12728769222887296
2025-10,lgbm_directo,0,llegadas,1636986,1.736843831503639,0.40640104647498276,-0.12010792891346175
2025-10,lgbm_directo,0,neto,1636986,2.034112173747748,0.8570680683702337,0.007179763315411217
2025-10,lgbm_directo,1,salidas,1553038,1.921320856657849,0.4324785271422239,-0.13882921487474703
2025-10,lgbm_directo,1,llegadas,1553038,1.8144048321582238,0.40751732216747677,-0.1336989119278572
2025-10,lgbm_directo,1,neto,1553038,2.0868226182218454,0.8577749578070076,0.005130302946890068
2025-10,lgbm_directo,2,salidas,1469090,1.9627676396216012,0.4362326141956422,-0.15007393203014568
2025-10,lgbm_directo,2,llegadas,1469090,1.86459122758498,0.4105155319182495,-0.1492516310945991
2025-10,lgbm_directo,2,neto,1469090,2.1069841181307716,0.8712853648752964,0.0008223009355462919
2025-10,lgbm_directo,3,salidas,1385142,1.9602722256522915,0.4419945854138034,-0.1571501904006023
2025-10,lgbm_directo,3,llegadas,1385142,1.883262420364628,0.4174969183657869,-0.15556780401871464
2025-10,lgbm_directo,3,neto,1385142,2.0896117325909542,0.8957920664910924,0.0015823863818878118
2025-10,lgbm_directo,4,salidas,1301194,1.9424453677771158,0.4471551198331215,-0.16570298806975434
2025-10,lgbm_directo,4,llegadas,1301194,1.878729547220852,0.4259071490076429,-0.1630681234686148
2025-10,lgbm_directo,4,neto,1301194,2.0576845742641856,0.9165214084912177,0.0026348646011394917
2025-10,lgbm_directo,5,salidas,1217246,1.944913678717736,0.44847786266359196,-0.1818565597316048
2025-10,lgbm_directo,5,llegadas,1217246,1.8837272652211345,0.42873480398664315,-0.18005624124080533
2025-10,lgbm_directo,5,neto,1217246,2.0485693425538556,0.9217012048831544,0.0018003184907992766
2025-10,oraculo_directo,0,salidas,1636986,0.0,0.0,0.0
2025-10,oraculo_directo,0,llegadas,1636986,0.0,0.0,0.0
2025-10,oraculo_directo,0,neto,1636986,0.0,0.0,0.0
2025-10,oraculo_directo,1,salidas,1553038,0.0,0.0,0.0
2025-10,oraculo_directo,1,llegadas,1553038,0.0,0.0,0.0
2025-10,oraculo_directo,1,neto,1553038,0.0,0.0,0.0
2025-10,oraculo_directo,2,salidas,1469090,0.0,0.0,0.0
2025-10,oraculo_directo,2,llegadas,1469090,0.0,0.0,0.0
2025-10,oraculo_directo,2,neto,1469090,0.0,0.0,0.0
2025-10,oraculo_directo,3,salidas,1385142,0.0,0.0,0.0
2025-10,oraculo_directo,3,llegadas,1385142,0.0,0.0,0.0
2025-10,oraculo_directo,3,neto,1385142,0.0,0.0,0.0
2025-10,oraculo_directo,4,salidas,1301194,0.0,0.0,0.0
2025-10,oraculo_directo,4,llegadas,1301194,0.0,0.0,0.0
2025-10,oraculo_directo,4,neto,1301194,0.0,0.0,0.0
2025-10,oraculo_directo,5,salidas,1217246,0.0,0.0,0.0
2025-10,oraculo_directo,5,llegadas,1217246,0.0,0.0,0.0
2025-10,oraculo_directo,5,neto,1217246,0.0,0.0,0.0
2025-11,ma_diaria,0,salidas,1584180,1.5318023998532464,0.3801730899446376,0.10453369277444821
2025-11,ma_diaria,0,llegadas,1584180,1.4537939847393058,0.3612715068507008,0.10364339339518841
2025-11,ma_diaria,0,neto,1584180,1.598099875301055,0.811330804851371,-0.0008902993792598074
2025-11,ma_diaria,1,salidas,1502940,1.5838674740322503,0.3783704005022823,0.1060271564929371
2025-11,ma_diaria,1,llegadas,1502940,1.5073508396629804,0.3593190703182622,0.10595421807862453
2025-11,ma_diaria,1,neto,1502940,1.6468131143855622,0.8147570749643982,-7.293841431258273e-05
2025-11,ma_diaria,2,salidas,1421700,1.61358191051407,0.3785061116532278,0.10424303859771776
2025-11,ma_diaria,2,llegadas,1421700,1.5429344126819087,0.3588338719590332,0.10489424919103356
2025-11,ma_diaria,2,neto,1421700,1.6715377305042878,0.8288806206765386,0.000651210593315794
2025-11,ma_diaria,3,salidas,1340460,1.6134870798130614,0.3805993661424486,0.10346370519718609
2025-11,ma_diaria,3,llegadas,1340460,1.5556226499329908,0.3613396517153825,0.10349248768652673
2025-11,ma_diaria,3,neto,1340460,1.6674379228365332,0.8520898159617019,2.87824893406427e-05
2025-11,ma_diaria,4,salidas,1259220,1.5978853948632716,0.3819291457798424,0.10557446917840109
2025-11,ma_diaria,4,llegadas,1259220,1.5512326512875099,0.3647140180370571,0.10519143580805562
2025-11,ma_diaria,4,neto,1259220,1.6485352676965315,0.8717270967818285,-0.00038303337034546693
2025-11,ma_diaria,5,salidas,1177980,1.5924188241761672,0.3811030325920159,0.10873485815234313
2025-11,ma_diaria,5,llegadas,1177980,1.545966152467741,0.3648516432160794,0.10897060899753767
2025-11,ma_diaria,5,neto,1177980,1.6416072674714806,0.879060875026703,0.00023575084519454801
2025-11,lgbm_diario,0,salidas,1584180,1.4887118862749835,0.36947859456069054,0.07780472745742312
2025-11,lgbm_diario,0,llegadas,1584180,1.409308583335858,0.3502167713334372,0.0787348758605197
2025-11,lgbm_diario,0,neto,1584180,1.5779266521487008,0.8010891687498961,0.0009301484030966604
2025-11,lgbm_diario,1,salidas,1502940,1.5375208679618175,0.3672986510104217,0.07535089606644653
2025-11,lgbm_diario,1,llegadas,1502940,1.4592130968421388,0.34784409810710015,0.07671532082252613
2025-11,lgbm_diario,1,neto,1502940,1.62639729425312,0.8046563939892446,0.0013644247560797057
2025-11,lgbm_diario,2,salidas,1421700,1.5646537458024825,0.3670287833226123,0.06980416389811299
2025-11,lgbm_diario,2,llegadas,1421700,1.4923496590629866,0.34706958512092917,0.07146213574111096
2025-11,lgbm_diario,2,neto,1421700,1.6511163331724366,0.818754076604811,0.0016579718429981154
2025-11,lgbm_diario,3,salidas,1340460,1.5631432924530022,0.3687239605081694,0.06784767039337801
2025-11,lgbm_diario,3,llegadas,1340460,1.5039135621779174,0.3493286773568237,0.0682642161816949
2025-11,lgbm_diario,3,neto,1340460,1.6470468252822066,0.8416696100131853,0.0004165457883170612
2025-11,lgbm_diario,4,salidas,1259220,1.5469797452659384,0.36976159526052554,0.06928186734980389
2025-11,lgbm_diario,4,llegadas,1259220,1.4995790903091726,0.3525696257986037,0.07010674171950257
2025-11,lgbm_diario,4,neto,1259220,1.6284759202780363,0.8611199371831769,0.0008248743696988127
2025-11,lgbm_diario,5,salidas,1177980,1.5418939662856728,0.36901125355058834,0.06813213928537812
2025-11,lgbm_diario,5,llegadas,1177980,1.4953865991411077,0.35291474982750143,0.07103612271800996
2025-11,lgbm_diario,5,neto,1177980,1.621865021657807,0.8684891407125082,0.002903983432631871
2025-11,oraculo_diario,0,salidas,1584180,0.0,0.0,0.0
2025-11,oraculo_diario,0,llegadas,1584180,0.0,0.0,0.0
2025-11,oraculo_diario,0,neto,1584180,0.0,0.0,0.0
2025-11,oraculo_diario,1,salidas,1502940,0.0,0.0,0.0
2025-11,oraculo_diario,1,llegadas,1502940,0.0,0.0,0.0
2025-11,oraculo_diario,1,neto,1502940,0.0,0.0,0.0
2025-11,oraculo_diario,2,salidas,1421700,0.0,0.0,0.0
2025-11,oraculo_diario,2,llegadas,1421700,0.0,0.0,0.0
2025-11,oraculo_diario,2,neto,1421700,0.0,0.0,0.0
2025-11,oraculo_diario,3,salidas,1340460,0.0,0.0,0.0
2025-11,oraculo_diario,3,llegadas,1340460,0.0,0.0,0.0
2025-11,oraculo_diario,3,neto,1340460,0.0,0.0,0.0
2025-11,oraculo_diario,4,salidas,1259220,0.0,0.0,0.0
2025-11,oraculo_diario,4,llegadas,1259220,0.0,0.0,0.0
2025-11,oraculo_diario,4,neto,1259220,0.0,0.0,0.0
2025-11,oraculo_diario,5,salidas,1177980,0.0,0.0,0.0
2025-11,oraculo_diario,5,llegadas,1177980,0.0,0.0,0.0
2025-11,oraculo_diario,5,neto,1177980,0.0,0.0,0.0
2025-11,lgbm_directo,0,salidas,1584180,1.7498380044500756,0.4338160927498245,0.08507543897102166
2025-11,lgbm_directo,0,llegadas,1584180,1.6450452558591628,0.40837773172848246,0.0860935004551194
2025-11,lgbm_directo,0,neto,1584180,1.9807299232372797,0.8763072293039671,0.0010180614840974932
2025-11,lgbm_directo,1,salidas,1502940,1.8216507547918805,0.4340176933168914,0.08275751471964449
2025-11,lgbm_directo,1,llegadas,1502940,1.7180764794187977,0.4086666364872639,0.0849465415597477
2025-11,lgbm_directo,1,neto,1502940,2.0339697143945044,0.8744664460435413,0.002189026840103022
2025-11,lgbm_directo,2,salidas,1421700,1.8591250766032852,0.4346944909264073,0.07871190676147344
2025-11,lgbm_directo,2,llegadas,1421700,1.764518329119194,0.4092768359683593,0.07903660534736902
2025-11,lgbm_directo,2,neto,1421700,2.059181672161972,0.8843293121360932,0.00032469858589554324
2025-11,lgbm_directo,3,salidas,1340460,1.8577874765581497,0.43768392683464225,0.07721271099929686
2025-11,lgbm_directo,3,llegadas,1340460,1.7826500646933945,0.41361696724516056,0.0792594402821817
2025-11,lgbm_directo,3,neto,1340460,2.0511466354636663,0.9061974265630746,0.0020467292828849244
2025-11,lgbm_directo,4,salidas,1259220,1.838022406776069,0.4396897602853411,0.07587508364566169
2025-11,lgbm_directo,4,llegadas,1259220,1.7778416042780953,0.41907885974344955,0.0796516721462573
2025-11,lgbm_directo,4,neto,1259220,2.0270177777789833,0.9246701480925065,0.003776588500595471
2025-11,lgbm_directo,5,salidas,1177980,1.8339527621408078,0.43893146814723716,0.07066762438988193
2025-11,lgbm_directo,5,llegadas,1177980,1.7775274239300938,0.41977750538655545,0.07459313477282424
2025-11,lgbm_directo,5,neto,1177980,2.0212457529493606,0.930263488330927,0.003925510382942168
2025-11,oraculo_directo,0,salidas,1584180,0.0,0.0,0.0
2025-11,oraculo_directo,0,llegadas,1584180,0.0,0.0,0.0
2025-11,oraculo_directo,0,neto,1584180,0.0,0.0,0.0
2025-11,oraculo_directo,1,salidas,1502940,0.0,0.0,0.0
2025-11,oraculo_directo,1,llegadas,1502940,0.0,0.0,0.0
2025-11,oraculo_directo,1,neto,1502940,0.0,0.0,0.0
2025-11,oraculo_directo,2,salidas,1421700,0.0,0.0,0.0
2025-11,oraculo_directo,2,llegadas,1421700,0.0,0.0,0.0
2025-11,oraculo_directo,2,neto,1421700,0.0,0.0,0.0
2025-11,oraculo_directo,3,salidas,1340460,0.0,0.0,0.0
2025-11,oraculo_directo,3,llegadas,1340460,0.0,0.0,0.0
2025-11,oraculo_directo,3,neto,1340460,0.0,0.0,0.0
2025-11,oraculo_directo,4,salidas,1259220,0.0,0.0,0.0
2025-11,oraculo_directo,4,llegadas,1259220,0.0,0.0,0.0
2025-11,oraculo_directo,4,neto,1259220,0.0,0.0,0.0
2025-11,oraculo_directo,5,salidas,1177980,0.0,0.0,0.0
2025-11,oraculo_directo,5,llegadas,1177980,0.0,0.0,0.0
2025-11,oraculo_directo,5,neto,1177980,0.0,0.0,0.0
2025-12,ma_diaria,0,salidas,1636986,1.6175195886818146,0.4593403168626973,0.5382911793406538
2025-12,ma_diaria,0,llegadas,1636986,1.5791573410061532,0.44922885294731324,0.5387354567039903
2025-12,ma_diaria,0,neto,1636986,1.6144731610829737,0.8788969589994423,0.0004442773633364082
2025-12,ma_diaria,1,salidas,1553038,1.6724403473256872,0.4567975868088545,0.5558733491102439
2025-12,ma_diaria,1,llegadas,1553038,1.6383639114618722,0.446904190691168,0.5595090492685497
2025-12,ma_diaria,1,neto,1553038,1.6639783927985135,0.8808314673891153,0.0036357001583058085
2025-12,ma_diaria,2,salidas,1469090,1.6985334986967056,0.4543237299393816,0.5546005478931011
2025-12,ma_diaria,2,llegadas,1469090,1.6748319666864775,0.44481875156075457,0.5646889849296629
2025-12,ma_diaria,2,neto,1469090,1.6871121807325464,0.8911930200893043,0.010088437036561914
2025-12,ma_diaria,3,salidas,1385142,1.6868163066002813,0.4524288486032052,0.5339170930290524
2025-12,ma_diaria,3,llegadas,1385142,1.6800126769221817,0.4444489237151223,0.5491948076823789
2025-12,ma_diaria,3,neto,1385142,1.679614452696651,0.9124779885898877,0.015277714653326491
2025-12,ma_diaria,4,salidas,1301194,1.660181838732751,0.45078225184220816,0.5135400610140242
2025-12,ma_diaria,4,llegadas,1301194,1.6656074966648484,0.4454546863622612,0.5270955450177994
2025-12,ma_diaria,4,neto,1301194,1.6567454757880324,0.934056491315217,0.013555484003775264
2025-12,ma_diaria,5,salidas,1217246,1.6518108578994533,0.4488051661126921,0.508782995178115
2025-12,ma_diaria,5,llegadas,1217246,1.6600116097836466,0.44537749102589724,0.5176903038190505
2025-12,ma_diaria,5,neto,1217246,1.64821188069118,0.9428141664299696,0.008907308640935392
2025-12,lgbm_diario,0,salidas,1636986,1.5963679791448366,0.4533337206552354,0.5334852108247171
2025-12,lgbm_diario,0,llegadas,1636986,1.5579755377425746,0.4432031853736246,0.5324598219980102
2025-12,lgbm_diario,0,neto,1636986,1.5881186438202903,0.8645499226804656,-0.0010253888267065438
2025-12,lgbm_diario,1,salidas,1553038,1.6486495330742785,0.45029954545530854,0.5479946570430098
2025-12,lgbm_diario,1,llegadas,1553038,1.6143925313961964,0.4403654051789539,0.5498640762535443
2025-12,lgbm_diario,1,neto,1553038,1.6371334209656938,0.8666210088676234,0.0018694192105347023
2025-12,lgbm_diario,2,salidas,1469090,1.6721997514734703,0.4472799793916761,0.5434176927944954
2025-12,lgbm_diario,2,llegadas,1469090,1.6486472547021893,0.43786435187976885,0.5512688517703698
2025-12,lgbm_diario,2,neto,1469090,1.6603867105423398,0.8770756704760881,0.007851158975874777
2025-12,lgbm_diario,3,salidas,1385142,1.6597888599102792,0.44517969139575125,0.5221687749651613
2025-12,lgbm_diario,3,llegadas,1385142,1.6534246811301587,0.4374150445808554,0.5340644775430646
2025-12,lgbm_diario,3,neto,1385142,1.6543724205583823,0.8987648422922543,0.011895702577903872
2025-12,lgbm_diario,4,salidas,1301194,1.6333218610576603,0.4434890741081046,0.5019465322438343
2025-12,lgbm_diario,4,llegadas,1301194,1.640536928427339,0.43874974409133277,0.5129280628617618
2025-12,lgbm_diario,4,neto,1301194,1.6329929092231683,0.9206650323919594,0.010981530617928266
2025-12,lgbm_diario,5,salidas,1217246,1.6246265392212322,0.4414190525018673,0.49338244501579515
2025-12,lgbm_diario,5,llegadas,1217246,1.6354939666376995,0.4387994608929433,0.5011185065508418
2025-12,lgbm_diario,5,neto,1217246,1.6248674258577902,0.9294606146309893,0.007736061535047181
2025-12,oraculo_diario,0,salidas,1636986,0.0,0.0,0.0
2025-12,oraculo_diario,0,llegadas,1636986,0.0,0.0,0.0
2025-12,oraculo_diario,0,neto,1636986,0.0,0.0,0.0
2025-12,oraculo_diario,1,salidas,1553038,0.0,0.0,0.0
2025-12,oraculo_diario,1,llegadas,1553038,0.0,0.0,0.0
2025-12,oraculo_diario,1,neto,1553038,0.0,0.0,0.0
2025-12,oraculo_diario,2,salidas,1469090,0.0,0.0,0.0
2025-12,oraculo_diario,2,llegadas,1469090,0.0,0.0,0.0
2025-12,oraculo_diario,2,neto,1469090,0.0,0.0,0.0
2025-12,oraculo_diario,3,salidas,1385142,0.0,0.0,0.0
2025-12,oraculo_diario,3,llegadas,1385142,0.0,0.0,0.0
2025-12,oraculo_diario,3,neto,1385142,0.0,0.0,0.0
2025-12,oraculo_diario,4,salidas,1301194,0.0,0.0,0.0
2025-12,oraculo_diario,4,llegadas,1301194,0.0,0.0,0.0
2025-12,oraculo_diario,4,neto,1301194,0.0,0.0,0.0
2025-12,oraculo_diario,5,salidas,1217246,0.0,0.0,0.0
2025-12,oraculo_diario,5,llegadas,1217246,0.0,0.0,0.0
2025-12,oraculo_diario,5,neto,1217246,0.0,0.0,0.0
2025-12,lgbm_directo,0,salidas,1636986,1.7497009223114237,0.49635861763915456,0.4262787252632125
2025-12,lgbm_directo,0,llegadas,1636986,1.6721222540464946,0.4751756398444705,0.39749673674568486
2025-12,lgbm_directo,0,neto,1636986,1.9327293126784766,0.9166222172712309,-0.02878198851752729
2025-12,lgbm_directo,1,salidas,1553038,1.8274228721692234,0.4979617251917143,0.454635924076275
2025-12,lgbm_directo,1,llegadas,1553038,1.7492874039345627,0.4762261699300599,0.4228384375428344
2025-12,lgbm_directo,1,neto,1553038,1.9907714527301508,0.9159156243229315,-0.03179748653344113
2025-12,lgbm_directo,2,salidas,1469090,1.8733544929932946,0.4994539020152583,0.4716391212582425
2025-12,lgbm_directo,2,llegadas,1469090,1.8088427340457942,0.4790920872605891,0.44602535072081606
2025-12,lgbm_directo,2,neto,1469090,2.022235797595599,0.9249319848397082,-0.02561377053742599
2025-12,lgbm_directo,3,salidas,1385142,1.8646571315983853,0.49936688358551606,0.45501971725000323
2025-12,lgbm_directo,3,llegadas,1385142,1.8240465912659962,0.4818384087392332,0.43998138029092554
2025-12,lgbm_directo,3,neto,1385142,2.014679149250592,0.9451509252477217,-0.015038336959078155
2025-12,lgbm_directo,4,salidas,1301194,1.8364248433743784,0.4990964399605662,0.4337914018550097
2025-12,lgbm_directo,4,llegadas,1301194,1.8102966955083515,0.48548724143562305,0.4193006493527735
2025-12,lgbm_directo,4,neto,1301194,1.9880956385956055,0.9659409749729548,-0.014490752502235648
2025-12,lgbm_directo,5,salidas,1217246,1.8298596288683877,0.4971911076163707,0.42402260396417735
2025-12,lgbm_directo,5,llegadas,1217246,1.8104537172405588,0.4860560738266046,0.40851845294788103
2025-12,lgbm_directo,5,neto,1217246,1.981648410638955,0.9723555794243898,-0.015504151016296387
2025-12,oraculo_directo,0,salidas,1636986,0.0,0.0,0.0
2025-12,oraculo_directo,0,llegadas,1636986,0.0,0.0,0.0
2025-12,oraculo_directo,0,neto,1636986,0.0,0.0,0.0
2025-12,oraculo_directo,1,salidas,1553038,0.0,0.0,0.0
2025-12,oraculo_directo,1,llegadas,1553038,0.0,0.0,0.0
2025-12,oraculo_directo,1,neto,1553038,0.0,0.0,0.0
2025-12,oraculo_directo,2,salidas,1469090,0.0,0.0,0.0
2025-12,oraculo_directo,2,llegadas,1469090,0.0,0.0,0.0
2025-12,oraculo_directo,2,neto,1469090,0.0,0.0,0.0
2025-12,oraculo_directo,3,salidas,1385142,0.0,0.0,0.0
2025-12,oraculo_directo,3,llegadas,1385142,0.0,0.0,0.0
2025-12,oraculo_directo,3,neto,1385142,0.0,0.0,0.0
2025-12,oraculo_directo,4,salidas,1301194,0.0,0.0,0.0
2025-12,oraculo_directo,4,llegadas,1301194,0.0,0.0,0.0
2025-12,oraculo_directo,4,neto,1301194,0.0,0.0,0.0
2025-12,oraculo_directo,5,salidas,1217246,0.0,0.0,0.0
2025-12,oraculo_directo,5,llegadas,1217246,0.0,0.0,0.0
2025-12,oraculo_directo,5,neto,1217246,0.0,0.0,0.0
2026-01,ma_diaria,0,salidas,1636986,1.523243845018661,0.40981834317820887,-0.46443133692228866
2026-01,ma_diaria,0,llegadas,1636986,1.4841802959899018,0.39970544476130115,-0.465368741437185
2026-01,ma_diaria,0,neto,1636986,1.602529797165457,0.8262887395990807,-0.000937404514896333
2026-01,ma_diaria,1,salidas,1553038,1.5752164845418641,0.40770972116367094,-0.4801768052572531
2026-01,ma_diaria,1,llegadas,1553038,1.5406636139206409,0.3979120031344716,-0.4835485835066312
2026-01,ma_diaria,1,neto,1553038,1.6528466036906235,0.8287635811463445,-0.003371778249378117
2026-01,ma_diaria,2,salidas,1469090,1.6008464454867466,0.406213609696415,-0.47977748240996665
2026-01,ma_diaria,2,llegadas,1469090,1.5765188840544972,0.39671744162574396,-0.4889326604998141
2026-01,ma_diaria,2,neto,1469090,1.6773995399402524,0.839636086886954,-0.00915517808984745
2026-01,ma_diaria,3,salidas,1385142,1.5917467542341404,0.4058758389967264,-0.4601390556972527
2026-01,ma_diaria,3,llegadas,1385142,1.582621911831333,0.39734466510287564,-0.47485759539474814
2026-01,ma_diaria,3,neto,1385142,1.6718906451418016,0.861061336609683,-0.014718539697495394
2026-01,ma_diaria,4,salidas,1301194,1.5672678807644471,0.4053943313807774,-0.4387836623971634
2026-01,ma_diaria,4,llegadas,1301194,1.5691987470746,0.39918432122494907,-0.4518803605171246
2026-01,ma_diaria,4,neto,1301194,1.6506360297311482,0.8821060573989677,-0.013096698119961241
2026-01,ma_diaria,5,salidas,1217246,1.5570310681170205,0.40338490114136655,-0.43262618941510184
2026-01,ma_diaria,5,llegadas,1217246,1.5613850832223626,0.398907112660088,-0.441438513486265
2026-01,ma_diaria,5,neto,1217246,1.6428948110199855,0.890306206782799,-0.00881232407116314
2026-01,lgbm_diario,0,salidas,1636986,1.487385246574659,0.40017083240633144,-0.49837795557712405
2026-01,lgbm_diario,0,llegadas,1636986,1.4467472153233552,0.3896243203877773,-0.5087059328999596
2026-01,lgbm_diario,0,neto,1636986,1.5843600870089964,0.8169201606618166,-0.010327977322835894
2026-01,lgbm_diario,1,salidas,1553038,1.5366366194563579,0.3977241819118274,-0.5178816105991044
2026-01,lgbm_diario,1,llegadas,1553038,1.4999268297284756,0.38739078665820836,-0.5314911819943332
2026-01,lgbm_diario,1,neto,1553038,1.6341478073831592,0.8193877072108581,-0.013609571395229208
2026-01,lgbm_diario,2,salidas,1469090,1.560581588743491,0.39599643187295824,-0.5203723720172709
2026-01,lgbm_diario,2,llegadas,1469090,1.533316664996426,0.38584597412185045,-0.5402930635044805
2026-01,lgbm_diario,2,neto,1469090,1.6579869391468147,0.8299189504633437,-0.019920691487210082
2026-01,lgbm_diario,3,salidas,1385142,1.5503969578583248,0.3953321496493258,-0.5010100765230562
2026-01,lgbm_diario,3,llegadas,1385142,1.5367566946496252,0.3858294072736395,-0.5270219297416894
2026-01,lgbm_diario,3,neto,1385142,1.6512325484965267,0.8504219515752128,-0.026011853218633783
2026-01,lgbm_diario,4,salidas,1301194,1.5261373219300467,0.39475537450388626,-0.47846982060970084
2026-01,lgbm_diario,4,llegadas,1301194,1.5209804782127978,0.3869182032700858,-0.5022541602310883
2026-01,lgbm_diario,4,neto,1301194,1.6290526682927682,0.8705718284587893,-0.02378433962138765
2026-01,lgbm_diario,5,salidas,1217246,1.518858012839652,0.3934952885031633,-0.4747384098948179
2026-01,lgbm_diario,5,llegadas,1217246,1.5141076410943914,0.38682853695453445,-0.49249651499447933
2026-01,lgbm_diario,5,neto,1217246,1.6211445953743642,0.8785194801717758,-0.017758105099661737
2026-01,oraculo_diario,0,salidas,1636986,0.0,0.0,0.0
2026-01,oraculo_diario,0,llegadas,1636986,0.0,0.0,0.0
2026-01,oraculo_diario,0,neto,1636986,0.0,0.0,0.0
2026-01,oraculo_diario,1,salidas,1553038,0.0,0.0,0.0
2026-01,oraculo_diario,1,llegadas,1553038,0.0,0.0,0.0
2026-01,oraculo_diario,1,neto,1553038,0.0,0.0,0.0
2026-01,oraculo_diario,2,salidas,1469090,0.0,0.0,0.0
2026-01,oraculo_diario,2,llegadas,1469090,0.0,0.0,0.0
2026-01,oraculo_diario,2,neto,1469090,0.0,0.0,0.0
2026-01,oraculo_diario,3,salidas,1385142,0.0,0.0,0.0
2026-01,oraculo_diario,3,llegadas,1385142,0.0,0.0,0.0
2026-01,oraculo_diario,3,neto,1385142,0.0,0.0,0.0
2026-01,oraculo_diario,4,salidas,1301194,0.0,0.0,0.0
2026-01,oraculo_diario,4,llegadas,1301194,0.0,0.0,0.0
2026-01,oraculo_diario,4,neto,1301194,0.0,0.0,0.0
2026-01,oraculo_diario,5,salidas,1217246,0.0,0.0,0.0
2026-01,oraculo_diario,5,llegadas,1217246,0.0,0.0,0.0
2026-01,oraculo_diario,5,neto,1217246,0.0,0.0,0.0
2026-01,lgbm_directo,0,salidas,1636986,1.6828415184540564,0.4522634871374135,-0.4215301886575658
2026-01,lgbm_directo,0,llegadas,1636986,1.6127108156128882,0.43387188433548934,-0.4223439675047771
2026-01,lgbm_directo,0,neto,1636986,1.943762955609731,0.8787003344376995,-0.0008137788472106538
2026-01,lgbm_directo,1,salidas,1553038,1.753532405186332,0.45276006821832193,-0.4459488187730655
2026-01,lgbm_directo,1,llegadas,1553038,1.6880617497448884,0.4351156564019143,-0.45412335978030255
2026-01,lgbm_directo,1,neto,1553038,2.0048721666163787,0.879370536773449,-0.008174541007235627
2026-01,lgbm_directo,2,salidas,1469090,1.7917839066174646,0.4529775271601769,-0.46238289342458555
2026-01,lgbm_directo,2,llegadas,1469090,1.7371919675545238,0.4358394309586699,-0.47061778580266
2026-01,lgbm_directo,2,neto,1469090,2.034902120121447,0.8871289864731808,-0.008234892378074225
2026-01,lgbm_directo,3,salidas,1385142,1.7830061872729623,0.4538813337723768,-0.44392565319226973
2026-01,lgbm_directo,3,llegadas,1385142,1.7468889791004776,0.43792744932224625,-0.45664555065054113
2026-01,lgbm_directo,3,neto,1385142,2.0252790704088994,0.9068844106362558,-0.012719897458271626
2026-01,lgbm_directo,4,salidas,1301194,1.7570019967267434,0.4550329991666139,-0.4253105486368581
2026-01,lgbm_directo,4,llegadas,1301194,1.7318289175340271,0.44188634970906976,-0.4359646938191879
2026-01,lgbm_directo,4,neto,1301194,1.9968260668966902,0.9266077248475143,-0.010654145182329728
2026-01,lgbm_directo,5,salidas,1217246,1.7529704573047098,0.4542039862806931,-0.4300396533300879
2026-01,lgbm_directo,5,llegadas,1217246,1.7318089809345534,0.44274420800009856,-0.438448635944991
2026-01,lgbm_directo,5,neto,1217246,1.9919509881517612,0.9331231479591771,-0.008408982614902152
2026-01,oraculo_directo,0,salidas,1636986,0.0,0.0,0.0
2026-01,oraculo_directo,0,llegadas,1636986,0.0,0.0,0.0
2026-01,oraculo_directo,0,neto,1636986,0.0,0.0,0.0
2026-01,oraculo_directo,1,salidas,1553038,0.0,0.0,0.0
2026-01,oraculo_directo,1,llegadas,1553038,0.0,0.0,0.0
2026-01,oraculo_directo,1,neto,1553038,0.0,0.0,0.0
2026-01,oraculo_directo,2,salidas,1469090,0.0,0.0,0.0
2026-01,oraculo_directo,2,llegadas,1469090,0.0,0.0,0.0
2026-01,oraculo_directo,2,neto,1469090,0.0,0.0,0.0
2026-01,oraculo_directo,3,salidas,1385142,0.0,0.0,0.0
2026-01,oraculo_directo,3,llegadas,1385142,0.0,0.0,0.0
2026-01,oraculo_directo,3,neto,1385142,0.0,0.0,0.0
2026-01,oraculo_directo,4,salidas,1301194,0.0,0.0,0.0
2026-01,oraculo_directo,4,llegadas,1301194,0.0,0.0,0.0
2026-01,oraculo_directo,4,neto,1301194,0.0,0.0,0.0
2026-01,oraculo_directo,5,salidas,1217246,0.0,0.0,0.0
2026-01,oraculo_directo,5,llegadas,1217246,0.0,0.0,0.0
2026-01,oraculo_directo,5,neto,1217246,0.0,0.0,0.0
2026-02,ma_diaria,0,salidas,1478568,1.476428656189759,0.35800914871977374,-0.08860237484909611
2026-02,ma_diaria,0,llegadas,1478568,1.402036170923615,0.34034119842783295,-0.08820238510503724
2026-02,ma_diaria,0,neto,1478568,1.612908482139015,0.7862453156665087,0.0003999897440588792
2026-02,ma_diaria,1,salidas,1402744,1.5270907774523392,0.35638855528492247,-0.09170318127813966
2026-02,ma_diaria,1,llegadas,1402744,1.4542247194267868,0.33863878297308125,-0.09170618087902566
2026-02,ma_diaria,1,neto,1402744,1.6635373027527696,0.7898574612005038,-2.9996008859903566e-06
2026-02,ma_diaria,2,salidas,1326920,1.55669889712555,0.35661196571153636,-0.09327815789878434
2026-02,ma_diaria,2,llegadas,1326920,1.4889038934318266,0.3381841392760863,-0.09346132535023956
2026-02,ma_diaria,2,neto,1326920,1.6898088714092037,0.8038060847706605,-0.00018316745145522474
2026-02,ma_diaria,3,salidas,1251096,1.558910547077809,0.35921643036549455,-0.09501669676246924
2026-02,ma_diaria,3,llegadas,1251096,1.5042105392245133,0.3412818597616957,-0.09472216738221577
2026-02,ma_diaria,3,neto,1251096,1.689151182246236,0.8296175931335852,0.00029452938025346654
2026-02,ma_diaria,4,salidas,1175272,1.5448388126207016,0.36117493295355785,-0.09725708899407605
2026-02,ma_diaria,4,llegadas,1175272,1.5050903484533054,0.3461444129896161,-0.09679777389017785
2026-02,ma_diaria,4,neto,1175272,1.6725232263586711,0.8540430340084455,0.00045931510389819226
2026-02,ma_diaria,5,salidas,1099448,1.5394367262632835,0.36059129720221683,-0.09920759336496314
2026-02,ma_diaria,5,llegadas,1099448,1.5032363015392078,0.3473060463929286,-0.09886666080629133
2026-02,ma_diaria,5,neto,1099448,1.6652175378013354,0.8635707567909003,0.00034093255867179986
2026-02,lgbm_diario,0,salidas,1478568,1.44479197394695,0.3503377846951172,-0.08954288354677406
2026-02,lgbm_diario,0,llegadas,1478568,1.3692657588258648,0.3323862529295474,-0.08768607635458563
2026-02,lgbm_diario,0,neto,1478568,1.5940401406999893,0.7770475556974148,0.0018568071921884251
2026-02,lgbm_diario,1,salidas,1402744,1.4928522776971187,0.3483980614367157,-0.0951074097160929
2026-02,lgbm_diario,1,llegadas,1402744,1.4184541307061929,0.3303090465377474,-0.09405464220982249
2026-02,lgbm_diario,1,neto,1402744,1.6442670234235959,0.7807078173167274,0.0010527675062703631
2026-02,lgbm_diario,2,salidas,1326920,1.5203851901619843,0.34829314281877144,-0.09847343161469081
2026-02,lgbm_diario,2,llegadas,1326920,1.4516252732182005,0.32971681096432615,-0.098481530401304
2026-02,lgbm_diario,2,neto,1326920,1.669990820194575,0.7943790599608485,-8.098786613360772e-06
2026-02,lgbm_diario,3,salidas,1251096,1.5214850037951946,0.3505925422997741,-0.09767400270355901
2026-02,lgbm_diario,3,llegadas,1251096,1.4662745436726605,0.3326747753302022,-0.0991312035621956
2026-02,lgbm_diario,3,neto,1251096,1.6685865463950018,0.8195173819281666,-0.0014572008586365868
2026-02,lgbm_diario,4,salidas,1175272,1.5080124802789354,0.3525651362512734,-0.09570873704334272
2026-02,lgbm_diario,4,llegadas,1175272,1.4674824378512934,0.3374952523910667,-0.09670835187807347
2026-02,lgbm_diario,4,neto,1175272,1.6520265408608792,0.8435767808684145,-0.0009996148347309471
2026-02,lgbm_diario,5,salidas,1099448,1.5047052526941065,0.35245594035747424,-0.098916447274681
2026-02,lgbm_diario,5,llegadas,1099448,1.4678668259501169,0.3391343220158228,-0.09868688935543737
2026-02,lgbm_diario,5,neto,1099448,1.6451417328393905,0.8531595776562727,0.00022955791924363507
2026-02,oraculo_diario,0,salidas,1478568,0.0,0.0,0.0
2026-02,oraculo_diario,0,llegadas,1478568,0.0,0.0,0.0
2026-02,oraculo_diario,0,neto,1478568,0.0,0.0,0.0
2026-02,oraculo_diario,1,salidas,1402744,0.0,0.0,0.0
2026-02,oraculo_diario,1,llegadas,1402744,0.0,0.0,0.0
2026-02,oraculo_diario,1,neto,1402744,0.0,0.0,0.0
2026-02,oraculo_diario,2,salidas,1326920,0.0,0.0,0.0
2026-02,oraculo_diario,2,llegadas,1326920,0.0,0.0,0.0
2026-02,oraculo_diario,2,neto,1326920,0.0,0.0,0.0
2026-02,oraculo_diario,3,salidas,1251096,0.0,0.0,0.0
2026-02,oraculo_diario,3,llegadas,1251096,0.0,0.0,0.0
2026-02,oraculo_diario,3,neto,1251096,0.0,0.0,0.0
2026-02,oraculo_diario,4,salidas,1175272,0.0,0.0,0.0
2026-02,oraculo_diario,4,llegadas,1175272,0.0,0.0,0.0
2026-02,oraculo_diario,4,neto,1175272,0.0,0.0,0.0
2026-02,oraculo_diario,5,salidas,1099448,0.0,0.0,0.0
2026-02,oraculo_diario,5,llegadas,1099448,0.0,0.0,0.0
2026-02,oraculo_diario,5,neto,1099448,0.0,0.0,0.0
2026-02,lgbm_directo,0,salidas,1478568,1.717401135576488,0.41596217856797446,-0.042911179604021354
2026-02,lgbm_directo,0,llegadas,1478568,1.6210008230417368,0.3930833275668517,-0.02674577126135729
2026-02,lgbm_directo,0,neto,1478568,2.0131997383839617,0.8585917829158946,0.016165408342664087
2026-02,lgbm_directo,1,salidas,1402744,1.7839107501395222,0.4152867479880514,-0.04875346962973781
2026-02,lgbm_directo,1,llegadas,1402744,1.6888184316912518,0.39245842616447796,-0.041283845728502126
2026-02,lgbm_directo,1,neto,1402744,2.0670467107421815,0.8565160911033454,0.007469623901235773
2026-02,lgbm_directo,2,salidas,1326920,1.8201285158658531,0.4154894432929561,-0.053349086966638995
2026-02,lgbm_directo,2,llegadas,1326920,1.733803682193621,0.39271212776445924,-0.048425437803247554
2026-02,lgbm_directo,2,neto,1326920,2.0929761671403377,0.8651950031564145,0.004923649163391803
2026-02,lgbm_directo,3,salidas,1251096,1.8188882089067666,0.4185714301026635,-0.05505965433371248
2026-02,lgbm_directo,3,llegadas,1251096,1.7516213741304527,0.3968495541629318,-0.05170213405944443
2026-02,lgbm_directo,3,neto,1251096,2.0837161609947548,0.887868079082659,0.0033575202742680125
2026-02,lgbm_directo,4,salidas,1175272,1.8004211093718125,0.42147207130611264,-0.05861059794442268
2026-02,lgbm_directo,4,llegadas,1175272,1.7503822167186243,0.4036747182037732,-0.05473256048632891
2026-02,lgbm_directo,4,neto,1175272,2.059027029735356,0.9095745845943333,0.003878037458093721
2026-02,lgbm_directo,5,salidas,1099448,1.796648607913107,0.4209094464765708,-0.06870674530422144
2026-02,lgbm_directo,5,llegadas,1099448,1.7511615668151852,0.4048780835289027,-0.06468395237555018
2026-02,lgbm_directo,5,neto,1099448,2.0511881039931774,0.9161265426433387,0.004022792928671192
2026-02,oraculo_directo,0,salidas,1478568,0.0,0.0,0.0
2026-02,oraculo_directo,0,llegadas,1478568,0.0,0.0,0.0
2026-02,oraculo_directo,0,neto,1478568,0.0,0.0,0.0
2026-02,oraculo_directo,1,salidas,1402744,0.0,0.0,0.0
2026-02,oraculo_directo,1,llegadas,1402744,0.0,0.0,0.0
2026-02,oraculo_directo,1,neto,1402744,0.0,0.0,0.0
2026-02,oraculo_directo,2,salidas,1326920,0.0,0.0,0.0
2026-02,oraculo_directo,2,llegadas,1326920,0.0,0.0,0.0
2026-02,oraculo_directo,2,neto,1326920,0.0,0.0,0.0
2026-02,oraculo_directo,3,salidas,1251096,0.0,0.0,0.0
2026-02,oraculo_directo,3,llegadas,1251096,0.0,0.0,0.0
2026-02,oraculo_directo,3,neto,1251096,0.0,0.0,0.0
2026-02,oraculo_directo,4,salidas,1175272,0.0,0.0,0.0
2026-02,oraculo_directo,4,llegadas,1175272,0.0,0.0,0.0
2026-02,oraculo_directo,4,neto,1175272,0.0,0.0,0.0
2026-02,oraculo_directo,5,salidas,1099448,0.0,0.0,0.0
2026-02,oraculo_directo,5,llegadas,1099448,0.0,0.0,0.0
2026-02,oraculo_directo,5,neto,1099448,0.0,0.0,0.0
2026-03,ma_diaria,0,salidas,1161732,1.5010420917093672,0.3760114651416923,0.034000558433387944
2026-03,ma_diaria,0,llegadas,1161732,1.4294964946861464,0.3584902281983249,0.03384054018381362
2026-03,ma_diaria,0,neto,1161732,1.595886066359905,0.7958039024369455,-0.00016001824957432567
2026-03,ma_diaria,1,salidas,1102156,1.5528526931628577,0.3747393006857364,0.039221429112581745
2026-03,ma_diaria,1,llegadas,1102156,1.4828634289393914,0.35699920552556896,0.038321416061045326
2026-03,ma_diaria,1,neto,1102156,1.6453502331289396,0.8003632471303074,-0.0009000130515364155
2026-03,ma_diaria,2,salidas,1042580,1.5842356447881267,0.37598283326533616,0.04820977204102614
2026-03,ma_diaria,2,llegadas,1042580,1.519259476295774,0.35732657176451477,0.04627675364710052
2026-03,ma_diaria,2,neto,1042580,1.6707796760077587,0.8162210749685851,-0.001933018393925617
2026-03,ma_diaria,3,salidas,983004,1.588929280545199,0.3801640671684459,0.05848766352861756
2026-03,ma_diaria,3,llegadas,983004,1.536739173475641,0.3617397259003735,0.05586194680566866
2026-03,ma_diaria,3,neto,983004,1.669945426219076,0.8433005942973475,-0.0026257167229489014
2026-03,ma_diaria,4,salidas,923428,1.5767265157740324,0.3837853673280624,0.06848542054068367
2026-03,ma_diaria,4,llegadas,923428,1.5379046049783487,0.3678313797899369,0.06603991415302751
2026-03,ma_diaria,4,neto,923428,1.6518238437069646,0.8680931642228713,-0.002445506387656159
2026-03,ma_diaria,5,salidas,863852,1.5704882525115431,0.38413354736473165,0.07618893788144315
2026-03,ma_diaria,5,llegadas,863852,1.534191672630214,0.36960507652284885,0.07425788960233173
2026-03,ma_diaria,5,neto,863852,1.6429312737869464,0.8771164853299787,-0.0019310482791114179
2026-03,lgbm_diario,0,salidas,1161732,1.4659007488661449,0.3672085488993642,0.012114228930602875
2026-03,lgbm_diario,0,llegadas,1161732,1.3908546848951295,0.34879960547803673,0.014016201428927006
2026-03,lgbm_diario,0,neto,1161732,1.575575812190247,0.7856759992811979,0.0019019724983242465
2026-03,lgbm_diario,1,salidas,1102156,1.5150423519036402,0.36561479009657766,0.01376569552588248
2026-03,lgbm_diario,1,llegadas,1102156,1.4410695039131074,0.3469373227257145,0.014470380419752338
2026-03,lgbm_diario,1,neto,1102156,1.6245140445747674,0.7902277032240577,0.0007046848938699667
2026-03,lgbm_diario,2,salidas,1042580,1.5444738078029692,0.3665462521767233,0.020285666098382543
2026-03,lgbm_diario,2,llegadas,1042580,1.4758878963075335,0.3471256691333231,0.018586319400568683
2026-03,lgbm_diario,2,neto,1042580,1.649293204366249,0.805724352251428,-0.0016993466978137718
2026-03,lgbm_diario,3,salidas,983004,1.5480690730560096,0.3703879349927541,0.03237657710591749
2026-03,lgbm_diario,3,llegadas,983004,1.4927126073509003,0.35137612078300134,0.027563613884822154
2026-03,lgbm_diario,3,neto,983004,1.6475667958764222,0.8319996787277599,-0.004812963221095333
2026-03,lgbm_diario,4,salidas,923428,1.536082052225126,0.37389224368428864,0.04539760218641641
2026-03,lgbm_diario,4,llegadas,923428,1.4936923854811286,0.3572568346272563,0.04079698899724162
2026-03,lgbm_diario,4,neto,923428,1.629058090142278,0.8561289374542737,-0.0046006131891749135
2026-03,lgbm_diario,5,salidas,863852,1.5312733382512969,0.3745417760793992,0.051691945611950514
2026-03,lgbm_diario,5,llegadas,863852,1.4914316992974508,0.359303688829435,0.04901167140126078
2026-03,lgbm_diario,5,neto,863852,1.620131301990629,0.8649441982436706,-0.0026802742106898795
2026-03,oraculo_diario,0,salidas,1161732,0.0,0.0,0.0
2026-03,oraculo_diario,0,llegadas,1161732,0.0,0.0,0.0
2026-03,oraculo_diario,0,neto,1161732,0.0,0.0,0.0
2026-03,oraculo_diario,1,salidas,1102156,0.0,0.0,0.0
2026-03,oraculo_diario,1,llegadas,1102156,0.0,0.0,0.0
2026-03,oraculo_diario,1,neto,1102156,0.0,0.0,0.0
2026-03,oraculo_diario,2,salidas,1042580,0.0,0.0,0.0
2026-03,oraculo_diario,2,llegadas,1042580,0.0,0.0,0.0
2026-03,oraculo_diario,2,neto,1042580,0.0,0.0,0.0
2026-03,oraculo_diario,3,salidas,983004,0.0,0.0,0.0
2026-03,oraculo_diario,3,llegadas,983004,0.0,0.0,0.0
2026-03,oraculo_diario,3,neto,983004,0.0,0.0,0.0
2026-03,oraculo_diario,4,salidas,923428,0.0,0.0,0.0
2026-03,oraculo_diario,4,llegadas,923428,0.0,0.0,0.0
2026-03,oraculo_diario,4,neto,923428,0.0,0.0,0.0
2026-03,oraculo_diario,5,salidas,863852,0.0,0.0,0.0
2026-03,oraculo_diario,5,llegadas,863852,0.0,0.0,0.0
2026-03,oraculo_diario,5,neto,863852,0.0,0.0,0.0
2026-03,lgbm_directo,0,salidas,1161732,1.7215628995920327,0.4307403650596386,0.03866650533652085
2026-03,lgbm_directo,0,llegadas,1161732,1.628175888934188,0.40787351221435536,0.052164652158037436
2026-03,lgbm_directo,0,neto,1161732,1.9867803036368874,0.8666967777504578,0.013498146821516593
2026-03,lgbm_directo,1,salidas,1102156,1.7906602757269687,0.4309712086040496,0.042178636227725684
2026-03,lgbm_directo,1,llegadas,1102156,1.6984849649806246,0.4079646122655528,0.04954343200029942
2026-03,lgbm_directo,1,neto,1102156,2.038465970915717,0.8649872489749638,0.007364795772573837
2026-03,lgbm_directo,2,salidas,1042580,1.8294555432124893,0.4326380788903104,0.057306515983397276
2026-03,lgbm_directo,2,llegadas,1042580,1.7452441104860894,0.4093743021978379,0.06105419156642307
2026-03,lgbm_directo,2,neto,1042580,2.062183341838476,0.8752421106912927,0.003747675583025862
2026-03,lgbm_directo,3,salidas,983004,1.8327280497733893,0.4379502841482176,0.07119413781124101
2026-03,lgbm_directo,3,llegadas,983004,1.7666687770995138,0.41530474495802583,0.07424152208433266
2026-03,lgbm_directo,3,neto,983004,2.0529277641981656,0.8992225758378387,0.0030473842730916185
2026-03,lgbm_directo,4,salidas,923428,1.8177023101091794,0.4429393159090769,0.08129339179431548
2026-03,lgbm_directo,4,llegadas,923428,1.7682207155861467,0.4240862514673933,0.08515799540608313
2026-03,lgbm_directo,4,neto,923428,2.026699350346901,0.9217453947190372,0.0038646036117674057
2026-03,lgbm_directo,5,salidas,863852,1.8133732795651658,0.44350659385306246,0.08266760954617172
2026-03,lgbm_directo,5,llegadas,863852,1.7693420097526495,0.4265265069938548,0.08642347022924396
2026-03,lgbm_directo,5,neto,863852,2.016683131180647,0.9279119725909524,0.0037558606830723333
2026-03,oraculo_directo,0,salidas,1161732,0.0,0.0,0.0
2026-03,oraculo_directo,0,llegadas,1161732,0.0,0.0,0.0
2026-03,oraculo_directo,0,neto,1161732,0.0,0.0,0.0
2026-03,oraculo_directo,1,salidas,1102156,0.0,0.0,0.0
2026-03,oraculo_directo,1,llegadas,1102156,0.0,0.0,0.0
2026-03,oraculo_directo,1,neto,1102156,0.0,0.0,0.0
2026-03,oraculo_directo,2,salidas,1042580,0.0,0.0,0.0
2026-03,oraculo_directo,2,llegadas,1042580,0.0,0.0,0.0
2026-03,oraculo_directo,2,neto,1042580,0.0,0.0,0.0
2026-03,oraculo_directo,3,salidas,983004,0.0,0.0,0.0
2026-03,oraculo_directo,3,llegadas,983004,0.0,0.0,0.0
2026-03,oraculo_directo,3,neto,983004,0.0,0.0,0.0
2026-03,oraculo_directo,4,salidas,923428,0.0,0.0,0.0
2026-03,oraculo_directo,4,llegadas,923428,0.0,0.0,0.0
2026-03,oraculo_directo,4,neto,923428,0.0,0.0,0.0
2026-03,oraculo_directo,5,salidas,863852,0.0,0.0,0.0
2026-03,oraculo_directo,5,llegadas,863852,0.0,0.0,0.0
2026-03,oraculo_directo,5,neto,863852,0.0,0.0,0.0
2026-04,ma_diaria,0,salidas,1584180,1.6050733341926373,0.3998148474019866,-0.12662624753147786
2026-04,ma_diaria,0,llegadas,1584180,1.5300574491070658,0.38164533846181714,-0.12635003758142918
2026-04,ma_diaria,0,neto,1584180,1.646463463822058,0.8317087900601703,0.0002762099500486817
2026-04,ma_diaria,1,salidas,1502940,1.656625841556434,0.3977533429310784,-0.1292015303477372
2026-04,ma_diaria,1,llegadas,1502940,1.584235014672031,0.37953769333583953,-0.12987013969165928
2026-04,ma_diaria,1,neto,1502940,1.6937402334216547,0.8357433869011224,-0.0006686093439220948
2026-04,ma_diaria,2,salidas,1421700,1.6780141761275624,0.39669520881885695,-0.12518558215071374
2026-04,ma_diaria,2,llegadas,1421700,1.6131091269917588,0.37787784136087715,-0.1282370259555938
2026-04,ma_diaria,2,neto,1421700,1.7119613129734872,0.84998704313133,-0.003051443804880063
2026-04,ma_diaria,3,salidas,1340460,1.6637856055323497,0.39706718893384924,-0.11627870018613573
2026-04,ma_diaria,3,llegadas,1340460,1.6130859177219257,0.378585579186123,-0.1212242279963362
2026-04,ma_diaria,3,neto,1340460,1.700276043249789,0.8736173933458147,-0.004945527810200464
2026-04,ma_diaria,4,salidas,1259220,1.6370664905577195,0.3975500609730345,-0.11064213932357395
2026-04,ma_diaria,4,llegadas,1259220,1.5967632053755048,0.3810431962360557,-0.11420690745343196
2026-04,ma_diaria,4,neto,1259220,1.6741247378169766,0.8939006864901727,-0.0035647681298580217
2026-04,ma_diaria,5,salidas,1177980,1.627752460523845,0.39727869138897837,-0.10853258382675315
2026-04,ma_diaria,5,llegadas,1177980,1.5864313150467884,0.3814716401078115,-0.1113043226803739
2026-04,ma_diaria,5,neto,1177980,1.663274745228581,0.9010466817680968,-0.0027717388536207467
2026-04,lgbm_diario,0,salidas,1584180,1.5587457093332777,0.388274893513862,-0.11011492997179942
2026-04,lgbm_diario,0,llegadas,1584180,1.4833808798103445,0.3700027069397918,-0.102889890231829
2026-04,lgbm_diario,0,neto,1584180,1.6251758143966517,0.8209553627683617,0.007225039739970356
2026-04,lgbm_diario,1,salidas,1502940,1.6077631102811543,0.38602147552810123,-0.11338210881525057
2026-04,lgbm_diario,1,llegadas,1502940,1.534451879084234,0.36761106864125187,-0.10689064245630496
2026-04,lgbm_diario,1,neto,1502940,1.672104881717714,0.825067840702801,0.0064914663589454025
2026-04,lgbm_diario,2,salidas,1421700,1.6283112494708516,0.38494506203851575,-0.10933022774882915
2026-04,lgbm_diario,2,llegadas,1421700,1.5628079696766228,0.3660945760962113,-0.10508339777907015
2026-04,lgbm_diario,2,neto,1421700,1.6903527244791008,0.8392584010169333,0.004246829969758874
2026-04,lgbm_diario,3,salidas,1340460,1.6147677174649655,0.3853689298807168,-0.09683161193263755
2026-04,lgbm_diario,3,llegadas,1340460,1.5643171642891678,0.3671397246524722,-0.09643414418061558
2026-04,lgbm_diario,3,neto,1340460,1.6788637057249587,0.8626155383422417,0.0003974677520218505
2026-04,lgbm_diario,4,salidas,1259220,1.589456190242561,0.3859882350469614,-0.08678677753302463
2026-04,lgbm_diario,4,llegadas,1259220,1.5498773093371463,0.3698545919240932,-0.08483114556254798
2026-04,lgbm_diario,4,neto,1259220,1.6532948493872262,0.8827785453818898,0.001955631970476653
2026-04,lgbm_diario,5,salidas,1177980,1.5820673066061013,0.38612850817346395,-0.08574533108437808
2026-04,lgbm_diario,5,llegadas,1177980,1.5421971037283235,0.3708351272121791,-0.08145169750054522
2026-04,lgbm_diario,5,neto,1177980,1.6428462489288969,0.8899799419783258,0.004293633583833004
2026-04,oraculo_diario,0,salidas,1584180,0.0,0.0,0.0
2026-04,oraculo_diario,0,llegadas,1584180,0.0,0.0,0.0
2026-04,oraculo_diario,0,neto,1584180,0.0,0.0,0.0
2026-04,oraculo_diario,1,salidas,1502940,0.0,0.0,0.0
2026-04,oraculo_diario,1,llegadas,1502940,0.0,0.0,0.0
2026-04,oraculo_diario,1,neto,1502940,0.0,0.0,0.0
2026-04,oraculo_diario,2,salidas,1421700,0.0,0.0,0.0
2026-04,oraculo_diario,2,llegadas,1421700,0.0,0.0,0.0
2026-04,oraculo_diario,2,neto,1421700,0.0,0.0,0.0
2026-04,oraculo_diario,3,salidas,1340460,0.0,0.0,0.0
2026-04,oraculo_diario,3,llegadas,1340460,0.0,0.0,0.0
2026-04,oraculo_diario,3,neto,1340460,0.0,0.0,0.0
2026-04,oraculo_diario,4,salidas,1259220,0.0,0.0,0.0
2026-04,oraculo_diario,4,llegadas,1259220,0.0,0.0,0.0
2026-04,oraculo_diario,4,neto,1259220,0.0,0.0,0.0
2026-04,oraculo_diario,5,salidas,1177980,0.0,0.0,0.0
2026-04,oraculo_diario,5,llegadas,1177980,0.0,0.0,0.0
2026-04,oraculo_diario,5,neto,1177980,0.0,0.0,0.0
2026-04,lgbm_directo,0,salidas,1584180,1.7903839682410132,0.4454203860105286,-0.10311601400453708
2026-04,lgbm_directo,0,llegadas,1584180,1.6939189234407446,0.42203003326677535,-0.0771761504018891
2026-04,lgbm_directo,0,neto,1584180,2.037792110539166,0.8988482044845484,0.025939863602647873
2026-04,lgbm_directo,1,salidas,1502940,1.863016234873368,0.44609909194042474,-0.11130691134295766
2026-04,lgbm_directo,1,llegadas,1502940,1.770441259829697,0.4231246874586069,-0.09498308512345416
2026-04,lgbm_directo,1,neto,1502940,2.0913085699160594,0.8982268441346243,0.016323826219503724
2026-04,lgbm_directo,2,salidas,1421700,1.8956113050549415,0.4464267912000127,-0.10609374448951253
2026-04,lgbm_directo,2,llegadas,1421700,1.811140604874728,0.4229845549444736,-0.09548942615868442
2026-04,lgbm_directo,2,neto,1421700,2.108889665057043,0.9075727829464453,0.01060431833082803
2026-04,lgbm_directo,3,salidas,1340460,1.8799238865379362,0.44810020894734937,-0.09279366428621136
2026-04,lgbm_directo,3,llegadas,1340460,1.817052144633807,0.4259915143636487,-0.0917242989244436
2026-04,lgbm_directo,3,neto,1340460,2.090841671272772,0.929659360256625,0.0010693653617674973
2026-04,lgbm_directo,4,salidas,1259220,1.8498137043203995,0.44972753889138173,-0.0852819665275173
2026-04,lgbm_directo,4,llegadas,1259220,1.7997012771424798,0.4306297077177003,-0.08544521965516831
2026-04,lgbm_directo,4,neto,1259220,2.05745216223278,0.9481441444134125,-0.00016325312765092667
2026-04,lgbm_directo,5,salidas,1177980,1.8424892255661924,0.44974995123788386,-0.09041260057651448
2026-04,lgbm_directo,5,llegadas,1177980,1.7923757573019472,0.4312884166407003,-0.09245928428952517
2026-04,lgbm_directo,5,neto,1177980,2.0459716746020877,0.9532580360598393,-0.0020466837130107035
2026-04,oraculo_directo,0,salidas,1584180,0.0,0.0,0.0
2026-04,oraculo_directo,0,llegadas,1584180,0.0,0.0,0.0
2026-04,oraculo_directo,0,neto,1584180,0.0,0.0,0.0
2026-04,oraculo_directo,1,salidas,1502940,0.0,0.0,0.0
2026-04,oraculo_directo,1,llegadas,1502940,0.0,0.0,0.0
2026-04,oraculo_directo,1,neto,1502940,0.0,0.0,0.0
2026-04,oraculo_directo,2,salidas,1421700,0.0,0.0,0.0
2026-04,oraculo_directo,2,llegadas,1421700,0.0,0.0,0.0
2026-04,oraculo_directo,2,neto,1421700,0.0,0.0,0.0
2026-04,oraculo_directo,3,salidas,1340460,0.0,0.0,0.0
2026-04,oraculo_directo,3,llegadas,1340460,0.0,0.0,0.0
2026-04,oraculo_directo,3,neto,1340460,0.0,0.0,0.0
2026-04,oraculo_directo,4,salidas,1259220,0.0,0.0,0.0
2026-04,oraculo_directo,4,llegadas,1259220,0.0,0.0,0.0
2026-04,oraculo_directo,4,neto,1259220,0.0,0.0,0.0
2026-04,oraculo_directo,5,salidas,1177980,0.0,0.0,0.0
2026-04,oraculo_directo,5,llegadas,1177980,0.0,0.0,0.0
2026-04,oraculo_directo,5,neto,1177980,0.0,0.0,0.0
2026-05,ma_diaria,0,salidas,1636986,1.5526597453495756,0.39480345524180627,0.05635804499956826
2026-05,ma_diaria,0,llegadas,1636986,1.4754153755342327,0.3756655072095554,0.05615068843747343
2026-05,ma_diaria,0,neto,1636986,1.5897015244580126,0.8335991980607338,-0.00020735656209482596
2026-05,ma_diaria,1,salidas,1553038,1.6031805239322878,0.3933258581513296,0.05984541945125019
2026-05,ma_diaria,1,llegadas,1553038,1.5283167931402313,0.37403207580961473,0.059502959493311476
2026-05,ma_diaria,1,neto,1553038,1.6349926860557804,0.8389085132457502,-0.0003424599579387087
2026-05,ma_diaria,2,salidas,1469090,1.6292076562509148,0.39447195596225726,0.06421068081695233
2026-05,ma_diaria,2,llegadas,1469090,1.5630998337106397,0.3748374643988434,0.06405934727616253
2026-05,ma_diaria,2,neto,1469090,1.6537935730770614,0.8565042788775348,-0.0001513335407898015
2026-05,ma_diaria,3,salidas,1385142,1.6257880641697255,0.39873205389881816,0.0702948915371785
2026-05,ma_diaria,3,llegadas,1385142,1.578253792215127,0.3804122582635081,0.07030929747812154
2026-05,ma_diaria,3,neto,1385142,1.6436077559108824,0.8841567065027384,1.440594094304102e-05
2026-05,ma_diaria,4,salidas,1301194,1.6079437754796322,0.40265551802805294,0.07694830592250322
2026-05,ma_diaria,4,llegadas,1301194,1.576189769066982,0.38753636499057675,0.07693197356969131
2026-05,ma_diaria,4,neto,1301194,1.6194852451989725,0.9071439203765496,-1.6332352811917386e-05
2026-05,ma_diaria,5,salidas,1217246,1.5993275212167548,0.40389422845648726,0.08220333361977429
2026-05,ma_diaria,5,llegadas,1217246,1.5706485510352404,0.39048514983029287,0.08301082852898534
2026-05,ma_diaria,5,neto,1217246,1.6084658426144907,0.9155733212337585,0.0008074949092110435
2026-05,lgbm_diario,0,salidas,1636986,1.5344465435080692,0.3901722828039427,0.04968684669249499
2026-05,lgbm_diario,0,llegadas,1636986,1.457262962059243,0.3710435982012597,0.048211106226713644
2026-05,lgbm_diario,0,neto,1636986,1.5729834083785401,0.8248326416081407,-0.0014757404657812078
2026-05,lgbm_diario,1,salidas,1553038,1.5833405339333853,0.38845829584281827,0.05071471912201633
2026-05,lgbm_diario,1,llegadas,1553038,1.5082265628728273,0.369115300332084,0.04831885443776636
2026-05,lgbm_diario,1,neto,1553038,1.6180266009001802,0.830203279641421,-0.0023958646842498718
2026-05,lgbm_diario,2,salidas,1469090,1.608321419397184,0.3894148751949464,0.054276695198452345
2026-05,lgbm_diario,2,llegadas,1469090,1.5422075236123198,0.36982740658052854,0.049785895912410096
2026-05,lgbm_diario,2,neto,1469090,1.6364244360814493,0.8475087546480675,-0.00449079928604211
2026-05,lgbm_diario,3,salidas,1385142,1.60425527333075,0.39345103719890584,0.0647783815887241
2026-05,lgbm_diario,3,llegadas,1385142,1.5574522571107439,0.3753983885149047,0.05709664484188257
2026-05,lgbm_diario,3,neto,1385142,1.6253804594996613,0.8743515773255136,-0.007681736746841389
2026-05,lgbm_diario,4,salidas,1301194,1.587247227672144,0.39747276269425363,0.07676256595399646
2026-05,lgbm_diario,4,llegadas,1301194,1.5565005707492707,0.3826953994575108,0.06896864692222848
2026-05,lgbm_diario,4,neto,1301194,1.6011493903711975,0.8968732128901843,-0.007793919031767914
2026-05,lgbm_diario,5,salidas,1217246,1.5805398255676966,0.3991495831365101,0.08338915725936286
2026-05,lgbm_diario,5,llegadas,1217246,1.5532642333582438,0.38616316583945987,0.07684836480153505
2026-05,lgbm_diario,5,neto,1217246,1.5898764840604873,0.9049918588862403,-0.006540792457827788
2026-05,oraculo_diario,0,salidas,1636986,0.0,0.0,0.0
2026-05,oraculo_diario,0,llegadas,1636986,0.0,0.0,0.0
2026-05,oraculo_diario,0,neto,1636986,0.0,0.0,0.0
2026-05,oraculo_diario,1,salidas,1553038,0.0,0.0,0.0
2026-05,oraculo_diario,1,llegadas,1553038,0.0,0.0,0.0
2026-05,oraculo_diario,1,neto,1553038,0.0,0.0,0.0
2026-05,oraculo_diario,2,salidas,1469090,0.0,0.0,0.0
2026-05,oraculo_diario,2,llegadas,1469090,0.0,0.0,0.0
2026-05,oraculo_diario,2,neto,1469090,0.0,0.0,0.0
2026-05,oraculo_diario,3,salidas,1385142,0.0,0.0,0.0
2026-05,oraculo_diario,3,llegadas,1385142,0.0,0.0,0.0
2026-05,oraculo_diario,3,neto,1385142,0.0,0.0,0.0
2026-05,oraculo_diario,4,salidas,1301194,0.0,0.0,0.0
2026-05,oraculo_diario,4,llegadas,1301194,0.0,0.0,0.0
2026-05,oraculo_diario,4,neto,1301194,0.0,0.0,0.0
2026-05,oraculo_diario,5,salidas,1217246,0.0,0.0,0.0
2026-05,oraculo_diario,5,llegadas,1217246,0.0,0.0,0.0
2026-05,oraculo_diario,5,neto,1217246,0.0,0.0,0.0
2026-05,lgbm_directo,0,salidas,1636986,1.7701762300264294,0.44954090434375094,0.05609983570582481
2026-05,lgbm_directo,0,llegadas,1636986,1.672382804397803,0.42528917702288455,0.0643405388893925
2026-05,lgbm_directo,0,neto,1636986,1.9684768361818545,0.8977356145856665,0.008240703183567661
2026-05,lgbm_directo,1,salidas,1553038,1.8422788437134903,0.45071828918191176,0.06068672554265411
2026-05,lgbm_directo,1,llegadas,1553038,1.7464675090623596,0.4263650795681078,0.0638166058862698
2026-05,lgbm_directo,1,neto,1553038,2.0171479377800607,0.8972179632750884,0.0031298803436157134
2026-05,lgbm_directo,2,salidas,1469090,1.8798431125565482,0.45351455108099886,0.07113594734568465
2026-05,lgbm_directo,2,llegadas,1469090,1.7945204822556915,0.4289893639630107,0.07217979448632958
2026-05,lgbm_directo,2,neto,1469090,2.0363454936726733,0.9105963187745831,0.0010438471406451627
2026-05,lgbm_directo,3,salidas,1385142,1.8749798680294392,0.45933926027181254,0.08209430824519338
2026-05,lgbm_directo,3,llegadas,1385142,1.8148201584803325,0.4369713823352003,0.08310851108366062
2026-05,lgbm_directo,3,neto,1385142,2.0182180258427986,0.9355949958975146,0.0010142028384674368
2026-05,lgbm_directo,4,salidas,1301194,1.8549931062364668,0.46506803650636497,0.09364829470453517
2026-05,lgbm_directo,4,llegadas,1301194,1.8111784323906361,0.44651397505717166,0.0942542185336635
2026-05,lgbm_directo,4,neto,1301194,1.9852504069733485,0.9558329576591377,0.0006059238291278776
2026-05,lgbm_directo,5,salidas,1217246,1.849421687191537,0.4671487734958676,0.09901873019653788
2026-05,lgbm_directo,5,llegadas,1217246,1.810248924395274,0.450431992533224,0.09722380215951468
2026-05,lgbm_directo,5,neto,1217246,1.9715515411126698,0.9614848203796851,-0.0017949280370229432
2026-05,oraculo_directo,0,salidas,1636986,0.0,0.0,0.0
2026-05,oraculo_directo,0,llegadas,1636986,0.0,0.0,0.0
2026-05,oraculo_directo,0,neto,1636986,0.0,0.0,0.0
2026-05,oraculo_directo,1,salidas,1553038,0.0,0.0,0.0
2026-05,oraculo_directo,1,llegadas,1553038,0.0,0.0,0.0
2026-05,oraculo_directo,1,neto,1553038,0.0,0.0,0.0
2026-05,oraculo_directo,2,salidas,1469090,0.0,0.0,0.0
2026-05,oraculo_directo,2,llegadas,1469090,0.0,0.0,0.0
2026-05,oraculo_directo,2,neto,1469090,0.0,0.0,0.0
2026-05,oraculo_directo,3,salidas,1385142,0.0,0.0,0.0
2026-05,oraculo_directo,3,llegadas,1385142,0.0,0.0,0.0
2026-05,oraculo_directo,3,neto,1385142,0.0,0.0,0.0
2026-05,oraculo_directo,4,salidas,1301194,0.0,0.0,0.0
2026-05,oraculo_directo,4,llegadas,1301194,0.0,0.0,0.0
2026-05,oraculo_directo,4,neto,1301194,0.0,0.0,0.0
2026-05,oraculo_directo,5,salidas,1217246,0.0,0.0,0.0
2026-05,oraculo_directo,5,llegadas,1217246,0.0,0.0,0.0
2026-05,oraculo_directo,5,neto,1217246,0.0,0.0,0.0
2026-06,ma_diaria,0,salidas,1584180,1.6635651224264278,0.442031590415326,0.26165861663556716
2026-06,ma_diaria,0,llegadas,1584180,1.5720621438627915,0.4185691666816486,0.2639985813598538
2026-06,ma_diaria,0,neto,1584180,1.5768630765759781,0.8767429800210804,0.0023399647242866996
2026-06,ma_diaria,1,salidas,1502940,1.7184148040152276,0.4405756225444934,0.27034443130468366
2026-06,ma_diaria,1,llegadas,1502940,1.6289300101694504,0.41689398329689875,0.274251856335589
2026-06,ma_diaria,1,neto,1502940,1.6207365138499987,0.8822873821360635,0.003907425030905323
2026-06,ma_diaria,2,salidas,1421700,1.7463367943439048,0.4416364817282627,0.2691867287342246
2026-06,ma_diaria,2,llegadas,1421700,1.664753354803382,0.4173701829817337,0.2767052454022909
2026-06,ma_diaria,2,neto,1421700,1.6368197834990164,0.8994594647811227,0.0075185166680663265
2026-06,ma_diaria,3,salidas,1340460,1.7381228238616921,0.4443996225798364,0.25555350212172134
2026-06,ma_diaria,3,llegadas,1340460,1.6740180381333747,0.4212339307467647,0.26642220580137405
2026-06,ma_diaria,3,neto,1340460,1.6213150418534774,0.9236386806558106,0.01086870367965271
2026-06,ma_diaria,4,salidas,1259220,1.7142974780089906,0.44651426313286785,0.24075607132043908
2026-06,ma_diaria,4,llegadas,1259220,1.664598228492892,0.4263342538865269,0.2507437821480654
2026-06,ma_diaria,4,neto,1259220,1.5924819021317753,0.9426483811680334,0.009987710827626346
2026-06,ma_diaria,5,salidas,1177980,1.7088151711642543,0.4478991873260898,0.23676332469228262
2026-06,ma_diaria,5,llegadas,1177980,1.6597970519567986,0.4289732483546224,0.24373758364872403
2026-06,ma_diaria,5,neto,1177980,1.5803677891101005,0.9500103200655419,0.0069742589564414145
2026-06,lgbm_diario,0,salidas,1584180,1.6479205728570296,0.4378746235288083,0.28493306539903074
2026-06,lgbm_diario,0,llegadas,1584180,1.5561297254485555,0.41432708304334925,0.28580549136242084
2026-06,lgbm_diario,0,neto,1584180,1.5583491987581306,0.866449180482688,0.000872425963390431
2026-06,lgbm_diario,1,salidas,1502940,1.7012734874554372,0.43618084766422827,0.2926889605301074
2026-06,lgbm_diario,1,llegadas,1502940,1.6111656380341415,0.41234752653447043,0.2945144841541101
2026-06,lgbm_diario,1,neto,1502940,1.60216720953838,0.8721787292185899,0.0018255236240028265
2026-06,lgbm_diario,2,salidas,1421700,1.7281386782317658,0.4370343041873222,0.2913600671132967
2026-06,lgbm_diario,2,llegadas,1421700,1.6459415590121609,0.4126538791347147,0.29518302995245815
2026-06,lgbm_diario,2,neto,1421700,1.6183840605172422,0.8893287309683922,0.003822962839161597
2026-06,lgbm_diario,3,salidas,1340460,1.7201786410815416,0.4398116913096599,0.2814484086351121
2026-06,lgbm_diario,3,llegadas,1340460,1.6549646025433746,0.4164395059646068,0.2860250704408452
2026-06,lgbm_diario,3,neto,1340460,1.603360165322228,0.9134100588009842,0.004576661805733087
2026-06,lgbm_diario,4,salidas,1259220,1.6975318219651614,0.4421473987756713,0.2700507935006509
2026-06,lgbm_diario,4,llegadas,1259220,1.6459447496919009,0.421556754529094,0.2743977589059699
2026-06,lgbm_diario,4,neto,1259220,1.5749104634252304,0.9322472028379407,0.004346965405318942
2026-06,lgbm_diario,5,salidas,1177980,1.6932213186032408,0.44381186763978214,0.26403184958963394
2026-06,lgbm_diario,5,llegadas,1177980,1.6425831972707312,0.4245243410905198,0.26685784139935603
2026-06,lgbm_diario,5,neto,1177980,1.5625628229756634,0.9393071776118115,0.002825991809721655
2026-06,oraculo_diario,0,salidas,1584180,0.0,0.0,0.0
2026-06,oraculo_diario,0,llegadas,1584180,0.0,0.0,0.0
2026-06,oraculo_diario,0,neto,1584180,0.0,0.0,0.0
2026-06,oraculo_diario,1,salidas,1502940,0.0,0.0,0.0
2026-06,oraculo_diario,1,llegadas,1502940,0.0,0.0,0.0
2026-06,oraculo_diario,1,neto,1502940,0.0,0.0,0.0
2026-06,oraculo_diario,2,salidas,1421700,0.0,0.0,0.0
2026-06,oraculo_diario,2,llegadas,1421700,0.0,0.0,0.0
2026-06,oraculo_diario,2,neto,1421700,0.0,0.0,0.0
2026-06,oraculo_diario,3,salidas,1340460,0.0,0.0,0.0
2026-06,oraculo_diario,3,llegadas,1340460,0.0,0.0,0.0
2026-06,oraculo_diario,3,neto,1340460,0.0,0.0,0.0
2026-06,oraculo_diario,4,salidas,1259220,0.0,0.0,0.0
2026-06,oraculo_diario,4,llegadas,1259220,0.0,0.0,0.0
2026-06,oraculo_diario,4,neto,1259220,0.0,0.0,0.0
2026-06,oraculo_diario,5,salidas,1177980,0.0,0.0,0.0
2026-06,oraculo_diario,5,llegadas,1177980,0.0,0.0,0.0
2026-06,oraculo_diario,5,neto,1177980,0.0,0.0,0.0
2026-06,lgbm_directo,0,salidas,1584180,1.8547732320789003,0.4922150805732495,0.21721068710796218
2026-06,lgbm_directo,0,llegadas,1584180,1.735179520295441,0.4614322291306818,0.2091555462271421
2026-06,lgbm_directo,0,neto,1584180,1.9407310796036672,0.9364548302900246,-0.008055140880820365
2026-06,lgbm_directo,1,salidas,1502940,1.936824814739794,0.49517747487651337,0.23296942465171322
2026-06,lgbm_directo,1,llegadas,1502940,1.8217353747893772,0.465057799191546,0.22672664327914666
2026-06,lgbm_directo,1,neto,1502940,1.9914718255654071,0.9378390439679295,-0.006242781372566485
2026-06,lgbm_directo,2,salidas,1421700,1.9794804954468768,0.49893792259620084,0.23720225501042408
2026-06,lgbm_directo,2,llegadas,1421700,1.875898832221341,0.46893817791310843,0.23705073387725453
2026-06,lgbm_directo,2,neto,1421700,2.0096110781234984,0.9517446216202673,-0.00015152113317010163
2026-06,lgbm_directo,3,salidas,1340460,1.9718501843574592,0.5035985415769696,0.23424669749686047
2026-06,lgbm_directo,3,llegadas,1340460,1.8924204439248198,0.4757025670889334,0.23984802696003213
2026-06,lgbm_directo,3,neto,1340460,1.9864858000656116,0.9732206739785824,0.005601329463171077
2026-06,lgbm_directo,4,salidas,1259220,1.9446419087945985,0.5071972275691004,0.22566424583763847
2026-06,lgbm_directo,4,llegadas,1259220,1.880017511265175,0.48285591772394937,0.2300823321263461
2026-06,lgbm_directo,4,neto,1259220,1.9502346731411544,0.9900224731197136,0.004418086288708192
2026-06,lgbm_directo,5,salidas,1177980,1.9410286346807926,0.5086597926559843,0.22222862615817543
2026-06,lgbm_directo,5,llegadas,1177980,1.8780410984988947,0.48561861655987437,0.22309530421748136
2026-06,lgbm_directo,5,neto,1177980,1.9364418597852666,0.9945499335059222,0.0008666780593062204
2026-06,oraculo_directo,0,salidas,1584180,0.0,0.0,0.0
2026-06,oraculo_directo,0,llegadas,1584180,0.0,0.0,0.0
2026-06,oraculo_directo,0,neto,1584180,0.0,0.0,0.0
2026-06,oraculo_directo,1,salidas,1502940,0.0,0.0,0.0
2026-06,oraculo_directo,1,llegadas,1502940,0.0,0.0,0.0
2026-06,oraculo_directo,1,neto,1502940,0.0,0.0,0.0
2026-06,oraculo_directo,2,salidas,1421700,0.0,0.0,0.0
2026-06,oraculo_directo,2,llegadas,1421700,0.0,0.0,0.0
2026-06,oraculo_directo,2,neto,1421700,0.0,0.0,0.0
2026-06,oraculo_directo,3,salidas,1340460,0.0,0.0,0.0
2026-06,oraculo_directo,3,llegadas,1340460,0.0,0.0,0.0
2026-06,oraculo_directo,3,neto,1340460,0.0,0.0,0.0
2026-06,oraculo_directo,4,salidas,1259220,0.0,0.0,0.0
2026-06,oraculo_directo,4,llegadas,1259220,0.0,0.0,0.0
2026-06,oraculo_directo,4,neto,1259220,0.0,0.0,0.0
2026-06,oraculo_directo,5,salidas,1177980,0.0,0.0,0.0
2026-06,oraculo_directo,5,llegadas,1177980,0.0,0.0,0.0
2026-06,oraculo_directo,5,neto,1177980,0.0,0.0,0.0
2026-07,ma_diaria,0,salidas,1636986,1.4880158891004305,0.4095561104067072,-0.013284288884316393
2026-07,ma_diaria,0,llegadas,1636986,1.403259881448388,0.38671677404248417,-0.01580741497076643
2026-07,ma_diaria,0,neto,1636986,1.528629171514525,0.8122597831321146,-0.0025231260864500386
2026-07,ma_diaria,1,salidas,1553038,1.5359673286654811,0.4078528737206562,-0.014226226423428837
2026-07,ma_diaria,1,llegadas,1553038,1.452636110776111,0.3848118455586213,-0.016781409865380605
2026-07,ma_diaria,1,neto,1553038,1.5716120052174087,0.8162239214154571,-0.002555183441951767
2026-07,ma_diaria,2,salidas,1469090,1.5612433823390333,0.40866803344354774,-0.016216983152418853
2026-07,ma_diaria,2,llegadas,1469090,1.4844289016148535,0.3850568847095202,-0.01852576588414103
2026-07,ma_diaria,2,neto,1469090,1.5895384746404642,0.8304355006108878,-0.002308782731722177
2026-07,ma_diaria,3,salidas,1385142,1.5577485939602835,0.4132032992898618,-0.012920485779237316
2026-07,ma_diaria,3,llegadas,1385142,1.4955000136243832,0.38999327222062247,-0.01626872347097214
2026-07,ma_diaria,3,neto,1385142,1.578518548938791,0.8560278551872165,-0.0033482376917348226
2026-07,ma_diaria,4,salidas,1301194,1.539502163583534,0.41840418110347144,-0.002664875169990044
2026-07,ma_diaria,4,llegadas,1301194,1.4913669613362546,0.39788703602230735,-0.007696780556499647
2026-07,ma_diaria,4,neto,1301194,1.5521393058368653,0.8810870533837334,-0.005031905386509603
2026-07,ma_diaria,5,salidas,1217246,1.5332256201112304,0.42086370916514265,0.003314268800913821
2026-07,ma_diaria,5,llegadas,1217246,1.486715198997103,0.4019873770720636,-0.0004438134565948534
2026-07,ma_diaria,5,neto,1217246,1.5382347334636464,0.8897583192809029,-0.0037580822575086744
2026-07,lgbm_diario,0,salidas,1636986,1.4741909803693511,0.4057509925392821,0.024455826776562346
2026-07,lgbm_diario,0,llegadas,1636986,1.3885945041990588,0.3826752223278275,0.016338955129137817
2026-07,lgbm_diario,0,neto,1636986,1.5215692889593444,0.8085084098232251,-0.008116871647424511
2026-07,lgbm_diario,1,salidas,1553038,1.520634864590161,0.40378156997764547,0.022707551259794914
2026-07,lgbm_diario,1,llegadas,1553038,1.4361229000081073,0.38043739894766726,0.014053708806993045
2026-07,lgbm_diario,1,neto,1553038,1.5647643048303188,0.812667536732677,-0.008653842452801812
2026-07,lgbm_diario,2,salidas,1469090,1.5448954992755903,0.40438884334540104,0.020092429797860908
2026-07,lgbm_diario,2,llegadas,1469090,1.4671869230855006,0.3805843616189777,0.01049438957685677
2026-07,lgbm_diario,2,neto,1469090,1.5828510216061473,0.8269417201853333,-0.009598040221004134
2026-07,lgbm_diario,3,salidas,1385142,1.540658653222521,0.40867007748186845,0.02720398006158461
2026-07,lgbm_diario,3,llegadas,1385142,1.4781377578267718,0.3854655805523142,0.013749320342173148
2026-07,lgbm_diario,3,neto,1385142,1.570954665736395,0.8519259745225981,-0.013454659719411403
2026-07,lgbm_diario,4,salidas,1301194,1.5218234452976656,0.41359947876376185,0.04236520384771138
2026-07,lgbm_diario,4,llegadas,1301194,1.4740301645163618,0.39326169103370207,0.025955949090607697
2026-07,lgbm_diario,4,neto,1301194,1.542969864952152,0.8758819306090527,-0.01640925475710368
2026-07,lgbm_diario,5,salidas,1217246,1.5162378078694654,0.4162006292003351,0.04718941074131891
2026-07,lgbm_diario,5,llegadas,1217246,1.47056139260416,0.397619609616663,0.03273043427276691
2026-07,lgbm_diario,5,neto,1217246,1.528639830771586,0.8842083571670397,-0.014458976468552008
2026-07,oraculo_diario,0,salidas,1636986,0.0,0.0,0.0
2026-07,oraculo_diario,0,llegadas,1636986,0.0,0.0,0.0
2026-07,oraculo_diario,0,neto,1636986,0.0,0.0,0.0
2026-07,oraculo_diario,1,salidas,1553038,0.0,0.0,0.0
2026-07,oraculo_diario,1,llegadas,1553038,0.0,0.0,0.0
2026-07,oraculo_diario,1,neto,1553038,0.0,0.0,0.0
2026-07,oraculo_diario,2,salidas,1469090,0.0,0.0,0.0
2026-07,oraculo_diario,2,llegadas,1469090,0.0,0.0,0.0
2026-07,oraculo_diario,2,neto,1469090,0.0,0.0,0.0
2026-07,oraculo_diario,3,salidas,1385142,0.0,0.0,0.0
2026-07,oraculo_diario,3,llegadas,1385142,0.0,0.0,0.0
2026-07,oraculo_diario,3,neto,1385142,0.0,0.0,0.0
2026-07,oraculo_diario,4,salidas,1301194,0.0,0.0,0.0
2026-07,oraculo_diario,4,llegadas,1301194,0.0,0.0,0.0
2026-07,oraculo_diario,4,neto,1301194,0.0,0.0,0.0
2026-07,oraculo_diario,5,salidas,1217246,0.0,0.0,0.0
2026-07,oraculo_diario,5,llegadas,1217246,0.0,0.0,0.0
2026-07,oraculo_diario,5,neto,1217246,0.0,0.0,0.0
2026-07,lgbm_directo,0,salidas,1636986,1.707144799201648,0.46924562401607617,0.014463673647021094
2026-07,lgbm_directo,0,llegadas,1636986,1.6038862869954797,0.441439546707585,0.015352912736064908
2026-07,lgbm_directo,0,neto,1636986,1.9008790287174981,0.8842596490267677,0.0008892390890437978
2026-07,lgbm_directo,1,salidas,1553038,1.7777689173377884,0.47081294488687453,0.012462476265130617
2026-07,lgbm_directo,1,llegadas,1553038,1.6770593277684056,0.4432350414806971,0.011703206086466926
2026-07,lgbm_directo,1,neto,1553038,1.9491494732713293,0.8839256288726226,-0.0007592701786636994
2026-07,lgbm_directo,2,salidas,1469090,1.813188179821443,0.4728703946220025,0.013594025673876381
2026-07,lgbm_directo,2,llegadas,1469090,1.72189672535888,0.4452049719518432,0.007179991813736842
2026-07,lgbm_directo,2,neto,1469090,1.967946172109215,0.8942196860102827,-0.006414033860139462
2026-07,lgbm_directo,3,salidas,1385142,1.8069414157953914,0.4785720274908564,0.024359904717000103
2026-07,lgbm_directo,3,llegadas,1385142,1.7380505265406307,0.45244492593337127,0.016080017686947758
2026-07,lgbm_directo,3,neto,1385142,1.9489166736466346,0.9165334084688446,-0.008279887030052405
2026-07,lgbm_directo,4,salidas,1301194,1.7827670312930268,0.48524833103293524,0.04254021884928448
2026-07,lgbm_directo,4,llegadas,1301194,1.7281705788009147,0.4625313009505696,0.032497697824437455
2026-07,lgbm_directo,4,neto,1301194,1.9103567639382524,0.9384790468875693,-0.010042521024847173
2026-07,lgbm_directo,5,salidas,1217246,1.7765783708810476,0.4877466191253019,0.048229490167477636
2026-07,lgbm_directo,5,llegadas,1217246,1.7257287702342037,0.4669845147394579,0.03674022121200329
2026-07,lgbm_directo,5,neto,1217246,1.8940290199270118,0.9442691581196014,-0.011489268955474464
2026-07,oraculo_directo,0,salidas,1636986,0.0,0.0,0.0
2026-07,oraculo_directo,0,llegadas,1636986,0.0,0.0,0.0
2026-07,oraculo_directo,0,neto,1636986,0.0,0.0,0.0
2026-07,oraculo_directo,1,salidas,1553038,0.0,0.0,0.0
2026-07,oraculo_directo,1,llegadas,1553038,0.0,0.0,0.0
2026-07,oraculo_directo,1,neto,1553038,0.0,0.0,0.0
2026-07,oraculo_directo,2,salidas,1469090,0.0,0.0,0.0
2026-07,oraculo_directo,2,llegadas,1469090,0.0,0.0,0.0
2026-07,oraculo_directo,2,neto,1469090,0.0,0.0,0.0
2026-07,oraculo_directo,3,salidas,1385142,0.0,0.0,0.0
2026-07,oraculo_directo,3,llegadas,1385142,0.0,0.0,0.0
2026-07,oraculo_directo,3,neto,1385142,0.0,0.0,0.0
2026-07,oraculo_directo,4,salidas,1301194,0.0,0.0,0.0
2026-07,oraculo_directo,4,llegadas,1301194,0.0,0.0,0.0
2026-07,oraculo_directo,4,neto,1301194,0.0,0.0,0.0
2026-07,oraculo_directo,5,salidas,1217246,0.0,0.0,0.0
2026-07,oraculo_directo,5,llegadas,1217246,0.0,0.0,0.0
2026-07,oraculo_directo,5,neto,1217246,0.0,0.0,0.0
2026-08,ma_diaria,0,salidas,1636986,1.4835738053383447,0.413565812149718,-0.02730699719574168
2026-08,ma_diaria,0,llegadas,1636986,1.4135669888866804,0.3944819614656609,-0.027875487286431307
2026-08,ma_diaria,0,neto,1636986,1.5139461334891928,0.8185611979217938,-0.000568490090689625
2026-08,ma_diaria,1,salidas,1553038,1.53168640224136,0.4119062757896907,-0.02723629258680983
2026-08,ma_diaria,1,llegadas,1553038,1.4635463577685437,0.39258239205352996,-0.02818207450134227
2026-08,ma_diaria,1,neto,1553038,1.5561196185956707,0.8221992616421897,-0.0009457819145324409
2026-08,ma_diaria,2,salidas,1469090,1.5586683503048782,0.41291921268639253,-0.02533390384384952
2026-08,ma_diaria,2,llegadas,1469090,1.4959357380265872,0.3927553330316291,-0.02679332622299061
2026-08,ma_diaria,2,neto,1469090,1.5743246586123172,0.8356899599831219,-0.0014594223791410922
2026-08,ma_diaria,3,salidas,1385142,1.5584897966806663,0.41778890269725344,-0.023217626348016905
2026-08,ma_diaria,3,llegadas,1385142,1.508693446848016,0.3976209691396498,-0.025147210280479008
2026-08,ma_diaria,3,neto,1385142,1.565847914795485,0.8605483316685073,-0.0019295839324621042
2026-08,ma_diaria,4,salidas,1301194,1.5408351087031327,0.423392536955596,-0.020259274459458777
2026-08,ma_diaria,4,llegadas,1301194,1.5051215046432083,0.4055625512763585,-0.022359708678296748
2026-08,ma_diaria,4,neto,1301194,1.5395127377312854,0.8855906567840439,-0.002100434218837968
2026-08,ma_diaria,5,salidas,1217246,1.5302541438530508,0.42595851990762085,-0.01753246321897482
2026-08,ma_diaria,5,llegadas,1217246,1.4966153073264636,0.40958414991809067,-0.018907368036149886
2026-08,ma_diaria,5,neto,1217246,1.5216791119933362,0.8947411625124915,-0.0013749048171750665
2026-08,lgbm_diario,0,salidas,1636986,1.4531645011551002,0.4050888165757882,0.04513323709377772
2026-08,lgbm_diario,0,llegadas,1636986,1.378724037014423,0.38475839257512867,0.04483017465216307
2026-08,lgbm_diario,0,neto,1636986,1.498181787303621,0.8100377228702901,-0.00030306244161462556
2026-08,lgbm_diario,1,salidas,1553038,1.4988969984931966,0.40308843868967686,0.045039550138910256
2026-08,lgbm_diario,1,llegadas,1553038,1.4258121510524577,0.38246054995661827,0.04450419543739415
2026-08,lgbm_diario,1,neto,1553038,1.5402102827085462,0.813793324165856,-0.0005353547015159752
2026-08,lgbm_diario,2,salidas,1469090,1.524276195310083,0.4038081137407692,0.04474487739650776
2026-08,lgbm_diario,2,llegadas,1469090,1.4564035771015014,0.3823762327568577,0.043840670746342014
2026-08,lgbm_diario,2,neto,1469090,1.558367755773725,0.8272196464288696,-0.0009042066501656372
2026-08,lgbm_diario,3,salidas,1385142,1.5224171209678017,0.4081187953692941,0.04791942911205962
2026-08,lgbm_diario,3,llegadas,1385142,1.468199355931071,0.38694862234284766,0.04431228252431467
2026-08,lgbm_diario,3,neto,1385142,1.5492595749761071,0.8514318216793618,-0.003607146587744846
2026-08,lgbm_diario,4,salidas,1301194,1.5034409121995147,0.4131173143599683,0.0547666246859421
2026-08,lgbm_diario,4,llegadas,1301194,1.4645064264761292,0.3946186144108534,0.048199671328445076
2026-08,lgbm_diario,4,neto,1301194,1.5213572352234253,0.8751468696063722,-0.006566953357496855
2026-08,lgbm_diario,5,salidas,1217246,1.4951025268624067,0.41617378525694826,0.05613023073190712
2026-08,lgbm_diario,5,llegadas,1217246,1.4583773333821968,0.39911942463038097,0.04991099587243484
2026-08,lgbm_diario,5,neto,1217246,1.5028834957572175,0.8836894161957441,-0.006219234859472141
2026-08,oraculo_diario,0,salidas,1636986,0.0,0.0,0.0
2026-08,oraculo_diario,0,llegadas,1636986,0.0,0.0,0.0
2026-08,oraculo_diario,0,neto,1636986,0.0,0.0,0.0
2026-08,oraculo_diario,1,salidas,1553038,0.0,0.0,0.0
2026-08,oraculo_diario,1,llegadas,1553038,0.0,0.0,0.0
2026-08,oraculo_diario,1,neto,1553038,0.0,0.0,0.0
2026-08,oraculo_diario,2,salidas,1469090,0.0,0.0,0.0
2026-08,oraculo_diario,2,llegadas,1469090,0.0,0.0,0.0
2026-08,oraculo_diario,2,neto,1469090,0.0,0.0,0.0
2026-08,oraculo_diario,3,salidas,1385142,0.0,0.0,0.0
2026-08,oraculo_diario,3,llegadas,1385142,0.0,0.0,0.0
2026-08,oraculo_diario,3,neto,1385142,0.0,0.0,0.0
2026-08,oraculo_diario,4,salidas,1301194,0.0,0.0,0.0
2026-08,oraculo_diario,4,llegadas,1301194,0.0,0.0,0.0
2026-08,oraculo_diario,4,neto,1301194,0.0,0.0,0.0
2026-08,oraculo_diario,5,salidas,1217246,0.0,0.0,0.0
2026-08,oraculo_diario,5,llegadas,1217246,0.0,0.0,0.0
2026-08,oraculo_diario,5,neto,1217246,0.0,0.0,0.0
2026-08,lgbm_directo,0,salidas,1636986,1.687897066096403,0.4698842877830845,0.043517644118065864
2026-08,lgbm_directo,0,llegadas,1636986,1.5937080215574597,0.4441910099591406,0.051370838654848795
2026-08,lgbm_directo,0,neto,1636986,1.8757528344636476,0.8849118035202762,0.007853194536783075
2026-08,lgbm_directo,1,salidas,1553038,1.7573925795236032,0.47134681817169105,0.042168887502566955
2026-08,lgbm_directo,1,llegadas,1553038,1.66601417895959,0.44586710863002316,0.050444873054090324
2026-08,lgbm_directo,1,neto,1553038,1.924026248146144,0.884665200665905,0.008275985551523394
2026-08,lgbm_directo,2,salidas,1469090,1.7949769909775968,0.47381422545785773,0.04936663375636294
2026-08,lgbm_directo,2,llegadas,1469090,1.710191186966041,0.44769552778600874,0.05163672628939935
2026-08,lgbm_directo,2,neto,1469090,1.9428669845600621,0.8941631159637383,0.002270092533036394
2026-08,lgbm_directo,3,salidas,1385142,1.7918653972899827,0.47938555302915214,0.055324854991981434
2026-08,lgbm_directo,3,llegadas,1385142,1.7271661915232217,0.454268481394369,0.05668544724735297
2026-08,lgbm_directo,3,neto,1385142,1.927289118210108,0.915370803453523,0.0013605922553715617
2026-08,lgbm_directo,4,salidas,1301194,1.7681878558495012,0.4864161985364601,0.0637253958508827
2026-08,lgbm_directo,4,llegadas,1301194,1.7182243709999816,0.4643648836272953,0.062016449872796246
2026-08,lgbm_directo,4,neto,1301194,1.888512127120897,0.9372425584324989,-0.0017089459780860736
2026-08,lgbm_directo,5,salidas,1217246,1.758561529626425,0.48955863553361917,0.06377060592692409
2026-08,lgbm_directo,5,llegadas,1217246,1.711919174432204,0.468871408166894,0.05979771079225596
2026-08,lgbm_directo,5,neto,1217246,1.8669432592278241,0.9431374155428841,-0.0039728951346682416
2026-08,oraculo_directo,0,salidas,1636986,0.0,0.0,0.0
2026-08,oraculo_directo,0,llegadas,1636986,0.0,0.0,0.0
2026-08,oraculo_directo,0,neto,1636986,0.0,0.0,0.0
2026-08,oraculo_directo,1,salidas,1553038,0.0,0.0,0.0
2026-08,oraculo_directo,1,llegadas,1553038,0.0,0.0,0.0
2026-08,oraculo_directo,1,neto,1553038,0.0,0.0,0.0
2026-08,oraculo_directo,2,salidas,1469090,0.0,0.0,0.0
2026-08,oraculo_directo,2,llegadas,1469090,0.0,0.0,0.0
2026-08,oraculo_directo,2,neto,1469090,0.0,0.0,0.0
2026-08,oraculo_directo,3,salidas,1385142,0.0,0.0,0.0
2026-08,oraculo_directo,3,llegadas,1385142,0.0,0.0,0.0
2026-08,oraculo_directo,3,neto,1385142,0.0,0.0,0.0
2026-08,oraculo_directo,4,salidas,1301194,0.0,0.0,0.0
2026-08,oraculo_directo,4,llegadas,1301194,0.0,0.0,0.0
2026-08,oraculo_directo,4,neto,1301194,0.0,0.0,0.0
2026-08,oraculo_directo,5,salidas,1217246,0.0,0.0,0.0
2026-08,oraculo_directo,5,llegadas,1217246,0.0,0.0,0.0
2026-08,oraculo_directo,5,neto,1217246,0.0,0.0,0.0
