corte,tick,hora,dias,k_validos,filas_por_target
elegir,0,05:00,16,6,64992
elegir,1,05:15,16,6,64992
elegir,2,05:30,15,6,60930
elegir,3,05:45,15,6,60930
elegir,4,06:00,15,6,60930
elegir,5,06:15,15,6,60930
elegir,6,06:30,15,6,60930
elegir,7,06:45,15,6,60930
elegir,8,07:00,15,6,60930
elegir,9,07:15,15,6,60930
elegir,10,07:30,16,6,64992
elegir,11,07:45,16,6,64992
elegir,12,08:00,16,6,64992
elegir,13,08:15,16,6,64992
elegir,14,08:30,15,6,60930
elegir,15,08:45,15,6,60930
elegir,16,09:00,15,6,60930
elegir,17,09:15,15,6,60930
elegir,18,09:30,15,6,60930
elegir,19,09:45,15,6,60930
elegir,20,10:00,15,6,60930
elegir,21,10:15,15,6,60930
elegir,22,10:30,16,6,64992
elegir,23,10:45,16,6,64992
elegir,24,11:00,16,6,64992
elegir,25,11:15,16,6,64992
elegir,26,11:30,15,6,60930
elegir,27,11:45,15,6,60930
elegir,28,12:00,15,6,60930
elegir,29,12:15,15,6,60930
elegir,30,12:30,15,6,60930
elegir,31,12:45,15,6,60930
elegir,32,13:00,15,6,60930
elegir,33,13:15,15,6,60930
elegir,34,13:30,16,6,64992
elegir,35,13:45,16,6,64992
elegir,36,14:00,16,6,64992
elegir,37,14:15,16,6,64992
elegir,38,14:30,15,6,60930
elegir,39,14:45,15,6,60930
elegir,40,15:00,15,6,60930
elegir,41,15:15,15,6,60930
elegir,42,15:30,15,6,60930
elegir,43,15:45,15,6,60930
elegir,44,16:00,15,6,60930
elegir,45,16:15,15,6,60930
elegir,46,16:30,16,6,64992
elegir,47,16:45,16,6,64992
elegir,48,17:00,16,6,64992
elegir,49,17:15,16,6,64992
elegir,50,17:30,15,6,60930
elegir,51,17:45,15,6,60930
elegir,52,18:00,15,6,60930
elegir,53,18:15,15,6,60930
elegir,54,18:30,15,6,60930
elegir,55,18:45,15,6,60930
elegir,56,19:00,15,6,60930
elegir,57,19:15,15,6,60930
elegir,58,19:30,16,5,54160
elegir,59,19:45,16,5,54160
elegir,60,20:00,16,5,54160
elegir,61,20:15,16,5,54160
elegir,62,20:30,15,4,40620
elegir,63,20:45,15,4,40620
elegir,64,21:00,15,4,40620
elegir,65,21:15,15,4,40620
elegir,66,21:30,15,3,30465
elegir,67,21:45,15,3,30465
elegir,68,22:00,15,3,30465
elegir,69,22:15,15,3,30465
elegir,70,22:30,16,2,21664
elegir,71,22:45,16,2,21664
elegir,72,23:00,16,2,21664
elegir,73,23:15,16,2,21664
elegir,74,23:30,15,1,10155
elegir,75,23:45,15,1,10155
elegir,76,00:00,15,1,10155
elegir,77,00:15,15,1,10155
prueba_1,0,05:00,18,6,73116
prueba_1,1,05:15,18,6,73116
prueba_1,2,05:30,18,6,73116
prueba_1,3,05:45,18,6,73116
prueba_1,4,06:00,18,6,73116
prueba_1,5,06:15,18,6,73116
prueba_1,6,06:30,18,6,73116
prueba_1,7,06:45,18,6,73116
prueba_1,8,07:00,18,6,73116
prueba_1,9,07:15,17,6,69054
prueba_1,10,07:30,18,6,73116
prueba_1,11,07:45,18,6,73116
prueba_1,12,08:00,18,6,73116
prueba_1,13,08:15,18,6,73116
prueba_1,14,08:30,18,6,73116
prueba_1,15,08:45,18,6,73116
prueba_1,16,09:00,18,6,73116
prueba_1,17,09:15,18,6,73116
prueba_1,18,09:30,18,6,73116
prueba_1,19,09:45,18,6,73116
prueba_1,20,10:00,18,6,73116
prueba_1,21,10:15,17,6,69054
prueba_1,22,10:30,18,6,73116
prueba_1,23,10:45,18,6,73116
prueba_1,24,11:00,18,6,73116
prueba_1,25,11:15,18,6,73116
prueba_1,26,11:30,18,6,73116
prueba_1,27,11:45,18,6,73116
prueba_1,28,12:00,18,6,73116
prueba_1,29,12:15,18,6,73116
prueba_1,30,12:30,18,6,73116
prueba_1,31,12:45,18,6,73116
prueba_1,32,13:00,18,6,73116
prueba_1,33,13:15,17,6,69054
prueba_1,34,13:30,18,6,73116
prueba_1,35,13:45,18,6,73116
prueba_1,36,14:00,18,6,73116
prueba_1,37,14:15,18,6,73116
prueba_1,38,14:30,18,6,73116
prueba_1,39,14:45,18,6,73116
prueba_1,40,15:00,18,6,73116
prueba_1,41,15:15,18,6,73116
prueba_1,42,15:30,18,6,73116
prueba_1,43,15:45,18,6,73116
prueba_1,44,16:00,18,6,73116
prueba_1,45,16:15,17,6,69054
prueba_1,46,16:30,18,6,73116
prueba_1,47,16:45,18,6,73116
prueba_1,48,17:00,18,6,73116
prueba_1,49,17:15,18,6,73116
prueba_1,50,17:30,18,6,73116
prueba_1,51,17:45,18,6,73116
prueba_1,52,18:00,18,6,73116
prueba_1,53,18:15,18,6,73116
prueba_1,54,18:30,18,6,73116
prueba_1,55,18:45,18,6,73116
prueba_1,56,19:00,18,6,73116
prueba_1,57,19:15,17,6,69054
prueba_1,58,19:30,18,5,60930
prueba_1,59,19:45,18,5,60930
prueba_1,60,20:00,18,5,60930
prueba_1,61,20:15,18,5,60930
prueba_1,62,20:30,18,4,48744
prueba_1,63,20:45,18,4,48744
prueba_1,64,21:00,18,4,48744
prueba_1,65,21:15,18,4,48744
prueba_1,66,21:30,18,3,36558
prueba_1,67,21:45,18,3,36558
prueba_1,68,22:00,18,3,36558
prueba_1,69,22:15,17,3,34527
prueba_1,70,22:30,18,2,24372
prueba_1,71,22:45,18,2,24372
prueba_1,72,23:00,18,2,24372
prueba_1,73,23:15,18,2,24372
prueba_1,74,23:30,18,1,12186
prueba_1,75,23:45,18,1,12186
prueba_1,76,00:00,18,1,12186
prueba_1,77,00:15,18,1,12186
prueba_2,0,05:00,18,6,73116
prueba_2,1,05:15,18,6,73116
prueba_2,2,05:30,18,6,73116
prueba_2,3,05:45,17,6,69054
prueba_2,4,06:00,17,6,69054
prueba_2,5,06:15,18,6,73116
prueba_2,6,06:30,18,6,73116
prueba_2,7,06:45,18,6,73116
prueba_2,8,07:00,18,6,73116
prueba_2,9,07:15,18,6,73116
prueba_2,10,07:30,18,6,73116
prueba_2,11,07:45,18,6,73116
prueba_2,12,08:00,18,6,73116
prueba_2,13,08:15,18,6,73116
prueba_2,14,08:30,18,6,73116
prueba_2,15,08:45,17,6,69054
prueba_2,16,09:00,17,6,69054
prueba_2,17,09:15,18,6,73116
prueba_2,18,09:30,18,6,73116
prueba_2,19,09:45,18,6,73116
prueba_2,20,10:00,18,6,73116
prueba_2,21,10:15,18,6,73116
prueba_2,22,10:30,18,6,73116
prueba_2,23,10:45,18,6,73116
prueba_2,24,11:00,18,6,73116
prueba_2,25,11:15,18,6,73116
prueba_2,26,11:30,18,6,73116
prueba_2,27,11:45,17,6,69054
prueba_2,28,12:00,17,6,69054
prueba_2,29,12:15,18,6,73116
prueba_2,30,12:30,18,6,73116
prueba_2,31,12:45,18,6,73116
prueba_2,32,13:00,18,6,73116
prueba_2,33,13:15,18,6,73116
prueba_2,34,13:30,18,6,73116
prueba_2,35,13:45,18,6,73116
prueba_2,36,14:00,18,6,73116
prueba_2,37,14:15,18,6,73116
prueba_2,38,14:30,18,6,73116
prueba_2,39,14:45,17,6,69054
prueba_2,40,15:00,17,6,69054
prueba_2,41,15:15,18,6,73116
prueba_2,42,15:30,18,6,73116
prueba_2,43,15:45,18,6,73116
prueba_2,44,16:00,18,6,73116
prueba_2,45,16:15,18,6,73116
prueba_2,46,16:30,18,6,73116
prueba_2,47,16:45,18,6,73116
prueba_2,48,17:00,18,6,73116
prueba_2,49,17:15,18,6,73116
prueba_2,50,17:30,18,6,73116
prueba_2,51,17:45,17,6,69054
prueba_2,52,18:00,17,6,69054
prueba_2,53,18:15,18,6,73116
prueba_2,54,18:30,18,6,73116
prueba_2,55,18:45,18,6,73116
prueba_2,56,19:00,18,6,73116
prueba_2,57,19:15,18,6,73116
prueba_2,58,19:30,18,5,60930
prueba_2,59,19:45,18,5,60930
prueba_2,60,20:00,18,5,60930
prueba_2,61,20:15,18,5,60930
prueba_2,62,20:30,18,4,48744
prueba_2,63,20:45,17,4,46036
prueba_2,64,21:00,17,4,46036
prueba_2,65,21:15,18,4,48744
prueba_2,66,21:30,18,3,36558
prueba_2,67,21:45,18,3,36558
prueba_2,68,22:00,18,3,36558
prueba_2,69,22:15,18,3,36558
prueba_2,70,22:30,18,2,24372
prueba_2,71,22:45,18,2,24372
prueba_2,72,23:00,18,2,24372
prueba_2,73,23:15,18,2,24372
prueba_2,74,23:30,18,1,12186
prueba_2,75,23:45,17,1,11509
prueba_2,76,00:00,17,1,11509
prueba_2,77,00:15,18,1,12186
prueba_3,0,05:00,18,6,73116
prueba_3,1,05:15,18,6,73116
prueba_3,2,05:30,18,6,73116
prueba_3,3,05:45,18,6,73116
prueba_3,4,06:00,18,6,73116
prueba_3,5,06:15,18,6,73116
prueba_3,6,06:30,18,6,73116
prueba_3,7,06:45,18,6,73116
prueba_3,8,07:00,18,6,73116
prueba_3,9,07:15,19,6,77178
prueba_3,10,07:30,18,6,73116
prueba_3,11,07:45,18,6,73116
prueba_3,12,08:00,18,6,73116
prueba_3,13,08:15,18,6,73116
prueba_3,14,08:30,18,6,73116
prueba_3,15,08:45,18,6,73116
prueba_3,16,09:00,18,6,73116
prueba_3,17,09:15,18,6,73116
prueba_3,18,09:30,18,6,73116
prueba_3,19,09:45,18,6,73116
prueba_3,20,10:00,18,6,73116
prueba_3,21,10:15,19,6,77178
prueba_3,22,10:30,18,6,73116
prueba_3,23,10:45,18,6,73116
prueba_3,24,11:00,18,6,73116
prueba_3,25,11:15,18,6,73116
prueba_3,26,11:30,18,6,73116
prueba_3,27,11:45,18,6,73116
prueba_3,28,12:00,18,6,73116
prueba_3,29,12:15,18,6,73116
prueba_3,30,12:30,18,6,73116
prueba_3,31,12:45,18,6,73116
prueba_3,32,13:00,18,6,73116
prueba_3,33,13:15,19,6,77178
prueba_3,34,13:30,18,6,73116
prueba_3,35,13:45,18,6,73116
prueba_3,36,14:00,18,6,73116
prueba_3,37,14:15,18,6,73116
prueba_3,38,14:30,18,6,73116
prueba_3,39,14:45,18,6,73116
prueba_3,40,15:00,18,6,73116
prueba_3,41,15:15,18,6,73116
prueba_3,42,15:30,18,6,73116
prueba_3,43,15:45,18,6,73116
prueba_3,44,16:00,18,6,73116
prueba_3,45,16:15,19,6,77178
prueba_3,46,16:30,18,6,73116
prueba_3,47,16:45,18,6,73116
prueba_3,48,17:00,18,6,73116
prueba_3,49,17:15,18,6,73116
prueba_3,50,17:30,18,6,73116
prueba_3,51,17:45,18,6,73116
prueba_3,52,18:00,18,6,73116
prueba_3,53,18:15,18,6,73116
prueba_3,54,18:30,18,6,73116
prueba_3,55,18:45,18,6,73116
prueba_3,56,19:00,18,6,73116
prueba_3,57,19:15,19,6,77178
prueba_3,58,19:30,18,5,60930
prueba_3,59,19:45,18,5,60930
prueba_3,60,20:00,18,5,60930
prueba_3,61,20:15,18,5,60930
prueba_3,62,20:30,18,4,48744
prueba_3,63,20:45,18,4,48744
prueba_3,64,21:00,18,4,48744
prueba_3,65,21:15,18,4,48744
prueba_3,66,21:30,18,3,36558
prueba_3,67,21:45,18,3,36558
prueba_3,68,22:00,18,3,36558
prueba_3,69,22:15,19,3,38589
prueba_3,70,22:30,18,2,24372
prueba_3,71,22:45,18,2,24372
prueba_3,72,23:00,18,2,24372
prueba_3,73,23:15,18,2,24372
prueba_3,74,23:30,18,1,12186
prueba_3,75,23:45,18,1,12186
prueba_3,76,00:00,18,1,12186
prueba_3,77,00:15,18,1,12186
prueba_4,0,05:00,18,6,73116
prueba_4,1,05:15,18,6,73116
prueba_4,2,05:30,18,6,73116
prueba_4,3,05:45,18,6,73116
prueba_4,4,06:00,18,6,73116
prueba_4,5,06:15,18,6,73116
prueba_4,6,06:30,18,6,73116
prueba_4,7,06:45,18,6,73116
prueba_4,8,07:00,18,6,73116
prueba_4,9,07:15,18,6,73116
prueba_4,10,07:30,18,6,73116
prueba_4,11,07:45,18,6,73116
prueba_4,12,08:00,18,6,73116
prueba_4,13,08:15,18,6,73116
prueba_4,14,08:30,18,6,73116
prueba_4,15,08:45,18,6,73116
prueba_4,16,09:00,18,6,73116
prueba_4,17,09:15,18,6,73116
prueba_4,18,09:30,18,6,73116
prueba_4,19,09:45,18,6,73116
prueba_4,20,10:00,18,6,73116
prueba_4,21,10:15,18,6,73116
prueba_4,22,10:30,18,6,73116
prueba_4,23,10:45,18,6,73116
prueba_4,24,11:00,18,6,73116
prueba_4,25,11:15,18,6,73116
prueba_4,26,11:30,18,6,73116
prueba_4,27,11:45,18,6,73116
prueba_4,28,12:00,18,6,73116
prueba_4,29,12:15,18,6,73116
prueba_4,30,12:30,18,6,73116
prueba_4,31,12:45,18,6,73116
prueba_4,32,13:00,18,6,73116
prueba_4,33,13:15,18,6,73116
prueba_4,34,13:30,18,6,73116
prueba_4,35,13:45,18,6,73116
prueba_4,36,14:00,18,6,73116
prueba_4,37,14:15,18,6,73116
prueba_4,38,14:30,18,6,73116
prueba_4,39,14:45,18,6,73116
prueba_4,40,15:00,18,6,73116
prueba_4,41,15:15,18,6,73116
prueba_4,42,15:30,18,6,73116
prueba_4,43,15:45,18,6,73116
prueba_4,44,16:00,18,6,73116
prueba_4,45,16:15,18,6,73116
prueba_4,46,16:30,18,6,73116
prueba_4,47,16:45,18,6,73116
prueba_4,48,17:00,18,6,73116
prueba_4,49,17:15,18,6,73116
prueba_4,50,17:30,18,6,73116
prueba_4,51,17:45,18,6,73116
prueba_4,52,18:00,18,6,73116
prueba_4,53,18:15,18,6,73116
prueba_4,54,18:30,18,6,73116
prueba_4,55,18:45,18,6,73116
prueba_4,56,19:00,18,6,73116
prueba_4,57,19:15,18,6,73116
prueba_4,58,19:30,18,5,60930
prueba_4,59,19:45,18,5,60930
prueba_4,60,20:00,18,5,60930
prueba_4,61,20:15,18,5,60930
prueba_4,62,20:30,18,4,48744
prueba_4,63,20:45,18,4,48744
prueba_4,64,21:00,18,4,48744
prueba_4,65,21:15,18,4,48744
prueba_4,66,21:30,18,3,36558
prueba_4,67,21:45,18,3,36558
prueba_4,68,22:00,18,3,36558
prueba_4,69,22:15,18,3,36558
prueba_4,70,22:30,18,2,24372
prueba_4,71,22:45,18,2,24372
prueba_4,72,23:00,18,2,24372
prueba_4,73,23:15,18,2,24372
prueba_4,74,23:30,18,1,12186
prueba_4,75,23:45,18,1,12186
prueba_4,76,00:00,18,1,12186
prueba_4,77,00:15,18,1,12186
prueba_5,0,05:00,18,6,73116
prueba_5,1,05:15,18,6,73116
prueba_5,2,05:30,18,6,73116
prueba_5,3,05:45,18,6,73116
prueba_5,4,06:00,18,6,73116
prueba_5,5,06:15,18,6,73116
prueba_5,6,06:30,18,6,73116
prueba_5,7,06:45,18,6,73116
prueba_5,8,07:00,18,6,73116
prueba_5,9,07:15,18,6,73116
prueba_5,10,07:30,19,6,77178
prueba_5,11,07:45,18,6,73116
prueba_5,12,08:00,18,6,73116
prueba_5,13,08:15,18,6,73116
prueba_5,14,08:30,18,6,73116
prueba_5,15,08:45,18,6,73116
prueba_5,16,09:00,18,6,73116
prueba_5,17,09:15,18,6,73116
prueba_5,18,09:30,18,6,73116
prueba_5,19,09:45,18,6,73116
prueba_5,20,10:00,18,6,73116
prueba_5,21,10:15,18,6,73116
prueba_5,22,10:30,19,6,77178
prueba_5,23,10:45,18,6,73116
prueba_5,24,11:00,18,6,73116
prueba_5,25,11:15,18,6,73116
prueba_5,26,11:30,18,6,73116
prueba_5,27,11:45,18,6,73116
prueba_5,28,12:00,18,6,73116
prueba_5,29,12:15,18,6,73116
prueba_5,30,12:30,18,6,73116
prueba_5,31,12:45,18,6,73116
prueba_5,32,13:00,18,6,73116
prueba_5,33,13:15,18,6,73116
prueba_5,34,13:30,19,6,77178
prueba_5,35,13:45,18,6,73116
prueba_5,36,14:00,18,6,73116
prueba_5,37,14:15,18,6,73116
prueba_5,38,14:30,18,6,73116
prueba_5,39,14:45,18,6,73116
prueba_5,40,15:00,18,6,73116
prueba_5,41,15:15,18,6,73116
prueba_5,42,15:30,18,6,73116
prueba_5,43,15:45,18,6,73116
prueba_5,44,16:00,18,6,73116
prueba_5,45,16:15,18,6,73116
prueba_5,46,16:30,19,6,77178
prueba_5,47,16:45,18,6,73116
prueba_5,48,17:00,18,6,73116
prueba_5,49,17:15,18,6,73116
prueba_5,50,17:30,18,6,73116
prueba_5,51,17:45,18,6,73116
prueba_5,52,18:00,18,6,73116
prueba_5,53,18:15,18,6,73116
prueba_5,54,18:30,18,6,73116
prueba_5,55,18:45,18,6,73116
prueba_5,56,19:00,18,6,73116
prueba_5,57,19:15,18,6,73116
prueba_5,58,19:30,19,5,64315
prueba_5,59,19:45,18,5,60930
prueba_5,60,20:00,18,5,60930
prueba_5,61,20:15,18,5,60930
prueba_5,62,20:30,18,4,48744
prueba_5,63,20:45,18,4,48744
prueba_5,64,21:00,18,4,48744
prueba_5,65,21:15,18,4,48744
prueba_5,66,21:30,18,3,36558
prueba_5,67,21:45,18,3,36558
prueba_5,68,22:00,18,3,36558
prueba_5,69,22:15,18,3,36558
prueba_5,70,22:30,19,2,25726
prueba_5,71,22:45,18,2,24372
prueba_5,72,23:00,18,2,24372
prueba_5,73,23:15,18,2,24372
prueba_5,74,23:30,18,1,12186
prueba_5,75,23:45,18,1,12186
prueba_5,76,00:00,18,1,12186
prueba_5,77,00:15,18,1,12186
prod_2026_02,0,05:00,18,6,73116
prod_2026_02,1,05:15,18,6,73116
prod_2026_02,2,05:30,18,6,73116
prod_2026_02,3,05:45,18,6,73116
prod_2026_02,4,06:00,18,6,73116
prod_2026_02,5,06:15,19,6,77178
prod_2026_02,6,06:30,18,6,73116
prod_2026_02,7,06:45,18,6,73116
prod_2026_02,8,07:00,18,6,73116
prod_2026_02,9,07:15,18,6,73116
prod_2026_02,10,07:30,18,6,73116
prod_2026_02,11,07:45,18,6,73116
prod_2026_02,12,08:00,18,6,73116
prod_2026_02,13,08:15,18,6,73116
prod_2026_02,14,08:30,18,6,73116
prod_2026_02,15,08:45,18,6,73116
prod_2026_02,16,09:00,18,6,73116
prod_2026_02,17,09:15,19,6,77178
prod_2026_02,18,09:30,18,6,73116
prod_2026_02,19,09:45,18,6,73116
prod_2026_02,20,10:00,18,6,73116
prod_2026_02,21,10:15,18,6,73116
prod_2026_02,22,10:30,18,6,73116
prod_2026_02,23,10:45,18,6,73116
prod_2026_02,24,11:00,18,6,73116
prod_2026_02,25,11:15,18,6,73116
prod_2026_02,26,11:30,18,6,73116
prod_2026_02,27,11:45,18,6,73116
prod_2026_02,28,12:00,18,6,73116
prod_2026_02,29,12:15,19,6,77178
prod_2026_02,30,12:30,18,6,73116
prod_2026_02,31,12:45,18,6,73116
prod_2026_02,32,13:00,18,6,73116
prod_2026_02,33,13:15,18,6,73116
prod_2026_02,34,13:30,18,6,73116
prod_2026_02,35,13:45,18,6,73116
prod_2026_02,36,14:00,18,6,73116
prod_2026_02,37,14:15,18,6,73116
prod_2026_02,38,14:30,18,6,73116
prod_2026_02,39,14:45,18,6,73116
prod_2026_02,40,15:00,18,6,73116
prod_2026_02,41,15:15,19,6,77178
prod_2026_02,42,15:30,18,6,73116
prod_2026_02,43,15:45,18,6,73116
prod_2026_02,44,16:00,18,6,73116
prod_2026_02,45,16:15,18,6,73116
prod_2026_02,46,16:30,18,6,73116
prod_2026_02,47,16:45,18,6,73116
prod_2026_02,48,17:00,18,6,73116
prod_2026_02,49,17:15,18,6,73116
prod_2026_02,50,17:30,18,6,73116
prod_2026_02,51,17:45,18,6,73116
prod_2026_02,52,18:00,18,6,73116
prod_2026_02,53,18:15,19,6,77178
prod_2026_02,54,18:30,18,6,73116
prod_2026_02,55,18:45,18,6,73116
prod_2026_02,56,19:00,18,6,73116
prod_2026_02,57,19:15,18,6,73116
prod_2026_02,58,19:30,18,5,60930
prod_2026_02,59,19:45,18,5,60930
prod_2026_02,60,20:00,18,5,60930
prod_2026_02,61,20:15,18,5,60930
prod_2026_02,62,20:30,18,4,48744
prod_2026_02,63,20:45,18,4,48744
prod_2026_02,64,21:00,18,4,48744
prod_2026_02,65,21:15,19,4,51452
prod_2026_02,66,21:30,18,3,36558
prod_2026_02,67,21:45,18,3,36558
prod_2026_02,68,22:00,18,3,36558
prod_2026_02,69,22:15,18,3,36558
prod_2026_02,70,22:30,18,2,24372
prod_2026_02,71,22:45,18,2,24372
prod_2026_02,72,23:00,18,2,24372
prod_2026_02,73,23:15,18,2,24372
prod_2026_02,74,23:30,18,1,12186
prod_2026_02,75,23:45,18,1,12186
prod_2026_02,76,00:00,18,1,12186
prod_2026_02,77,00:15,19,1,12863
prod_2026_03,0,05:00,18,6,73116
prod_2026_03,1,05:15,18,6,73116
prod_2026_03,2,05:30,18,6,73116
prod_2026_03,3,05:45,18,6,73116
prod_2026_03,4,06:00,18,6,73116
prod_2026_03,5,06:15,18,6,73116
prod_2026_03,6,06:30,18,6,73116
prod_2026_03,7,06:45,18,6,73116
prod_2026_03,8,07:00,18,6,73116
prod_2026_03,9,07:15,18,6,73116
prod_2026_03,10,07:30,17,6,69054
prod_2026_03,11,07:45,18,6,73116
prod_2026_03,12,08:00,18,6,73116
prod_2026_03,13,08:15,18,6,73116
prod_2026_03,14,08:30,18,6,73116
prod_2026_03,15,08:45,18,6,73116
prod_2026_03,16,09:00,18,6,73116
prod_2026_03,17,09:15,18,6,73116
prod_2026_03,18,09:30,18,6,73116
prod_2026_03,19,09:45,18,6,73116
prod_2026_03,20,10:00,18,6,73116
prod_2026_03,21,10:15,18,6,73116
prod_2026_03,22,10:30,17,6,69054
prod_2026_03,23,10:45,18,6,73116
prod_2026_03,24,11:00,18,6,73116
prod_2026_03,25,11:15,18,6,73116
prod_2026_03,26,11:30,18,6,73116
prod_2026_03,27,11:45,18,6,73116
prod_2026_03,28,12:00,18,6,73116
prod_2026_03,29,12:15,18,6,73116
prod_2026_03,30,12:30,18,6,73116
prod_2026_03,31,12:45,18,6,73116
prod_2026_03,32,13:00,18,6,73116
prod_2026_03,33,13:15,18,6,73116
prod_2026_03,34,13:30,17,6,69054
prod_2026_03,35,13:45,18,6,73116
prod_2026_03,36,14:00,18,6,73116
prod_2026_03,37,14:15,18,6,73116
prod_2026_03,38,14:30,18,6,73116
prod_2026_03,39,14:45,18,6,73116
prod_2026_03,40,15:00,18,6,73116
prod_2026_03,41,15:15,18,6,73116
prod_2026_03,42,15:30,18,6,73116
prod_2026_03,43,15:45,18,6,73116
prod_2026_03,44,16:00,18,6,73116
prod_2026_03,45,16:15,18,6,73116
prod_2026_03,46,16:30,17,6,69054
prod_2026_03,47,16:45,18,6,73116
prod_2026_03,48,17:00,18,6,73116
prod_2026_03,49,17:15,18,6,73116
prod_2026_03,50,17:30,18,6,73116
prod_2026_03,51,17:45,18,6,73116
prod_2026_03,52,18:00,18,6,73116
prod_2026_03,53,18:15,18,6,73116
prod_2026_03,54,18:30,18,6,73116
prod_2026_03,55,18:45,18,6,73116
prod_2026_03,56,19:00,18,6,73116
prod_2026_03,57,19:15,18,6,73116
prod_2026_03,58,19:30,17,5,57545
prod_2026_03,59,19:45,18,5,60930
prod_2026_03,60,20:00,18,5,60930
prod_2026_03,61,20:15,18,5,60930
prod_2026_03,62,20:30,18,4,48744
prod_2026_03,63,20:45,18,4,48744
prod_2026_03,64,21:00,18,4,48744
prod_2026_03,65,21:15,18,4,48744
prod_2026_03,66,21:30,18,3,36558
prod_2026_03,67,21:45,18,3,36558
prod_2026_03,68,22:00,18,3,36558
prod_2026_03,69,22:15,18,3,36558
prod_2026_03,70,22:30,17,2,23018
prod_2026_03,71,22:45,18,2,24372
prod_2026_03,72,23:00,18,2,24372
prod_2026_03,73,23:15,18,2,24372
prod_2026_03,74,23:30,18,1,12186
prod_2026_03,75,23:45,18,1,12186
prod_2026_03,76,00:00,18,1,12186
prod_2026_03,77,00:15,18,1,12186
prod_2026_04,0,05:00,17,6,69054
prod_2026_04,1,05:15,17,6,69054
prod_2026_04,2,05:30,17,6,69054
prod_2026_04,3,05:45,17,6,69054
prod_2026_04,4,06:00,17,6,69054
prod_2026_04,5,06:15,17,6,69054
prod_2026_04,6,06:30,18,6,73116
prod_2026_04,7,06:45,18,6,73116
prod_2026_04,8,07:00,17,6,69054
prod_2026_04,9,07:15,17,6,69054
prod_2026_04,10,07:30,17,6,69054
prod_2026_04,11,07:45,17,6,69054
prod_2026_04,12,08:00,17,6,69054
prod_2026_04,13,08:15,17,6,69054
prod_2026_04,14,08:30,17,6,69054
prod_2026_04,15,08:45,17,6,69054
prod_2026_04,16,09:00,17,6,69054
prod_2026_04,17,09:15,17,6,69054
prod_2026_04,18,09:30,18,6,73116
prod_2026_04,19,09:45,18,6,73116
prod_2026_04,20,10:00,17,6,69054
prod_2026_04,21,10:15,17,6,69054
prod_2026_04,22,10:30,17,6,69054
prod_2026_04,23,10:45,17,6,69054
prod_2026_04,24,11:00,17,6,69054
prod_2026_04,25,11:15,17,6,69054
prod_2026_04,26,11:30,17,6,69054
prod_2026_04,27,11:45,17,6,69054
prod_2026_04,28,12:00,17,6,69054
prod_2026_04,29,12:15,17,6,69054
prod_2026_04,30,12:30,18,6,73116
prod_2026_04,31,12:45,18,6,73116
prod_2026_04,32,13:00,17,6,69054
prod_2026_04,33,13:15,17,6,69054
prod_2026_04,34,13:30,17,6,69054
prod_2026_04,35,13:45,17,6,69054
prod_2026_04,36,14:00,17,6,69054
prod_2026_04,37,14:15,17,6,69054
prod_2026_04,38,14:30,17,6,69054
prod_2026_04,39,14:45,17,6,69054
prod_2026_04,40,15:00,17,6,69054
prod_2026_04,41,15:15,17,6,69054
prod_2026_04,42,15:30,18,6,73116
prod_2026_04,43,15:45,18,6,73116
prod_2026_04,44,16:00,17,6,69054
prod_2026_04,45,16:15,17,6,69054
prod_2026_04,46,16:30,17,6,69054
prod_2026_04,47,16:45,17,6,69054
prod_2026_04,48,17:00,17,6,69054
prod_2026_04,49,17:15,17,6,69054
prod_2026_04,50,17:30,17,6,69054
prod_2026_04,51,17:45,17,6,69054
prod_2026_04,52,18:00,17,6,69054
prod_2026_04,53,18:15,17,6,69054
prod_2026_04,54,18:30,18,6,73116
prod_2026_04,55,18:45,18,6,73116
prod_2026_04,56,19:00,17,6,69054
prod_2026_04,57,19:15,17,6,69054
prod_2026_04,58,19:30,17,5,57545
prod_2026_04,59,19:45,17,5,57545
prod_2026_04,60,20:00,17,5,57545
prod_2026_04,61,20:15,17,5,57545
prod_2026_04,62,20:30,17,4,46036
prod_2026_04,63,20:45,17,4,46036
prod_2026_04,64,21:00,17,4,46036
prod_2026_04,65,21:15,17,4,46036
prod_2026_04,66,21:30,18,3,36558
prod_2026_04,67,21:45,18,3,36558
prod_2026_04,68,22:00,17,3,34527
prod_2026_04,69,22:15,17,3,34527
prod_2026_04,70,22:30,17,2,23018
prod_2026_04,71,22:45,17,2,23018
prod_2026_04,72,23:00,17,2,23018
prod_2026_04,73,23:15,17,2,23018
prod_2026_04,74,23:30,17,1,11509
prod_2026_04,75,23:45,17,1,11509
prod_2026_04,76,00:00,17,1,11509
prod_2026_04,77,00:15,17,1,11509
prod_2026_05,0,05:00,16,6,64992
prod_2026_05,1,05:15,17,6,69054
prod_2026_05,2,05:30,17,6,69054
prod_2026_05,3,05:45,17,6,69054
prod_2026_05,4,06:00,17,6,69054
prod_2026_05,5,06:15,18,6,73116
prod_2026_05,6,06:30,18,6,73116
prod_2026_05,7,06:45,18,6,73116
prod_2026_05,8,07:00,17,6,69054
prod_2026_05,9,07:15,17,6,69054
prod_2026_05,10,07:30,17,6,69054
prod_2026_05,11,07:45,16,6,64992
prod_2026_05,12,08:00,16,6,64992
prod_2026_05,13,08:15,17,6,69054
prod_2026_05,14,08:30,17,6,69054
prod_2026_05,15,08:45,17,6,69054
prod_2026_05,16,09:00,17,6,69054
prod_2026_05,17,09:15,18,6,73116
prod_2026_05,18,09:30,18,6,73116
prod_2026_05,19,09:45,18,6,73116
prod_2026_05,20,10:00,17,6,69054
prod_2026_05,21,10:15,17,6,69054
prod_2026_05,22,10:30,17,6,69054
prod_2026_05,23,10:45,16,6,64992
prod_2026_05,24,11:00,16,6,64992
prod_2026_05,25,11:15,17,6,69054
prod_2026_05,26,11:30,17,6,69054
prod_2026_05,27,11:45,17,6,69054
prod_2026_05,28,12:00,17,6,69054
prod_2026_05,29,12:15,18,6,73116
prod_2026_05,30,12:30,18,6,73116
prod_2026_05,31,12:45,18,6,73116
prod_2026_05,32,13:00,17,6,69054
prod_2026_05,33,13:15,17,6,69054
prod_2026_05,34,13:30,17,6,69054
prod_2026_05,35,13:45,16,6,64992
prod_2026_05,36,14:00,16,6,64992
prod_2026_05,37,14:15,17,6,69054
prod_2026_05,38,14:30,17,6,69054
prod_2026_05,39,14:45,17,6,69054
prod_2026_05,40,15:00,17,6,69054
prod_2026_05,41,15:15,18,6,73116
prod_2026_05,42,15:30,18,6,73116
prod_2026_05,43,15:45,18,6,73116
prod_2026_05,44,16:00,17,6,69054
prod_2026_05,45,16:15,17,6,69054
prod_2026_05,46,16:30,17,6,69054
prod_2026_05,47,16:45,16,6,64992
prod_2026_05,48,17:00,16,6,64992
prod_2026_05,49,17:15,17,6,69054
prod_2026_05,50,17:30,17,6,69054
prod_2026_05,51,17:45,17,6,69054
prod_2026_05,52,18:00,17,6,69054
prod_2026_05,53,18:15,18,6,73116
prod_2026_05,54,18:30,18,6,73116
prod_2026_05,55,18:45,18,6,73116
prod_2026_05,56,19:00,17,6,69054
prod_2026_05,57,19:15,17,6,69054
prod_2026_05,58,19:30,17,5,57545
prod_2026_05,59,19:45,16,5,54160
prod_2026_05,60,20:00,16,5,54160
prod_2026_05,61,20:15,17,5,57545
prod_2026_05,62,20:30,17,4,46036
prod_2026_05,63,20:45,17,4,46036
prod_2026_05,64,21:00,17,4,46036
prod_2026_05,65,21:15,18,4,48744
prod_2026_05,66,21:30,18,3,36558
prod_2026_05,67,21:45,18,3,36558
prod_2026_05,68,22:00,17,3,34527
prod_2026_05,69,22:15,17,3,34527
prod_2026_05,70,22:30,17,2,23018
prod_2026_05,71,22:45,16,2,21664
prod_2026_05,72,23:00,16,2,21664
prod_2026_05,73,23:15,17,2,23018
prod_2026_05,74,23:30,17,1,11509
prod_2026_05,75,23:45,17,1,11509
prod_2026_05,76,00:00,17,1,11509
prod_2026_05,77,00:15,18,1,12186
prod_2026_06,0,05:00,17,6,69054
prod_2026_06,1,05:15,17,6,69054
prod_2026_06,2,05:30,17,6,69054
prod_2026_06,3,05:45,17,6,69054
prod_2026_06,4,06:00,17,6,69054
prod_2026_06,5,06:15,18,6,73116
prod_2026_06,6,06:30,17,6,69054
prod_2026_06,7,06:45,18,6,73116
prod_2026_06,8,07:00,17,6,69054
prod_2026_06,9,07:15,17,6,69054
prod_2026_06,10,07:30,17,6,69054
prod_2026_06,11,07:45,17,6,69054
prod_2026_06,12,08:00,17,6,69054
prod_2026_06,13,08:15,17,6,69054
prod_2026_06,14,08:30,17,6,69054
prod_2026_06,15,08:45,17,6,69054
prod_2026_06,16,09:00,17,6,69054
prod_2026_06,17,09:15,18,6,73116
prod_2026_06,18,09:30,17,6,69054
prod_2026_06,19,09:45,18,6,73116
prod_2026_06,20,10:00,17,6,69054
prod_2026_06,21,10:15,17,6,69054
prod_2026_06,22,10:30,17,6,69054
prod_2026_06,23,10:45,17,6,69054
prod_2026_06,24,11:00,17,6,69054
prod_2026_06,25,11:15,17,6,69054
prod_2026_06,26,11:30,17,6,69054
prod_2026_06,27,11:45,17,6,69054
prod_2026_06,28,12:00,17,6,69054
prod_2026_06,29,12:15,18,6,73116
prod_2026_06,30,12:30,17,6,69054
prod_2026_06,31,12:45,18,6,73116
prod_2026_06,32,13:00,17,6,69054
prod_2026_06,33,13:15,17,6,69054
prod_2026_06,34,13:30,17,6,69054
prod_2026_06,35,13:45,17,6,69054
prod_2026_06,36,14:00,17,6,69054
prod_2026_06,37,14:15,17,6,69054
prod_2026_06,38,14:30,17,6,69054
prod_2026_06,39,14:45,17,6,69054
prod_2026_06,40,15:00,17,6,69054
prod_2026_06,41,15:15,18,6,73116
prod_2026_06,42,15:30,17,6,69054
prod_2026_06,43,15:45,18,6,73116
prod_2026_06,44,16:00,17,6,69054
prod_2026_06,45,16:15,17,6,69054
prod_2026_06,46,16:30,17,6,69054
prod_2026_06,47,16:45,17,6,69054
prod_2026_06,48,17:00,17,6,69054
prod_2026_06,49,17:15,17,6,69054
prod_2026_06,50,17:30,17,6,69054
prod_2026_06,51,17:45,17,6,69054
prod_2026_06,52,18:00,17,6,69054
prod_2026_06,53,18:15,18,6,73116
prod_2026_06,54,18:30,17,6,69054
prod_2026_06,55,18:45,18,6,73116
prod_2026_06,56,19:00,17,6,69054
prod_2026_06,57,19:15,17,6,69054
prod_2026_06,58,19:30,17,5,57545
prod_2026_06,59,19:45,17,5,57545
prod_2026_06,60,20:00,17,5,57545
prod_2026_06,61,20:15,17,5,57545
prod_2026_06,62,20:30,17,4,46036
prod_2026_06,63,20:45,17,4,46036
prod_2026_06,64,21:00,17,4,46036
prod_2026_06,65,21:15,18,4,48744
prod_2026_06,66,21:30,17,3,34527
prod_2026_06,67,21:45,18,3,36558
prod_2026_06,68,22:00,17,3,34527
prod_2026_06,69,22:15,17,3,34527
prod_2026_06,70,22:30,17,2,23018
prod_2026_06,71,22:45,17,2,23018
prod_2026_06,72,23:00,17,2,23018
prod_2026_06,73,23:15,17,2,23018
prod_2026_06,74,23:30,17,1,11509
prod_2026_06,75,23:45,17,1,11509
prod_2026_06,76,00:00,17,1,11509
prod_2026_06,77,00:15,18,1,12186
prod_2026_07,0,05:00,16,6,64992
prod_2026_07,1,05:15,16,6,64992
prod_2026_07,2,05:30,17,6,69054
prod_2026_07,3,05:45,17,6,69054
prod_2026_07,4,06:00,17,6,69054
prod_2026_07,5,06:15,18,6,73116
prod_2026_07,6,06:30,18,6,73116
prod_2026_07,7,06:45,18,6,73116
prod_2026_07,8,07:00,17,6,69054
prod_2026_07,9,07:15,17,6,69054
prod_2026_07,10,07:30,17,6,69054
prod_2026_07,11,07:45,17,6,69054
prod_2026_07,12,08:00,16,6,64992
prod_2026_07,13,08:15,16,6,64992
prod_2026_07,14,08:30,17,6,69054
prod_2026_07,15,08:45,17,6,69054
prod_2026_07,16,09:00,17,6,69054
prod_2026_07,17,09:15,18,6,73116
prod_2026_07,18,09:30,18,6,73116
prod_2026_07,19,09:45,18,6,73116
prod_2026_07,20,10:00,17,6,69054
prod_2026_07,21,10:15,17,6,69054
prod_2026_07,22,10:30,17,6,69054
prod_2026_07,23,10:45,17,6,69054
prod_2026_07,24,11:00,16,6,64992
prod_2026_07,25,11:15,16,6,64992
prod_2026_07,26,11:30,17,6,69054
prod_2026_07,27,11:45,17,6,69054
prod_2026_07,28,12:00,17,6,69054
prod_2026_07,29,12:15,18,6,73116
prod_2026_07,30,12:30,18,6,73116
prod_2026_07,31,12:45,18,6,73116
prod_2026_07,32,13:00,17,6,69054
prod_2026_07,33,13:15,17,6,69054
prod_2026_07,34,13:30,17,6,69054
prod_2026_07,35,13:45,17,6,69054
prod_2026_07,36,14:00,16,6,64992
prod_2026_07,37,14:15,16,6,64992
prod_2026_07,38,14:30,17,6,69054
prod_2026_07,39,14:45,17,6,69054
prod_2026_07,40,15:00,17,6,69054
prod_2026_07,41,15:15,18,6,73116
prod_2026_07,42,15:30,18,6,73116
prod_2026_07,43,15:45,18,6,73116
prod_2026_07,44,16:00,17,6,69054
prod_2026_07,45,16:15,17,6,69054
prod_2026_07,46,16:30,17,6,69054
prod_2026_07,47,16:45,17,6,69054
prod_2026_07,48,17:00,16,6,64992
prod_2026_07,49,17:15,16,6,64992
prod_2026_07,50,17:30,17,6,69054
prod_2026_07,51,17:45,17,6,69054
prod_2026_07,52,18:00,17,6,69054
prod_2026_07,53,18:15,18,6,73116
prod_2026_07,54,18:30,18,6,73116
prod_2026_07,55,18:45,18,6,73116
prod_2026_07,56,19:00,17,6,69054
prod_2026_07,57,19:15,17,6,69054
prod_2026_07,58,19:30,17,5,57545
prod_2026_07,59,19:45,17,5,57545
prod_2026_07,60,20:00,16,5,54160
prod_2026_07,61,20:15,16,5,54160
prod_2026_07,62,20:30,17,4,46036
prod_2026_07,63,20:45,17,4,46036
prod_2026_07,64,21:00,17,4,46036
prod_2026_07,65,21:15,18,4,48744
prod_2026_07,66,21:30,18,3,36558
prod_2026_07,67,21:45,18,3,36558
prod_2026_07,68,22:00,17,3,34527
prod_2026_07,69,22:15,17,3,34527
prod_2026_07,70,22:30,17,2,23018
prod_2026_07,71,22:45,17,2,23018
prod_2026_07,72,23:00,16,2,21664
prod_2026_07,73,23:15,16,2,21664
prod_2026_07,74,23:30,17,1,11509
prod_2026_07,75,23:45,17,1,11509
prod_2026_07,76,00:00,17,1,11509
prod_2026_07,77,00:15,18,1,12186
prod_2026_08,0,05:00,17,6,69054
prod_2026_08,1,05:15,17,6,69054
prod_2026_08,2,05:30,17,6,69054
prod_2026_08,3,05:45,17,6,69054
prod_2026_08,4,06:00,17,6,69054
prod_2026_08,5,06:15,18,6,73116
prod_2026_08,6,06:30,18,6,73116
prod_2026_08,7,06:45,17,6,69054
prod_2026_08,8,07:00,17,6,69054
prod_2026_08,9,07:15,17,6,69054
prod_2026_08,10,07:30,17,6,69054
prod_2026_08,11,07:45,17,6,69054
prod_2026_08,12,08:00,17,6,69054
prod_2026_08,13,08:15,17,6,69054
prod_2026_08,14,08:30,17,6,69054
prod_2026_08,15,08:45,17,6,69054
prod_2026_08,16,09:00,17,6,69054
prod_2026_08,17,09:15,18,6,73116
prod_2026_08,18,09:30,18,6,73116
prod_2026_08,19,09:45,17,6,69054
prod_2026_08,20,10:00,17,6,69054
prod_2026_08,21,10:15,17,6,69054
prod_2026_08,22,10:30,17,6,69054
prod_2026_08,23,10:45,17,6,69054
prod_2026_08,24,11:00,17,6,69054
prod_2026_08,25,11:15,17,6,69054
prod_2026_08,26,11:30,17,6,69054
prod_2026_08,27,11:45,17,6,69054
prod_2026_08,28,12:00,17,6,69054
prod_2026_08,29,12:15,18,6,73116
prod_2026_08,30,12:30,18,6,73116
prod_2026_08,31,12:45,17,6,69054
prod_2026_08,32,13:00,17,6,69054
prod_2026_08,33,13:15,17,6,69054
prod_2026_08,34,13:30,17,6,69054
prod_2026_08,35,13:45,17,6,69054
prod_2026_08,36,14:00,17,6,69054
prod_2026_08,37,14:15,17,6,69054
prod_2026_08,38,14:30,17,6,69054
prod_2026_08,39,14:45,17,6,69054
prod_2026_08,40,15:00,17,6,69054
prod_2026_08,41,15:15,18,6,73116
prod_2026_08,42,15:30,18,6,73116
prod_2026_08,43,15:45,17,6,69054
prod_2026_08,44,16:00,17,6,69054
prod_2026_08,45,16:15,17,6,69054
prod_2026_08,46,16:30,17,6,69054
prod_2026_08,47,16:45,17,6,69054
prod_2026_08,48,17:00,17,6,69054
prod_2026_08,49,17:15,17,6,69054
prod_2026_08,50,17:30,17,6,69054
prod_2026_08,51,17:45,17,6,69054
prod_2026_08,52,18:00,17,6,69054
prod_2026_08,53,18:15,18,6,73116
prod_2026_08,54,18:30,18,6,73116
prod_2026_08,55,18:45,17,6,69054
prod_2026_08,56,19:00,17,6,69054
prod_2026_08,57,19:15,17,6,69054
prod_2026_08,58,19:30,17,5,57545
prod_2026_08,59,19:45,17,5,57545
prod_2026_08,60,20:00,17,5,57545
prod_2026_08,61,20:15,17,5,57545
prod_2026_08,62,20:30,17,4,46036
prod_2026_08,63,20:45,17,4,46036
prod_2026_08,64,21:00,17,4,46036
prod_2026_08,65,21:15,18,4,48744
prod_2026_08,66,21:30,18,3,36558
prod_2026_08,67,21:45,17,3,34527
prod_2026_08,68,22:00,17,3,34527
prod_2026_08,69,22:15,17,3,34527
prod_2026_08,70,22:30,17,2,23018
prod_2026_08,71,22:45,17,2,23018
prod_2026_08,72,23:00,17,2,23018
prod_2026_08,73,23:15,17,2,23018
prod_2026_08,74,23:30,17,1,11509
prod_2026_08,75,23:45,17,1,11509
prod_2026_08,76,00:00,17,1,11509
prod_2026_08,77,00:15,18,1,12186
