commit,stock_total,entran,salen,entran_acum,salen_acum,dif_acum,estaciones
15 05:23,6915,0,0,0,0,0,677
15 05:34,6884,60,91,60,91,-31,677
15 05:49,6781,92,195,152,286,-134,677
15 06:12,6679,304,406,456,692,-236,677
15 06:27,6581,212,310,668,1002,-334,677
15 06:49,6228,303,656,971,1658,-687,677
15 07:15,6057,636,807,1607,2465,-858,677
15 07:30,5889,458,626,2065,3091,-1026,677
15 07:44,5569,415,735,2480,3826,-1346,677
15 07:52,5484,389,474,2869,4300,-1431,677
15 08:07,5567,672,589,3541,4889,-1348,677
15 08:24,5455,595,707,4136,5596,-1460,677
15 08:39,5288,489,656,4625,6252,-1627,677
15 08:50,5151,421,558,5046,6810,-1764,677
15 09:08,5421,737,467,5783,7277,-1494,677
15 09:24,5620,642,443,6425,7720,-1295,677
15 09:35,5730,436,326,6861,8046,-1185,677
15 09:49,5725,461,466,7322,8512,-1190,677
15 10:07,5944,655,436,7977,8948,-971,677
15 10:25,5977,564,531,8541,9479,-938,677
15 10:39,5902,347,422,8888,9901,-1013,677
15 10:50,5871,363,394,9251,10295,-1044,677
15 11:06,6045,560,386,9811,10681,-870,677
15 11:23,6148,489,386,10300,11067,-767,677
15 11:35,6149,315,314,10615,11381,-766,677
15 11:49,6113,325,361,10940,11742,-802,677
15 12:09,6073,430,470,11370,12212,-842,677
15 12:26,6035,369,407,11739,12619,-880,677
15 12:42,6110,439,364,12178,12983,-805,677
15 12:52,6054,280,336,12458,13319,-861,677
15 13:06,6053,368,369,12826,13688,-862,677
15 13:22,6003,368,418,13194,14106,-912,677
15 13:34,6055,397,345,13591,14451,-860,677
15 13:49,5990,372,437,13963,14888,-925,677
15 14:07,5890,450,550,14413,15438,-1025,677
15 14:26,5847,481,524,14894,15962,-1068,677
15 14:38,5935,432,344,15326,16306,-980,677
15 14:49,5859,386,462,15712,16768,-1056,677
15 15:06,5823,489,525,16201,17293,-1092,677
15 15:23,5685,423,561,16624,17854,-1230,677
15 15:34,5734,437,388,17061,18242,-1181,677
15 15:49,5744,493,483,17554,18725,-1171,677
15 16:05,5860,552,436,18106,19161,-1055,677
15 16:23,5737,504,627,18610,19788,-1178,677
15 16:35,5741,396,392,19006,20180,-1174,677
15 16:49,5639,415,517,19421,20697,-1276,677
15 17:08,5551,564,652,19985,21349,-1364,677
15 17:23,5360,594,785,20579,22134,-1555,677
15 17:34,5609,561,312,21140,22446,-1306,677
15 17:49,5566,488,531,21628,22977,-1349,677
15 18:28,5223,783,1126,22411,24103,-1692,677
15 18:52,5394,807,636,23218,24739,-1521,677
15 19:35,5301,937,1030,24155,25769,-1614,677
15 20:16,5871,1189,619,25344,26388,-1044,677
15 20:48,5888,695,678,26039,27066,-1027,677
15 21:21,6145,768,511,26807,27577,-770,677
15 21:42,6423,659,381,27466,27958,-492,677
15 21:53,6503,312,232,27778,28190,-412,677
15 22:07,6578,337,262,28115,28452,-337,677
15 22:26,6641,325,262,28440,28714,-274,677
15 22:38,6676,231,196,28671,28910,-239,677
15 22:49,6707,210,179,28881,29089,-208,677
15 23:07,6731,245,221,29126,29310,-184,677
15 23:24,6770,223,184,29349,29494,-145,677
15 23:37,6758,161,173,29510,29667,-157,677
15 23:49,6749,139,148,29649,29815,-166,677
16 00:12,6820,230,159,29879,29974,-95,677
16 00:26,6891,154,83,30033,30057,-24,677
16 00:42,6938,79,32,30112,30089,23,677
16 00:52,6961,29,6,30141,30095,46,677
16 01:07,6987,26,0,30167,30095,72,677
16 01:24,6980,5,12,30172,30107,65,677
16 01:35,6986,20,14,30192,30121,71,677
16 01:48,7006,32,12,30224,30133,91,677
16 02:09,6897,25,134,30249,30267,-18,677
16 02:26,6929,111,79,30360,30346,14,677
16 02:41,6958,100,71,30460,30417,43,677
16 02:52,6917,58,99,30518,30516,2,677
16 03:08,6930,85,72,30603,30588,15,677
16 03:25,6963,96,63,30699,30651,48,677
16 03:37,6951,56,68,30755,30719,36,677
16 03:49,6901,26,76,30781,30795,-14,677
16 04:07,6941,118,78,30899,30873,26,677
16 04:25,6876,49,114,30948,30987,-39,677
16 04:39,6891,56,41,31004,31028,-24,677
16 04:49,6932,85,44,31089,31072,17,677
16 05:06,6907,52,77,31141,31149,-8,677
16 05:23,6886,61,82,31202,31231,-29,677
