slot,lab ≥1 media,lab p10,lab p50,lab p90,lab >1 media,fin ≥1 media,fin p10,fin p50,fin p90,fin >1 media,n lab
05:15,0.0,0.0,0.0,0.0,0.0,0.0,0.0,0.0,0.0,0.0,84
05:30,0.6547619047619048,0.0,0.0,2.0,0.17857142857142858,0.0,0.0,0.0,0.0,0.0,84
05:45,10.352941176470589,5.0,10.0,16.0,6.670588235294118,2.4857142857142858,0.0,2.0,5.0,0.8,85
06:15,18.811764705882354,11.4,19.0,25.200000000000017,12.31764705882353,4.4,1.0,4.0,8.200000000000003,2.342857142857143,85
07:15,32.476190476190474,23.1,33.5,41.0,19.80952380952381,10.147058823529411,7.0,9.5,15.099999999999998,5.147058823529412,42
07:30,38.08791208791209,25.0,37.0,52.0,21.373626373626372,9.030303030303031,4.0,9.0,13.8,4.484848484848484,91
07:45,36.333333333333336,22.2,28.0,66.80000000000001,19.21212121212121,11.35483870967742,6.0,10.0,18.0,5.741935483870968,33
08:00,43.46341463414634,29.1,44.0,61.70000000000002,24.573170731707318,17.085714285714285,11.4,17.0,23.6,9.028571428571428,82
08:15,48.694117647058825,33.8,49.0,66.20000000000002,28.83529411764706,18.714285714285715,13.0,19.0,24.6,9.971428571428572,85
08:30,49.55294117647059,36.0,48.0,67.0,31.988235294117647,14.142857142857142,10.0,13.0,19.6,7.428571428571429,85
08:45,45.9277108433735,34.0,45.0,58.0,30.301204819277107,15.885714285714286,10.4,15.0,21.6,7.4,83
09:00,59.13095238095238,42.0,57.5,76.0,41.404761904761905,23.82857142857143,14.4,24.0,33.6,11.685714285714285,84
09:15,61.785714285714285,45.900000000000006,62.5,73.7,47.13095238095238,22.685714285714287,15.4,22.0,30.800000000000004,11.714285714285714,84
09:30,45.86746987951807,35.400000000000006,46.0,57.8,35.74698795180723,16.17142857142857,9.4,15.0,26.0,8.82857142857143,83
09:45,51.416666666666664,39.0,51.0,64.0,40.38095238095238,22.34285714285714,15.200000000000001,21.0,30.6,11.371428571428572,84
10:00,66.91566265060241,54.0,67.0,82.6,54.81927710843374,27.742857142857144,17.6,25.0,38.60000000000001,16.228571428571428,83
10:15,63.397590361445786,48.0,64.0,77.0,52.0,31.114285714285714,19.200000000000003,28.0,47.800000000000004,17.02857142857143,83
10:30,57.654761904761905,45.6,55.5,70.7,46.01190476190476,25.176470588235293,12.0,21.0,47.8,14.970588235294118,84
10:45,45.79220779220779,35.6,44.0,58.80000000000001,37.493506493506494,20.516129032258064,11.0,18.0,32.0,11.129032258064516,77
11:00,55.63095238095238,44.0,54.5,65.7,46.05952380952381,24.257142857142856,16.0,24.0,30.0,13.114285714285714,84
11:15,57.01190476190476,47.3,55.0,69.4,47.5,26.857142857142858,19.4,26.0,35.2,15.971428571428572,84
11:30,39.265060240963855,32.0,39.0,47.0,31.49397590361446,18.91176470588235,11.3,17.0,27.4,10.794117647058824,83
11:45,38.98809523809524,28.0,38.0,45.0,31.11904761904762,20.571428571428573,12.4,18.0,29.200000000000003,10.8,84
12:00,51.26190476190476,40.300000000000004,48.0,59.8,42.5,26.8125,18.0,26.0,38.900000000000006,14.46875,42
12:15,42.82142857142857,34.0,41.0,55.7,33.535714285714285,28.285714285714285,15.4,24.0,49.2,17.257142857142856,84
12:30,39.30864197530864,28.0,38.0,50.0,30.45679012345679,24.82857142857143,12.4,22.0,46.0,13.914285714285715,81
12:45,28.10958904109589,21.0,28.0,36.599999999999994,21.273972602739725,15.6875,10.0,15.0,23.900000000000002,8.1875,73
13:00,32.373493975903614,23.0,31.0,40.0,23.734939759036145,21.285714285714285,12.4,19.0,29.200000000000003,10.685714285714285,83
13:15,35.2289156626506,26.0,34.0,43.8,24.867469879518072,20.914285714285715,11.8,19.0,27.6,10.571428571428571,83
13:30,27.05952380952381,18.0,27.0,34.0,18.25,18.37142857142857,7.600000000000001,18.0,27.0,8.342857142857143,84
13:45,31.44705882352941,22.0,29.0,41.0,19.905882352941177,21.142857142857142,10.4,19.0,30.6,8.914285714285715,85
14:00,37.56470588235294,25.0,35.0,51.0,23.941176470588236,25.228571428571428,13.4,22.0,38.00000000000001,12.885714285714286,85
14:15,38.8433734939759,27.0,38.0,53.39999999999999,23.349397590361445,25.885714285714286,16.4,23.0,37.2,12.6,83
14:30,31.457831325301203,20.200000000000003,29.0,41.599999999999994,19.08433734939759,21.057142857142857,14.0,20.0,28.6,11.514285714285714,83
14:45,33.13095238095238,20.0,30.0,46.7,20.38095238095238,20.62857142857143,13.0,19.0,31.000000000000007,12.057142857142857,84
15:00,36.392857142857146,24.0,33.5,51.7,21.61904761904762,19.228571428571428,12.4,17.0,30.200000000000003,9.514285714285714,84
15:15,35.666666666666664,21.6,32.0,45.0,18.5,18.514285714285716,12.0,17.0,25.800000000000004,7.542857142857143,84
15:30,26.464285714285715,16.0,25.0,34.80000000000001,14.44047619047619,15.457142857142857,7.4,13.0,27.400000000000006,7.4,84
15:45,32.5,17.6,28.5,45.10000000000001,18.86904761904762,18.62857142857143,8.4,17.0,32.800000000000004,9.17142857142857,84
16:00,35.45882352941177,21.0,34.0,52.0,21.070588235294117,19.6,12.0,17.0,32.40000000000001,9.914285714285715,85
16:15,34.595238095238095,21.3,33.0,52.500000000000014,19.75,19.142857142857142,10.0,18.0,28.200000000000003,9.114285714285714,84
16:30,28.226190476190474,16.0,25.0,45.400000000000006,16.30952380952381,14.6,8.4,13.0,25.000000000000007,7.057142857142857,84
16:45,31.714285714285715,20.0,28.0,49.400000000000006,18.797619047619047,15.142857142857142,8.0,15.0,24.6,8.428571428571429,84
17:00,43.142857142857146,24.3,40.5,64.90000000000002,28.488095238095237,20.885714285714286,10.0,20.0,32.20000000000001,12.285714285714286,84
17:15,54.92941176470588,30.4,49.0,75.20000000000002,36.8,23.8,14.0,22.0,34.6,14.942857142857143,85
17:30,45.34939759036145,29.0,40.0,54.8,30.50602409638554,17.58823529411765,10.0,18.5,23.7,11.176470588235293,83
17:45,55.917647058823526,36.0,53.0,69.20000000000002,38.32941176470588,21.34285714285714,13.0,20.0,34.800000000000004,13.714285714285714,85
21:00,48.0,48.0,48.0,48.0,35.0,,,,,,1
21:15,54.375,42.0,49.5,71.89999999999999,44.875,20.0,20.0,20.0,20.0,17.0,8
21:30,39.34285714285714,16.8,41.0,54.2,32.65714285714286,15.125,6.800000000000001,14.5,25.099999999999998,9.375,35
21:45,27.288888888888888,10.8,20.0,48.6,20.91111111111111,10.307692307692308,5.0,7.0,19.400000000000006,4.6923076923076925,45
22:00,16.6231884057971,6.0,14.0,31.60000000000001,9.768115942028986,7.391304347826087,2.4000000000000004,6.0,11.0,1.826086956521739,69
22:15,11.05,4.9,10.0,18.0,3.825,8.321428571428571,4.0,7.0,16.0,2.7857142857142856,80
22:30,8.025974025974026,2.0,7.0,14.400000000000006,2.987012987012987,5.857142857142857,1.7000000000000002,4.0,12.900000000000002,1.6428571428571428,77
22:45,5.0394736842105265,2.0,5.0,8.0,1.0657894736842106,4.521739130434782,1.2000000000000002,3.0,9.600000000000001,1.0869565217391304,76
23:00,5.329268292682927,1.0999999999999996,5.0,10.0,1.1219512195121952,4.8125,1.0,5.0,7.900000000000002,0.75,82
23:15,5.729411764705882,2.0,6.0,10.600000000000009,1.1764705882352942,4.852941176470588,1.0,4.0,9.7,0.9117647058823529,85
23:30,5.542168674698795,1.200000000000001,5.0,11.0,2.7951807228915664,4.411764705882353,0.30000000000000027,3.5,9.0,1.911764705882353,83
23:45,7.7023809523809526,2.0,6.0,14.700000000000003,5.345238095238095,5.352941176470588,1.0,5.0,11.7,2.9411764705882355,84
00:00,14.84,3.0,15.0,26.0,11.56,6.0,1.0,5.5,11.700000000000001,3.7857142857142856,25
00:15,19.988235294117647,7.4,21.0,31.0,12.91764705882353,14.17142857142857,8.0,13.0,20.0,7.885714285714286,85
