,activas,nuevas,regresa>=3,ausenta>=3,regresa>=7,ausenta>=7,regresa>=14,ausenta>=14,regresa>=30,ausenta>=30
2025-01-01,5032,,0,51.0,0,10.0,0,4.0,0,1.0
2025-01-02,6738,,0,182.0,0,19.0,0,10.0,0,5.0
2025-01-03,6728,,0,251.0,0,12.0,0,5.0,0,1.0
2025-01-04,6311,,22,118.0,0,26.0,0,7.0,0,4.0
2025-01-05,6241,,86,49.0,0,16.0,0,2.0,0,1.0
2025-01-06,6949,,260,99.0,0,38.0,0,16.0,0,4.0
2025-01-07,6930,,100,102.0,0,67.0,0,50.0,0,16.0
2025-01-08,6917,,73,110.0,1,58.0,0,36.0,0,17.0
2025-01-09,6894,,57,264.0,2,69.0,0,55.0,0,22.0
2025-01-10,6687,,49,334.0,4,49.0,0,9.0,0,5.0
2025-01-11,5989,,29,51.0,3,20.0,0,9.0,0,2.0
2025-01-12,5921,,79,48.0,2,27.0,0,7.0,0,3.0
2025-01-13,6820,,350,241.0,10,165.0,0,58.0,0,37.0
2025-01-14,6578,,141,329.0,52,274.0,0,92.0,0,38.0
2025-01-15,6421,,95,95.0,38,28.0,1,20.0,0,9.0
2025-01-16,6456,,73,400.0,6,112.0,1,79.0,0,32.0
2025-01-17,5960,,53,166.0,3,11.0,0,5.0,0,1.0
2025-01-18,5493,,22,30.0,1,5.0,1,1.0,0,1.0
2025-01-19,5846,,110,45.0,3,12.0,1,5.0,0,2.0
2025-01-20,6303,,322,145.0,23,25.0,0,10.0,0,3.0
2025-01-21,6361,,227,99.0,117,29.0,6,20.0,0,10.0
2025-01-22,6510,,179,201.0,133,119.0,3,65.0,0,22.0
2025-01-23,6276,,139,125.0,47,53.0,1,27.0,0,14.0
2025-01-24,6456,,132,219.0,55,16.0,4,12.0,0,7.0
2025-01-25,6001,,87,58.0,29,11.0,8,7.0,0,2.0
2025-01-26,6015,,69,27.0,16,9.0,2,2.0,0,0.0
2025-01-27,6529,,218,66.0,16,41.0,1,17.0,0,5.0
2025-01-28,6568,,126,195.0,41,157.0,29,82.0,0,14.0
2025-01-29,6480,,89,211.0,39,111.0,12,37.0,0,13.0
2025-01-30,6370,,97,191.0,68,84.0,57,34.0,0,16.0
2025-01-31,6274,,104,322.0,85,53.0,55,28.0,0,18.0
2025-02-01,5617,,41,145.0,22,5.0,7,4.0,0,2.0
2025-02-02,5712,,79,64.0,18,14.0,7,7.0,0,4.0
2025-02-03,5737,,232,22.0,7,7.0,2,1.0,0,0.0
2025-02-04,6513,,356,93.0,73,48.0,24,22.0,1,17.0
2025-02-05,6501,,191,78.0,119,42.0,44,34.0,3,21.0
2025-02-06,6546,,48,143.0,20,63.0,2,40.0,0,25.0
2025-02-07,6554,,139,239.0,94,46.0,24,21.0,0,9.0
2025-02-08,6107,,57,59.0,37,9.0,10,5.0,0,5.0
2025-02-09,6076,,55,54.0,13,11.0,3,5.0,1,2.0
2025-02-10,6520,,211,89.0,25,27.0,7,5.0,2,1.0
2025-02-11,6397,,72,72.0,6,39.0,0,11.0,0,10.0
2025-02-12,6503,,74,118.0,19,38.0,8,13.0,0,11.0
2025-02-13,6530,,207,253.0,126,68.0,91,27.0,19,24.0
2025-02-14,6339,,62,253.0,19,48.0,14,30.0,3,25.0
2025-02-15,5802,,58,59.0,12,13.0,6,1.0,0,0.0
2025-02-16,6009,,85,48.0,12,14.0,2,3.0,0,2.0
2025-02-17,6521,,343,125.0,67,44.0,39,24.0,5,7.0
2025-02-18,6484,,134,108.0,28,47.0,9,35.0,1,9.0
2025-02-19,6431,,68,114.0,24,27.0,3,14.0,0,3.0
2025-02-20,6409,,85,141.0,28,36.0,5,19.0,1,5.0
2025-02-21,6351,,86,150.0,39,14.0,16,5.0,5,2.0
2025-02-22,6130,,111,103.0,32,26.0,16,12.0,10,9.0
2025-02-23,6114,,117,73.0,36,28.0,27,11.0,12,6.0
2025-02-24,6517,,241,195.0,67,97.0,26,50.0,13,23.0
2025-02-25,6451,,152,87.0,60,42.0,38,29.0,7,14.0
2025-02-26,6434,,84,124.0,36,53.0,15,35.0,7,11.0
2025-02-27,6456,,109,258.0,23,53.0,5,35.0,1,14.0
2025-02-28,6219,,83,302.0,9,57.0,0,39.0,0,11.0
2025-03-01,5668,,32,57.0,3,9.0,0,6.0,0,1.0
2025-03-02,5864,0.0,143,73.0,9,24.0,1,21.0,0,9.0
2025-03-03,6349,0.0,311,145.0,57,84.0,10,57.0,0,16.0
2025-03-04,6281,0.0,132,148.0,27,74.0,4,36.0,0,12.0
2025-03-05,6263,0.0,103,266.0,23,187.0,2,148.0,0,18.0
2025-03-06,6016,0.0,81,275.0,18,142.0,4,82.0,2,13.0
2025-03-07,5899,0.0,100,423.0,24,112.0,2,54.0,0,18.0
2025-03-08,5174,1.0,54,97.0,9,21.0,2,12.0,0,8.0
2025-03-09,4974,1.0,79,62.0,3,23.0,1,13.0,1,6.0
2025-03-10,5792,0.0,322,219.0,18,100.0,2,65.0,0,41.0
2025-03-11,5610,0.0,142,233.0,19,164.0,5,115.0,1,109.0
2025-03-12,5505,0.0,85,184.0,18,112.0,2,66.0,0,55.0
2025-03-13,5531,0.0,148,208.0,35,76.0,4,53.0,0,35.0
2025-03-14,5500,0.0,164,630.0,70,64.0,5,44.0,0,32.0
2025-03-15,4410,0.0,84,205.0,46,23.0,17,14.0,5,12.0
2025-03-16,4411,0.0,127,101.0,47,47.0,28,27.0,12,21.0
2025-03-17,4548,0.0,480,43.0,51,30.0,42,17.0,3,11.0
2025-03-18,5664,0.0,507,225.0,156,166.0,113,95.0,46,52.0
2025-03-19,5760,0.0,276,1353.0,152,1109.0,108,995.0,19,647.0
2025-03-20,4543,0.0,119,687.0,96,377.0,22,220.0,5,77.0
2025-03-21,3909,0.0,66,540.0,49,12.0,12,3.0,0,3.0
2025-03-22,3434,0.0,73,23.0,3,3.0,3,3.0,1,2.0
2025-03-23,3433,0.0,226,24.0,14,3.0,6,3.0,0,3.0
2025-03-24,4573,0.0,907,50.0,128,11.0,97,9.0,2,3.0
2025-03-25,4647,0.0,151,47.0,104,15.0,31,14.0,1,3.0
2025-03-26,4725,0.0,157,39.0,113,21.0,87,14.0,12,6.0
2025-03-27,4926,0.0,196,91.0,152,60.0,51,32.0,4,12.0
2025-03-28,5076,0.0,257,283.0,205,129.0,31,99.0,2,34.0
2025-03-29,4711,0.0,14,268.0,10,230.0,0,173.0,0,115.0
2025-03-30,4204,0.0,14,24.0,8,13.0,2,6.0,0,2.0
2025-03-31,4694,0.0,139,63.0,1,36.0,0,22.0,0,5.0
2025-04-01,4621,0.0,44,45.0,1,24.0,1,9.0,0,2.0
2025-04-02,4635,0.0,42,47.0,3,14.0,0,1.0,0,0.0
2025-04-03,4693,0.0,80,74.0,38,8.0,31,1.0,0,1.0
2025-04-04,4636,0.0,46,83.0,28,10.0,23,4.0,1,1.0
2025-04-05,4520,0.0,18,29.0,2,5.0,0,3.0,0,2.0
2025-04-06,4511,0.0,46,20.0,13,5.0,0,3.0,0,0.0
2025-04-07,4733,0.0,160,34.0,55,12.0,19,7.0,0,2.0
2025-04-08,4788,0.0,111,61.0,75,26.0,42,17.0,5,0.0
2025-04-09,4759,0.0,112,56.0,88,30.0,40,12.0,5,3.0
2025-04-10,4874,0.0,69,46.0,54,22.0,45,6.0,10,2.0
2025-04-11,5016,0.0,182,91.0,141,30.0,123,9.0,6,5.0
2025-04-12,4891,0.0,82,72.0,69,21.0,67,4.0,4,2.0
2025-04-13,4733,0.0,76,37.0,50,12.0,48,7.0,2,4.0
2025-04-14,5128,0.0,218,62.0,156,17.0,144,8.0,15,3.0
2025-04-15,5194,0.0,128,63.0,85,13.0,82,3.0,10,1.0
2025-04-16,5193,0.0,96,120.0,70,11.0,65,5.0,3,3.0
2025-04-17,5167,4.0,148,103.0,106,13.0,99,6.0,39,2.0
2025-04-18,5202,19.0,127,102.0,82,14.0,70,8.0,53,5.0
2025-04-19,5223,3.0,166,41.0,76,4.0,46,1.0,42,0.0
2025-04-20,5306,1.0,164,46.0,91,14.0,88,7.0,86,4.0
2025-04-21,5747,1.0,288,94.0,158,29.0,140,19.0,131,13.0
2025-04-22,5915,88.0,164,58.0,114,10.0,94,5.0,77,1.0
2025-04-23,5995,49.0,113,57.0,85,18.0,78,8.0,75,2.0
2025-04-24,6145,96.0,110,156.0,61,41.0,54,27.0,53,17.0
2025-04-25,6161,53.0,139,241.0,88,38.0,80,17.0,80,10.0
2025-04-26,5740,1.0,59,83.0,33,13.0,26,6.0,23,3.0
2025-04-27,5620,5.0,118,55.0,42,15.0,38,6.0,28,2.0
2025-04-28,6289,13.0,284,140.0,62,45.0,54,14.0,52,2.0
2025-04-29,6168,24.0,180,199.0,102,49.0,99,17.0,93,5.0
2025-04-30,6195,3.0,83,286.0,33,91.0,27,59.0,22,3.0
2025-05-01,5256,1.0,86,43.0,27,11.0,23,7.0,18,3.0
2025-05-02,6244,0.0,211,402.0,39,172.0,19,132.0,13,10.0
2025-05-03,5719,0.0,133,113.0,25,32.0,19,17.0,12,1.0
2025-05-04,5554,0.0,92,95.0,26,28.0,20,13.0,14,1.0
2025-05-05,6013,0.0,370,81.0,125,49.0,97,31.0,86,1.0
2025-05-06,6291,1.0,222,230.0,100,107.0,79,39.0,78,2.0
2025-05-07,6256,0.0,201,290.0,124,151.0,74,128.0,71,8.0
2025-05-08,5917,1.0,89,179.0,44,63.0,31,54.0,29,2.0
2025-05-09,6042,0.0,159,319.0,75,48.0,66,35.0,63,4.0
2025-05-10,5614,0.0,149,73.0,73,13.0,59,7.0,57,1.0
2025-05-11,5543,0.0,124,46.0,20,16.0,12,7.0,9,0.0
2025-05-12,6176,0.0,378,80.0,43,26.0,27,9.0,25,3.0
2025-05-13,6352,0.0,156,107.0,38,30.0,23,4.0,20,2.0
2025-05-14,6215,0.0,64,167.0,26,40.0,4,8.0,1,2.0
2025-05-15,6275,0.0,139,315.0,91,85.0,5,16.0,0,2.0
2025-05-16,5947,0.0,92,215.0,37,29.0,26,6.0,0,4.0
2025-05-17,5594,0.0,71,86.0,15,16.0,12,7.0,0,2.0
2025-05-18,5617,0.0,140,93.0,21,24.0,9,3.0,0,1.0
2025-05-19,6267,2.0,400,109.0,113,40.0,79,11.0,49,3.0
2025-05-20,6398,14.0,250,170.0,110,100.0,93,85.0,61,7.0
2025-05-21,6395,1.0,212,210.0,141,133.0,119,108.0,98,3.0
2025-05-22,6349,0.0,153,233.0,83,131.0,54,104.0,41,4.0
2025-05-23,6409,1.0,224,361.0,153,105.0,122,50.0,73,1.0
2025-05-24,5809,0.0,89,156.0,25,30.0,14,5.0,4,1.0
2025-05-25,5552,0.0,58,97.0,11,37.0,2,9.0,1,1.0
2025-05-26,6274,0.0,423,160.0,139,73.0,61,16.0,6,1.0
2025-05-27,6427,0.0,247,136.0,90,41.0,66,10.0,3,3.0
2025-05-28,6411,0.0,183,175.0,104,41.0,87,9.0,2,1.0
2025-05-29,6380,6.0,156,248.0,89,35.0,75,7.0,11,1.0
2025-05-30,6215,0.0,169,417.0,66,43.0,45,10.0,3,5.0
2025-05-31,5604,1.0,68,127.0,12,19.0,6,4.0,0,0.0
2025-06-01,5744,0.0,188,66.0,42,22.0,20,7.0,3,0.0
2025-06-02,6371,0.0,383,193.0,51,83.0,4,16.0,0,3.0
2025-06-03,6537,1.0,335,288.0,63,137.0,13,17.0,5,0.0
2025-06-04,6494,0.0,221,312.0,139,140.0,107,37.0,4,0.0
2025-06-05,6276,0.0,257,192.0,213,44.0,167,23.0,2,0.0
2025-06-06,6502,0.0,261,400.0,123,66.0,54,22.0,3,1.0
2025-06-07,5771,0.0,89,103.0,12,18.0,5,4.0,0,0.0
2025-06-08,5598,0.0,122,69.0,19,26.0,5,1.0,0,0.0
2025-06-09,6707,0.0,554,188.0,80,91.0,17,14.0,1,0.0
2025-06-10,6689,0.0,213,183.0,66,76.0,5,17.0,0,0.0
2025-06-11,6637,0.0,173,211.0,116,87.0,8,9.0,1,0.0
2025-06-12,6510,0.0,161,177.0,76,40.0,10,6.0,0,0.0
2025-06-13,6575,0.0,152,528.0,49,73.0,4,6.0,1,0.0
2025-06-14,5883,0.0,82,184.0,8,16.0,1,2.0,0,0.0
2025-06-15,5471,0.0,87,77.0,14,17.0,4,4.0,0,1.0
2025-06-16,6199,0.0,405,66.0,39,23.0,8,1.0,0,0.0
2025-06-17,6700,0.0,405,120.0,98,30.0,21,8.0,3,1.0
2025-06-18,6838,0.0,235,214.0,101,34.0,11,8.0,0,2.0
2025-06-19,6660,0.0,178,270.0,118,21.0,58,3.0,14,1.0
2025-06-20,6656,0.0,158,613.0,82,34.0,14,4.0,4,0.0
2025-06-21,5960,0.0,144,186.0,39,18.0,22,1.0,4,1.0
2025-06-22,4677,0.0,97,35.0,8,9.0,5,2.0,5,0.0
2025-06-23,6874,0.0,723,178.0,83,36.0,43,3.0,7,3.0
2025-06-24,6876,1.0,404,145.0,108,37.0,52,6.0,18,2.0
2025-06-25,6879,0.0,111,284.0,32,37.0,11,21.0,5,10.0
2025-06-26,6704,0.0,162,184.0,33,18.0,12,5.0,5,3.0
2025-06-27,6795,3.0,149,408.0,64,17.0,46,7.0,37,2.0
2025-06-28,6116,0.0,125,113.0,45,11.0,33,2.0,31,0.0
2025-06-29,5908,0.0,124,46.0,13,5.0,1,2.0,0,1.0
2025-06-30,7096,0.0,593,110.0,49,30.0,13,7.0,1,5.0
2025-07-01,7123,0.0,233,126.0,48,26.0,6,8.0,2,3.0
2025-07-02,7083,0.0,92,84.0,24,22.0,5,7.0,0,3.0
2025-07-03,7121,0.0,110,211.0,31,33.0,8,13.0,0,9.0
2025-07-04,7112,0.0,129,520.0,25,45.0,6,22.0,0,18.0
2025-07-05,6109,0.0,40,88.0,3,10.0,2,5.0,0,5.0
2025-07-06,6282,0.0,107,71.0,6,14.0,2,7.0,0,6.0
2025-07-07,6971,0.0,446,107.0,11,22.0,1,7.0,0,5.0
2025-07-08,7117,4.0,230,155.0,22,34.0,3,11.0,0,9.0
2025-07-09,6947,0.0,82,136.0,14,35.0,1,9.0,0,7.0
2025-07-10,6918,0.0,70,213.0,18,47.0,4,12.0,0,8.0
2025-07-11,6933,0.0,172,491.0,31,41.0,9,14.0,1,12.0
2025-07-12,6115,0.0,85,128.0,19,13.0,3,1.0,0,0.0
2025-07-13,6244,0.0,161,94.0,17,16.0,2,2.0,0,0.0
2025-07-14,6864,0.0,394,137.0,11,31.0,1,8.0,0,4.0
2025-07-15,6865,0.0,210,95.0,20,12.0,4,5.0,0,5.0
2025-07-16,6899,0.0,118,132.0,19,18.0,2,3.0,0,2.0
2025-07-17,6969,0.0,174,177.0,46,33.0,9,10.0,1,5.0
2025-07-18,6958,0.0,106,362.0,36,19.0,8,2.0,3,2.0
2025-07-19,6194,0.0,97,89.0,10,11.0,0,6.0,0,5.0
2025-07-20,6339,0.0,130,60.0,19,14.0,0,3.0,0,1.0
2025-07-21,7068,0.0,395,118.0,31,25.0,7,2.0,1,1.0
2025-07-22,6908,0.0,115,100.0,13,17.0,0,3.0,0,3.0
2025-07-23,6962,0.0,103,137.0,19,35.0,2,15.0,1,11.0
2025-07-24,7030,0.0,132,219.0,25,22.0,3,9.0,0,6.0
2025-07-25,6823,0.0,82,508.0,12,18.0,1,7.0,0,7.0
2025-07-26,6097,0.0,64,158.0,7,14.0,0,5.0,0,4.0
2025-07-27,5992,0.0,97,58.0,3,18.0,1,12.0,0,11.0
2025-07-28,6698,0.0,386,81.0,19,17.0,1,5.0,0,3.0
2025-07-29,6984,0.0,306,117.0,33,26.0,5,11.0,0,6.0
2025-07-30,6999,0.0,188,131.0,26,28.0,1,9.0,0,5.0
2025-07-31,6862,0.0,125,198.0,27,28.0,6,10.0,0,6.0
2025-08-01,6813,0.0,104,529.0,19,29.0,3,9.0,0,4.0
2025-08-02,6001,0.0,77,57.0,5,9.0,1,4.0,1,3.0
2025-08-03,6295,0.0,135,134.0,12,17.0,3,3.0,0,1.0
2025-08-04,6908,0.0,438,283.0,12,39.0,2,10.0,0,7.0
2025-08-05,6322,0.0,125,100.0,4,27.0,0,9.0,0,5.0
2025-08-06,6351,0.0,157,93.0,16,28.0,1,3.0,0,1.0
2025-08-07,6830,0.0,247,174.0,17,43.0,2,16.0,0,11.0
2025-08-08,6839,0.0,155,642.0,26,52.0,3,17.0,0,11.0
2025-08-09,5793,0.0,61,201.0,13,27.0,3,10.0,0,7.0
2025-08-10,5743,0.0,94,165.0,9,32.0,0,7.0,0,3.0
2025-08-11,6289,0.0,414,173.0,14,40.0,2,10.0,0,6.0
2025-08-12,6466,0.0,322,190.0,22,58.0,2,13.0,0,9.0
2025-08-13,6315,0.0,198,230.0,23,111.0,2,10.0,0,8.0
2025-08-14,6394,0.0,228,215.0,39,48.0,3,7.0,1,1.0
2025-08-15,6558,0.0,201,484.0,40,22.0,5,9.0,0,7.0
2025-08-16,5703,0.0,77,77.0,10,7.0,0,2.0,0,2.0
2025-08-17,5961,0.0,126,115.0,17,28.0,2,7.0,0,4.0
2025-08-18,6308,0.0,344,90.0,22,23.0,1,7.0,0,6.0
2025-08-19,6667,0.0,321,165.0,46,65.0,5,11.0,0,6.0
2025-08-20,6608,0.0,175,225.0,60,40.0,4,10.0,0,8.0
2025-08-21,6557,0.0,154,661.0,63,40.0,4,10.0,0,7.0
2025-08-22,6041,1.0,133,807.0,63,41.0,7,10.0,6,10.0
2025-08-23,5167,1.0,80,86.0,31,6.0,7,3.0,1,2.0
2025-08-24,5294,0.0,314,55.0,14,16.0,4,6.0,1,4.0
2025-08-25,6448,0.0,942,112.0,28,45.0,5,20.0,1,12.0
2025-08-26,6761,0.0,393,173.0,54,76.0,8,17.0,0,8.0
2025-08-27,6581,0.0,151,184.0,32,60.0,3,13.0,0,7.0
2025-08-28,6578,0.0,117,377.0,43,47.0,3,10.0,0,4.0
2025-08-29,6195,0.0,143,782.0,72,23.0,24,7.0,22,2.0
2025-08-30,5560,0.0,116,511.0,14,24.0,5,7.0,4,2.0
2025-08-31,5062,0.0,78,94.0,4,9.0,2,5.0,1,4.0
2025-09-01,5798,0.0,721,77.0,15,17.0,0,2.0,0,1.0
2025-09-02,6221,0.0,546,80.0,28,32.0,5,12.0,1,5.0
2025-09-03,6749,0.0,447,216.0,78,55.0,8,5.0,2,1.0
2025-09-04,6614,0.0,161,334.0,50,46.0,7,17.0,1,8.0
2025-09-05,6282,0.0,73,786.0,29,33.0,2,16.0,0,8.0
2025-09-06,5628,0.0,85,142.0,11,14.0,1,7.0,0,6.0
2025-09-07,4992,0.0,89,19.0,5,7.0,0,3.0,0,2.0
2025-09-08,6567,0.0,818,100.0,19,22.0,4,11.0,0,4.0
2025-09-09,6560,0.0,295,132.0,31,44.0,5,18.0,0,7.0
2025-09-10,6670,0.0,144,214.0,40,99.0,6,31.0,0,14.0
2025-09-11,6529,0.0,147,260.0,46,65.0,7,16.0,2,13.0
2025-09-12,6439,0.0,90,713.0,23,75.0,5,24.0,0,15.0
2025-09-13,5403,0.0,74,224.0,13,32.0,0,17.0,0,11.0
2025-09-14,5271,0.0,107,249.0,7,21.0,2,10.0,0,5.0
2025-09-15,6111,0.0,609,199.0,21,49.0,3,22.0,0,10.0
2025-09-16,5008,0.0,102,26.0,5,8.0,1,4.0,0,0.0
2025-09-17,6498,0.0,500,178.0,51,58.0,1,29.0,0,8.0
2025-09-18,6472,0.0,265,331.0,53,116.0,9,85.0,1,39.0
2025-09-19,6101,0.0,90,400.0,40,49.0,6,38.0,3,23.0
2025-09-20,5879,0.0,113,160.0,31,26.0,3,14.0,1,5.0
2025-09-21,5207,0.0,66,32.0,10,12.0,2,7.0,2,1.0
2025-09-22,6201,0.0,341,64.0,33,26.0,6,11.0,1,8.0
2025-09-23,6532,0.0,384,119.0,64,57.0,17,24.0,6,3.0
2025-09-24,6584,0.0,163,244.0,86,97.0,54,39.0,26,8.0
2025-09-25,6348,0.0,82,273.0,42,50.0,19,23.0,12,13.0
2025-09-26,6050,0.0,55,472.0,15,32.0,3,9.0,0,3.0
2025-09-27,5385,0.0,91,110.0,8,24.0,1,9.0,0,3.0
2025-09-28,5193,0.0,65,20.0,6,10.0,2,3.0,0,1.0
2025-09-29,6399,0.0,593,78.0,29,49.0,8,12.0,0,1.0
2025-09-30,6377,0.0,196,131.0,42,61.0,14,13.0,1,5.0
2025-10-01,6442,0.0,131,263.0,65,72.0,6,16.0,0,6.0
2025-10-02,6125,0.0,58,376.0,23,53.0,2,10.0,0,7.0
2025-10-03,5873,0.0,61,740.0,21,33.0,2,13.0,0,6.0
2025-10-04,5034,0.0,69,125.0,7,0.0,1,0.0,1,0.0
2025-10-05,4881,0.0,103,20.0,2,3.0,0,1.0,0,1.0
2025-10-06,5979,0.0,797,72.0,34,18.0,7,5.0,0,0.0
2025-10-07,6372,0.0,435,100.0,92,31.0,42,15.0,0,7.0
2025-10-08,6136,0.0,108,76.0,32,32.0,4,16.0,0,9.0
2025-10-09,6567,0.0,247,229.0,145,71.0,57,33.0,8,14.0
2025-10-10,6367,0.0,134,334.0,80,12.0,48,3.0,32,0.0
2025-10-11,5987,0.0,95,108.0,69,7.0,64,2.0,62,1.0
2025-10-12,5619,0.0,61,47.0,21,7.0,18,1.0,17,1.0
2025-10-13,6523,1.0,440,133.0,84,39.0,53,13.0,15,6.0
2025-10-14,6553,0.0,205,104.0,44,36.0,29,9.0,5,4.0
2025-10-15,6493,0.0,80,112.0,11,30.0,3,15.0,0,6.0
2025-10-16,6591,0.0,143,152.0,44,25.0,16,11.0,4,5.0
2025-10-17,6515,0.0,86,426.0,21,27.0,5,8.0,3,1.0
2025-10-18,5987,0.0,69,275.0,10,11.0,1,3.0,0,2.0
2025-10-19,5515,0.0,55,58.0,4,8.0,0,3.0,0,1.0
2025-10-20,5942,0.0,323,41.0,25,21.0,8,5.0,7,0.0
2025-10-21,6789,0.0,553,159.0,112,60.0,75,22.0,66,2.0
2025-10-22,6706,2.0,123,284.0,33,71.0,17,25.0,9,4.0
2025-10-23,6114,0.0,30,231.0,8,28.0,3,14.0,0,0.0
2025-10-24,6327,0.0,90,702.0,17,43.0,4,16.0,0,1.0
2025-10-25,5605,0.0,150,95.0,61,13.0,45,7.0,40,0.0
2025-10-26,5096,0.0,79,39.0,17,10.0,14,6.0,10,0.0
2025-10-27,6570,0.0,852,242.0,121,86.0,99,39.0,69,1.0
2025-10-28,6535,0.0,273,312.0,40,130.0,10,54.0,4,1.0
2025-10-29,6163,0.0,159,273.0,62,112.0,18,40.0,7,2.0
2025-10-30,6145,0.0,141,364.0,32,81.0,8,23.0,2,2.0
2025-10-31,6137,0.0,206,528.0,26,40.0,6,10.0,1,0.0
2025-11-01,5546,0.0,87,195.0,6,12.0,1,3.0,0,0.0
2025-11-02,4916,0.0,95,25.0,2,7.0,0,2.0,0,0.0
2025-11-03,6089,0.0,537,80.0,27,28.0,3,5.0,1,2.0
2025-11-04,6456,0.0,472,180.0,65,61.0,5,13.0,1,2.0
2025-11-05,6358,0.0,117,129.0,43,43.0,7,12.0,3,0.0
2025-11-06,6421,0.0,174,341.0,98,53.0,7,17.0,1,1.0
2025-11-07,6267,0.0,101,1082.0,37,39.0,15,10.0,10,1.0
2025-11-08,5046,0.0,75,75.0,31,4.0,16,1.0,14,0.0
2025-11-09,4633,0.0,38,20.0,10,7.0,8,5.0,7,1.0
2025-11-10,6303,0.0,1131,106.0,24,39.0,6,19.0,3,2.0
2025-11-11,6598,0.0,430,132.0,159,71.0,91,17.0,29,1.0
2025-11-12,6604,0.0,178,190.0,97,138.0,58,27.0,2,6.0
2025-11-13,6401,0.0,129,300.0,52,117.0,16,23.0,0,9.0
2025-11-14,6429,0.0,176,800.0,102,95.0,45,27.0,2,6.0
2025-11-15,5603,0.0,119,303.0,91,17.0,78,2.0,42,1.0
2025-11-16,5251,0.0,110,106.0,52,16.0,44,5.0,31,0.0
2025-11-17,5126,0.0,147,42.0,15,9.0,12,4.0,10,1.0
2025-11-18,6089,0.0,514,149.0,32,69.0,9,19.0,2,6.0
2025-11-19,6363,0.0,627,184.0,128,68.0,58,22.0,47,14.0
2025-11-20,6576,0.0,270,510.0,124,222.0,34,99.0,22,85.0
2025-11-21,6237,0.0,139,750.0,67,58.0,7,2.0,0,2.0
2025-11-22,5384,0.0,46,118.0,19,16.0,3,1.0,1,1.0
2025-11-23,4993,0.0,95,15.0,18,5.0,2,1.0,0,1.0
2025-11-24,6315,0.0,750,73.0,58,25.0,10,2.0,1,1.0
2025-11-25,6617,0.0,445,244.0,100,80.0,20,12.0,4,2.0
2025-11-26,6496,0.0,143,269.0,65,28.0,22,16.0,4,10.0
2025-11-27,6365,0.0,101,148.0,53,22.0,11,6.0,0,2.0
2025-11-28,6320,0.0,67,342.0,26,20.0,12,8.0,1,1.0
2025-11-29,5828,0.0,114,83.0,26,10.0,7,4.0,0,2.0
2025-11-30,5465,0.0,162,21.0,19,9.0,5,3.0,1,3.0
2025-12-01,6650,0.0,497,77.0,58,40.0,14,6.0,1,3.0
2025-12-02,6874,0.0,340,122.0,153,52.0,32,8.0,5,3.0
2025-12-03,6867,0.0,145,256.0,100,38.0,22,10.0,0,3.0
2025-12-04,6649,0.0,49,281.0,10,35.0,2,5.0,0,1.0
2025-12-05,6418,0.0,53,625.0,10,25.0,2,5.0,0,2.0
2025-12-06,5601,0.0,34,76.0,4,4.0,0,2.0,0,0.0
2025-12-07,5434,0.0,102,20.0,3,5.0,0,2.0,0,0.0
2025-12-08,6634,0.0,745,78.0,23,22.0,4,6.0,0,2.0
2025-12-09,6888,0.0,345,199.0,74,29.0,22,5.0,0,3.0
2025-12-10,6601,0.0,59,59.0,20,15.0,2,8.0,0,3.0
2025-12-11,6709,0.0,83,162.0,31,17.0,4,6.0,1,3.0
2025-12-12,6718,0.0,150,373.0,30,24.0,4,13.0,0,4.0
2025-12-13,6158,0.0,81,134.0,17,13.0,3,6.0,0,1.0
2025-12-14,5815,0.0,96,29.0,17,10.0,6,7.0,0,2.0
2025-12-15,6760,0.0,382,88.0,18,23.0,4,9.0,0,2.0
2025-12-16,6761,0.0,192,124.0,24,44.0,3,19.0,0,2.0
2025-12-17,6737,0.0,81,149.0,18,48.0,3,21.0,0,3.0
2025-12-18,6519,0.0,63,240.0,17,61.0,5,38.0,1,3.0
2025-12-19,6530,0.0,99,677.0,18,101.0,2,43.0,1,1.0
2025-12-20,5750,0.0,91,177.0,12,33.0,2,17.0,0,3.0
2025-12-21,5249,0.0,48,61.0,10,30.0,7,8.0,0,0.0
2025-12-22,6186,0.0,442,317.0,21,218.0,11,91.0,10,2.0
2025-12-23,6404,0.0,521,738.0,89,130.0,73,43.0,70,3.0
2025-12-24,5727,0.0,130,325.0,52,26.0,39,2.0,32,0.0
2025-12-25,3987,0.0,35,76.0,7,12.0,2,6.0,1,2.0
2025-12-26,5940,0.0,532,320.0,46,43.0,7,9.0,3,3.0
2025-12-27,5604,0.0,354,166.0,27,25.0,4,6.0,0,1.0
2025-12-28,5604,0.0,173,103.0,16,28.0,2,5.0,0,1.0
2025-12-29,6114,0.0,311,190.0,46,37.0,8,9.0,0,0.0
2025-12-30,6068,0.0,255,520.0,75,30.0,5,6.0,1,1.0
2025-12-31,5760,0.0,147,324.0,49,37.0,8,6.0,2,1.0
2026-01-01,4140,0.0,78,181.0,19,16.0,7,5.0,0,0.0
2026-01-02,6003,0.0,551,625.0,94,21.0,22,6.0,2,2.0
2026-01-03,5355,0.0,324,125.0,98,16.0,19,7.0,0,1.0
2026-01-04,5145,0.0,152,114.0,20,14.0,4,4.0,0,2.0
2026-01-05,6472,0.0,855,200.0,124,120.0,75,50.0,5,4.0
2026-01-06,6235,0.0,266,186.0,117,94.0,91,12.0,1,4.0
2026-01-07,6558,0.0,200,182.0,50,63.0,11,17.0,1,4.0
2026-01-08,6466,0.0,145,217.0,41,67.0,14,22.0,0,3.0
2026-01-09,6285,0.0,72,510.0,18,93.0,5,22.0,0,5.0
2026-01-10,5638,0.0,52,90.0,9,13.0,2,3.0,1,1.0
2026-01-11,5372,0.0,81,27.0,5,7.0,1,1.0,0,0.0
2026-01-12,6434,0.0,502,156.0,35,65.0,9,7.0,1,4.0
2026-01-13,6500,0.0,258,248.0,76,135.0,7,5.0,1,3.0
2026-01-14,6271,0.0,99,153.0,42,83.0,5,5.0,1,3.0
2026-01-15,6248,0.0,93,106.0,21,14.0,5,3.0,0,2.0
2026-01-16,6376,0.0,167,269.0,109,21.0,25,7.0,5,6.0
2026-01-17,5868,0.0,92,55.0,50,9.0,30,3.0,7,2.0
2026-01-18,5854,0.0,99,26.0,14,6.0,5,2.0,0,0.0
2026-01-19,6575,0.0,358,69.0,65,12.0,35,3.0,3,3.0
2026-01-20,6658,1.0,222,116.0,131,19.0,44,9.0,18,6.0
2026-01-21,6701,0.0,190,69.0,148,14.0,11,7.0,3,3.0
2026-01-22,6830,0.0,156,275.0,106,28.0,35,10.0,7,7.0
2026-01-23,6575,1.0,130,364.0,66,27.0,18,17.0,5,11.0
2026-01-24,6116,0.0,69,120.0,11,8.0,4,3.0,0,1.0
2026-01-25,5734,0.0,64,35.0,8,11.0,2,5.0,1,4.0
2026-01-26,6662,0.0,394,48.0,22,15.0,14,5.0,2,2.0
2026-01-27,6838,0.0,212,97.0,17,27.0,6,7.0,1,4.0
2026-01-28,6861,0.0,141,193.0,13,58.0,3,20.0,0,17.0
2026-01-29,6470,0.0,44,124.0,8,16.0,0,4.0,0,2.0
2026-01-30,6665,0.0,86,835.0,17,29.0,3,7.0,0,5.0
2026-01-31,5695,0.0,54,260.0,2,11.0,0,6.0,0,5.0
2026-02-01,5187,0.0,62,36.0,5,4.0,0,2.0,0,2.0
2026-02-02,5877,0.0,630,35.0,9,11.0,1,4.0,0,2.0
2026-02-03,6770,0.0,469,118.0,18,39.0,1,13.0,0,9.0
2026-02-04,6643,0.0,147,128.0,31,65.0,1,11.0,0,9.0
2026-02-05,6752,0.0,100,219.0,36,21.0,6,11.0,1,9.0
2026-02-06,6551,0.0,75,559.0,12,26.0,3,8.0,1,6.0
2026-02-07,5747,0.0,30,68.0,5,9.0,0,6.0,0,5.0
2026-02-08,5595,0.0,46,30.0,5,5.0,1,0.0,0,0.0
2026-02-09,6619,0.0,581,118.0,23,38.0,6,14.0,1,8.0
2026-02-10,6638,0.0,237,160.0,21,52.0,3,14.0,0,8.0
2026-02-11,6595,0.0,70,126.0,22,47.0,1,15.0,0,6.0
2026-02-12,6525,0.0,83,177.0,47,25.0,4,15.0,0,3.0
2026-02-13,6488,0.0,83,818.0,22,30.0,3,15.0,0,2.0
2026-02-14,5466,0.0,96,79.0,7,7.0,1,3.0,0,1.0
2026-02-15,5231,0.0,76,21.0,5,7.0,0,2.0,0,1.0
2026-02-16,6547,0.0,766,78.0,11,44.0,1,16.0,0,10.0
2026-02-17,6587,0.0,264,129.0,43,60.0,7,15.0,0,8.0
2026-02-18,6613,0.0,119,157.0,50,57.0,7,24.0,4,14.0
2026-02-19,6388,0.0,50,203.0,23,106.0,8,24.0,3,20.0
2026-02-20,6364,0.0,64,802.0,14,129.0,4,17.0,2,11.0
2026-02-21,5517,0.0,80,112.0,4,17.0,0,8.0,0,5.0
2026-02-22,4916,0.0,39,19.0,6,7.0,0,3.0,0,3.0
2026-02-23,6186,0.0,567,138.0,13,36.0,3,21.0,1,19.0
2026-02-24,6263,0.0,289,108.0,25,35.0,4,10.0,2,10.0
2026-02-25,6175,0.0,73,75.0,18,29.0,2,15.0,0,9.0
2026-02-26,6224,0.0,63,162.0,24,32.0,2,15.0,0,14.0
2026-02-27,6322,0.0,215,596.0,91,35.0,13,21.0,1,20.0
2026-02-28,5528,0.0,96,64.0,65,8.0,14,4.0,0,3.0
2026-03-01,5344,0.0,122,16.0,78,5.0,2,1.0,0,1.0
2026-03-02,6434,0.0,575,95.0,49,45.0,9,28.0,0,28.0
2026-03-03,6488,0.0,231,128.0,43,72.0,7,45.0,1,45.0
2026-03-04,6387,0.0,64,164.0,26,70.0,7,57.0,0,54.0
2026-03-05,6338,0.0,72,218.0,19,46.0,4,43.0,0,42.0
2026-03-06,6177,0.0,50,228.0,11,32.0,6,27.0,0,26.0
2026-03-07,5868,0.0,55,73.0,8,12.0,1,7.0,0,6.0
2026-03-08,5541,0.0,78,12.0,11,7.0,2,5.0,0,5.0
2026-03-09,6319,0.0,271,50.0,24,25.0,7,10.0,1,9.0
2026-03-10,6425,1.0,180,94.0,36,43.0,5,26.0,1,25.0
2026-03-11,6368,0.0,77,225.0,24,61.0,3,44.0,0,40.0
2026-03-12,6065,0.0,22,182.0,6,30.0,2,21.0,0,16.0
2026-03-13,5985,0.0,46,397.0,6,16.0,1,7.0,0,3.0
2026-03-14,5562,0.0,114,168.0,6,7.0,2,7.0,0,4.0
2026-03-15,5347,0.0,116,66.0,3,6.0,2,4.0,1,2.0
2026-03-16,5485,0.0,321,34.0,10,21.0,2,20.0,0,15.0
2026-03-17,6202,0.0,314,49.0,33,31.0,22,31.0,22,9.0
2026-03-18,6404,0.0,183,216.0,72,118.0,47,118.0,39,35.0
2026-03-19,6112,1.0,43,195.0,16,106.0,4,46.0,1,11.0
2026-03-20,6009,0.0,25,349.0,12,220.0,1,57.0,0,11.0
2026-03-21,5542,0.0,42,300.0,6,300.0,0,37.0,0,6.0
2026-03-22,5271,0.0,113,458.0,6,458.0,1,27.0,0,7.0
2026-03-23,5346,0.0,189,5338.0,5,5336.0,0,185.0,0,31.0
2026-03-24,0,0.0,0,0.0,0,0.0,0,0.0,0,0.0
2026-03-25,1,0.0,1,1.0,0,1.0,0,1.0,0,0.0
2026-03-26,1,0.0,1,1.0,0,1.0,0,1.0,0,0.0
2026-03-27,1,0.0,1,1.0,0,1.0,0,1.0,0,0.0
2026-03-28,0,0.0,0,0.0,0,0.0,0,0.0,0,0.0
2026-03-29,0,0.0,0,0.0,0,0.0,0,0.0,0,0.0
2026-03-30,1,0.0,1,0.0,1,0.0,0,0.0,0,0.0
2026-03-31,108,0.0,108,0.0,108,0.0,2,0.0,0,0.0
2026-04-01,5928,0.0,5819,166.0,5819,50.0,82,14.0,4,7.0
2026-04-02,5645,0.0,175,217.0,175,30.0,10,7.0,1,5.0
2026-04-03,5483,0.0,44,233.0,44,20.0,10,6.0,0,2.0
2026-04-04,5096,0.0,71,26.0,20,4.0,7,3.0,0,0.0
2026-04-05,5507,0.0,151,35.0,15,16.0,3,4.0,1,1.0
2026-04-06,5930,0.0,300,112.0,17,59.0,17,11.0,0,6.0
2026-04-07,5691,0.0,55,262.0,15,180.0,15,11.0,1,4.0
2026-04-08,5642,0.0,64,282.0,32,162.0,30,15.0,17,13.0
2026-04-09,5421,0.0,87,152.0,64,85.0,50,7.0,24,4.0
2026-04-10,5323,0.0,87,140.0,43,11.0,34,5.0,5,1.0
2026-04-11,5218,0.0,106,27.0,46,5.0,31,2.0,9,1.0
2026-04-12,4952,0.0,106,20.0,57,7.0,41,5.0,0,2.0
2026-04-13,5780,0.0,340,105.0,96,26.0,77,15.0,2,0.0
2026-04-14,5709,0.0,176,96.0,138,24.0,86,13.0,44,1.0
2026-04-15,5927,0.0,288,139.0,258,28.0,61,13.0,39,1.0
2026-04-16,5946,0.0,101,186.0,32,30.0,9,9.0,2,2.0
2026-04-17,5858,0.0,73,543.0,43,59.0,9,19.0,5,1.0
2026-04-18,5182,0.0,24,95.0,14,20.0,2,6.0,2,1.0
2026-04-19,5201,0.0,325,48.0,133,28.0,25,15.0,16,0.0
2026-04-20,5976,2.0,477,112.0,60,62.0,28,20.0,20,1.0
2026-04-21,5963,0.0,213,181.0,21,54.0,7,13.0,1,1.0
2026-04-22,5903,0.0,91,155.0,13,26.0,2,11.0,1,1.0
2026-04-23,5733,0.0,75,87.0,40,14.0,27,4.0,22,1.0
2026-04-24,5867,0.0,89,171.0,25,21.0,4,5.0,2,1.0
2026-04-25,5519,0.0,101,62.0,11,19.0,2,6.0,1,3.0
2026-04-26,5402,0.0,80,40.0,6,20.0,0,4.0,0,0.0
2026-04-27,6053,0.0,260,102.0,43,77.0,6,21.0,3,5.0
2026-04-28,6032,0.0,152,212.0,71,56.0,5,27.0,1,1.0
2026-04-29,5871,0.0,75,308.0,35,223.0,3,151.0,0,1.0
2026-04-30,5667,0.0,43,657.0,16,123.0,1,17.0,0,5.0
2026-05-01,4700,0.0,15,205.0,2,20.0,1,6.0,0,0.0
2026-05-02,4451,0.0,16,42.0,1,10.0,0,3.0,0,1.0
2026-05-03,4723,0.0,302,88.0,22,40.0,13,9.0,8,1.0
2026-05-04,5717,0.0,712,235.0,143,86.0,84,12.0,69,4.0
2026-05-05,5560,0.0,214,145.0,136,71.0,112,6.0,97,1.0
2026-05-06,5602,0.0,190,163.0,138,38.0,76,11.0,53,1.0
2026-05-07,5650,0.0,221,247.0,91,22.0,47,3.0,33,0.0
2026-05-08,5703,0.0,169,418.0,81,31.0,52,11.0,40,4.0
2026-05-09,5217,0.0,119,75.0,74,10.0,50,2.0,45,2.0
2026-05-10,5139,0.0,238,52.0,66,8.0,60,3.0,40,2.0
2026-05-11,6034,0.0,516,128.0,117,37.0,90,8.0,76,5.0
2026-05-12,5812,0.0,233,51.0,112,24.0,30,7.0,20,5.0
2026-05-13,6403,0.0,372,168.0,262,53.0,129,17.0,9,14.0
2026-05-14,6437,0.0,198,317.0,98,42.0,60,10.0,7,4.0
2026-05-15,5901,0.0,50,363.0,19,17.0,10,8.0,0,7.0
2026-05-16,5697,0.0,92,152.0,21,21.0,6,4.0,2,4.0
2026-05-17,5157,0.0,112,51.0,8,19.0,3,4.0,1,2.0
2026-05-18,6283,0.0,449,154.0,25,37.0,7,11.0,0,5.0
2026-05-19,6094,0.0,215,91.0,26,30.0,9,12.0,2,6.0
2026-05-20,6262,0.0,126,179.0,37,43.0,9,29.0,0,12.0
2026-05-21,6238,0.0,149,202.0,28,48.0,9,38.0,1,8.0
2026-05-22,6171,0.0,119,257.0,48,37.0,20,27.0,7,6.0
2026-05-23,5735,0.0,127,136.0,46,30.0,29,17.0,15,3.0
2026-05-24,5874,0.0,113,105.0,26,42.0,9,30.0,5,10.0
2026-05-25,6039,0.0,246,141.0,21,95.0,4,72.0,0,6.0
2026-05-26,6222,0.0,241,124.0,48,92.0,7,46.0,3,9.0
2026-05-27,6175,0.0,131,231.0,27,101.0,3,44.0,1,6.0
2026-05-28,6143,0.0,91,566.0,19,67.0,4,46.0,1,10.0
2026-05-29,5603,0.0,30,685.0,6,27.0,2,18.0,1,4.0
2026-05-30,4792,0.0,12,86.0,1,4.0,0,2.0,0,0.0
2026-05-31,4327,0.0,24,25.0,0,11.0,0,4.0,0,1.0
2026-06-01,5665,0.0,847,70.0,17,33.0,3,12.0,1,1.0
2026-06-02,6015,0.0,466,135.0,34,85.0,3,20.0,0,8.0
2026-06-03,6055,0.0,185,286.0,97,220.0,18,42.0,2,12.0
2026-06-04,5833,0.0,74,473.0,36,278.0,2,32.0,1,3.0
2026-06-05,5377,0.0,51,353.0,14,56.0,2,10.0,0,3.0
2026-06-06,4960,0.0,35,168.0,8,37.0,2,8.0,0,4.0
2026-06-07,4469,0.0,78,86.0,4,26.0,1,6.0,0,3.0
2026-06-08,5346,0.0,368,638.0,13,85.0,4,6.0,1,4.0
2026-06-09,4721,0.0,132,228.0,11,53.0,2,7.0,0,2.0
2026-06-10,4384,0.0,56,50.0,16,22.0,2,7.0,0,5.0
2026-06-11,5244,0.0,849,167.0,383,52.0,62,17.0,1,4.0
2026-06-12,5782,0.0,564,352.0,207,44.0,47,12.0,3,4.0
2026-06-13,5379,0.0,76,384.0,28,45.0,6,9.0,0,0.0
2026-06-14,4633,0.0,68,51.0,14,14.0,3,3.0,0,2.0
2026-06-15,5308,0.0,177,177.0,22,81.0,4,15.0,1,8.0
2026-06-16,5513,0.0,373,110.0,45,44.0,7,21.0,0,6.0
2026-06-17,5555,0.0,206,92.0,97,38.0,32,16.0,7,7.0
2026-06-18,6023,0.0,566,211.0,294,48.0,174,17.0,9,11.0
2026-06-19,5909,0.0,105,483.0,57,44.0,41,19.0,5,10.0
2026-06-20,5413,0.0,56,200.0,9,37.0,4,7.0,0,4.0
2026-06-21,4688,0.0,32,35.0,1,9.0,1,2.0,0,1.0
2026-06-22,5718,0.0,389,256.0,22,89.0,15,14.0,4,12.0
2026-06-23,5494,0.0,230,218.0,18,126.0,6,20.0,1,10.0
2026-06-24,5539,0.0,232,195.0,92,75.0,9,21.0,3,15.0
2026-06-25,5783,0.0,333,370.0,101,37.0,13,14.0,3,10.0
2026-06-26,5401,0.0,79,538.0,8,37.0,2,23.0,1,9.0
2026-06-27,4861,0.0,38,165.0,6,27.0,0,12.0,0,3.0
2026-06-28,4460,0.0,79,54.0,7,20.0,1,4.0,0,1.0
2026-06-29,5314,0.0,538,175.0,23,107.0,4,64.0,0,8.0
2026-06-30,5609,0.0,570,224.0,156,83.0,18,34.0,1,6.0
2026-07-01,5700,0.0,238,400.0,128,50.0,21,15.0,1,8.0
2026-07-02,5344,0.0,89,165.0,35,24.0,14,12.0,4,8.0
2026-07-03,5252,0.0,58,157.0,15,34.0,4,11.0,0,7.0
2026-07-04,5187,0.0,121,251.0,18,43.0,2,18.0,1,7.0
2026-07-05,4669,0.0,111,64.0,22,23.0,7,7.0,0,4.0
2026-07-06,5480,0.0,499,305.0,73,128.0,13,22.0,3,12.0
2026-07-07,5475,0.0,314,183.0,55,53.0,5,20.0,0,12.0
2026-07-08,5328,0.0,86,131.0,28,37.0,5,10.0,0,8.0
2026-07-09,5399,0.0,124,240.0,20,64.0,7,10.0,0,6.0
2026-07-10,5337,0.0,207,377.0,43,38.0,9,12.0,1,8.0
2026-07-11,4924,0.0,95,107.0,18,12.0,3,5.0,0,4.0
2026-07-12,4665,0.0,82,48.0,6,15.0,1,5.0,0,2.0
2026-07-13,5448,0.0,408,91.0,59,37.0,8,11.0,0,6.0
2026-07-14,5595,0.0,270,146.0,75,72.0,5,10.0,0,8.0
2026-07-15,5501,0.0,147,96.0,61,30.0,5,15.0,0,12.0
2026-07-16,5582,0.0,114,214.0,36,67.0,3,12.0,1,11.0
2026-07-17,5378,0.0,80,128.0,17,29.0,2,4.0,0,3.0
2026-07-18,5204,0.0,66,67.0,10,10.0,1,3.0,0,2.0
2026-07-19,5109,0.0,102,24.0,8,10.0,1,3.0,1,3.0
2026-07-20,5587,0.0,147,70.0,15,24.0,3,6.0,0,0.0
2026-07-21,5717,0.0,235,75.0,133,12.0,16,6.0,1,2.0
2026-07-22,5733,0.0,83,64.0,59,22.0,46,9.0,0,3.0
2026-07-23,5693,0.0,92,76.0,63,13.0,57,7.0,2,0.0
2026-07-24,5739,0.0,66,116.0,25,14.0,19,6.0,5,0.0
2026-07-25,5497,0.0,70,107.0,19,16.0,7,7.0,1,0.0
2026-07-26,5293,0.0,104,35.0,45,14.0,8,10.0,0,0.0
2026-07-27,5783,1.0,170,157.0,71,139.0,7,13.0,2,0.0
2026-07-28,5670,0.0,113,54.0,16,16.0,3,7.0,0,0.0
2026-07-29,5768,0.0,62,93.0,15,25.0,3,12.0,0,0.0
2026-07-30,5656,0.0,39,106.0,8,27.0,1,11.0,0,0.0
2026-07-31,5615,0.0,31,227.0,5,38.0,0,11.0,0,0.0
2026-08-01,5254,13.0,29,125.0,6,26.0,4,6.0,4,0.0
2026-08-02,5093,0.0,22,,1,,0,,0,
2026-08-03,5425,2.0,316,,43,,4,,3,
2026-08-04,5560,0.0,110,,7,,1,,0,
2026-08-05,5493,0.0,36,,8,,3,,0,
2026-08-06,5434,0.0,82,,31,,3,,0,
2026-08-07,5514,0.0,74,,27,,3,,0,
2026-08-08,5381,0.0,128,,88,,8,,1,
2026-08-09,5088,0.0,94,,56,,2,,0,
2026-08-10,5689,0.0,199,,27,,13,,1,
2026-08-11,5621,0.0,136,,69,,2,,0,
2026-08-12,5684,0.0,39,,10,,1,,0,
2026-08-13,5618,0.0,71,,5,,2,,0,
2026-08-14,5741,0.0,146,,117,,117,,117,
2026-08-15,5358,0.0,72,,42,,41,,41,
2026-08-16,5148,0.0,59,,14,,11,,10,
2026-08-17,5854,0.0,277,,77,,71,,60,
2026-08-18,5831,0.0,193,,145,,127,,64,
2026-08-19,5865,0.0,139,,110,,101,,99,
2026-08-20,5993,0.0,131,,26,,16,,7,
2026-08-21,5881,0.0,94,,66,,9,,4,
2026-08-22,5408,0.0,98,,49,,10,,2,
2026-08-23,5379,0.0,110,,22,,2,,1,
2026-08-24,6015,0.0,243,,34,,16,,13,
2026-08-25,6140,0.0,210,,68,,43,,8,
2026-08-26,6124,0.0,82,,39,,3,,2,
2026-08-27,6098,0.0,38,,9,,2,,0,
2026-08-28,6002,0.0,55,,5,,0,,0,
2026-08-29,5708,0.0,68,,11,,2,,1,
2026-08-30,5679,0.0,118,,16,,0,,0,
2026-08-31,6154,2.0,146,,17,,4,,1,
