,n días,media,mín,p5,p25,p50,p75,p95,p99,máx
ID saltos (todos) · todos,598.0,4747.0,714.0,1590.0,2116.0,5368.0,6693.0,7436.0,7859.0,8284.0
ID saltos >300 m · todos,598.0,4707.0,705.0,1578.0,2093.0,5328.0,6640.0,7382.0,7821.0,8218.0
ID saltos >300 m y ausencia <24 h · todos,598.0,4435.0,594.0,1263.0,1884.0,4942.0,6336.0,7204.0,7603.0,8054.0
ID bicis distintas movidas (>300 m) · todos,598.0,3219.0,670.0,1462.0,1923.0,3634.0,4217.0,4490.0,4650.0,4692.0
ID saltos (todos) · lab,426.0,5908.0,1019.0,3416.0,5013.0,6265.0,6975.0,7524.0,7920.0,8284.0
ID saltos >300 m · lab,426.0,5862.0,1007.0,3374.0,4988.0,6206.0,6912.0,7463.0,7886.0,8218.0
ID saltos >300 m y ausencia <24 h · lab,426.0,5578.0,865.0,2969.0,4709.0,5911.0,6660.0,7319.0,7689.0,8054.0
ID bicis distintas movidas (>300 m) · lab,426.0,3832.0,949.0,2590.0,3478.0,4024.0,4310.0,4515.0,4651.0,4692.0
ID saltos (todos) · fin,172.0,1870.0,714.0,1406.0,1697.0,1873.0,2086.0,2288.0,2455.0,2636.0
ID saltos >300 m · fin,172.0,1848.0,705.0,1390.0,1680.0,1858.0,2053.0,2256.0,2407.0,2583.0
ID saltos >300 m y ausencia <24 h · fin,172.0,1606.0,594.0,1064.0,1405.0,1631.0,1833.0,2098.0,2192.0,2362.0
ID bicis distintas movidas (>300 m) · fin,172.0,1701.0,670.0,1325.0,1544.0,1714.0,1865.0,2062.0,2184.0,2253.0
ID saltos (todos) · sep–nov 2025 lab,65.0,6536.0,1599.0,4635.0,6362.0,6834.0,7119.0,7404.0,7675.0,7688.0
ID saltos >300 m · sep–nov 2025 lab,65.0,6479.0,1578.0,4598.0,6267.0,6801.0,7070.0,7338.0,7607.0,7615.0
ID saltos >300 m y ausencia <24 h · sep–nov 2025 lab,65.0,6180.0,1480.0,4106.0,5910.0,6535.0,6816.0,7023.0,7379.0,7392.0
ID bicis distintas movidas (>300 m) · sep–nov 2025 lab,65.0,4150.0,1514.0,3444.0,4082.0,4279.0,4424.0,4510.0,4632.0,4661.0
ID saltos (todos) · sep–nov 2025 fin,25.0,1977.0,1510.0,1583.0,1809.0,1997.0,2113.0,2338.0,2432.0,2462.0
ID saltos >300 m · sep–nov 2025 fin,25.0,1949.0,1469.0,1564.0,1779.0,1969.0,2084.0,2319.0,2408.0,2435.0
ID saltos >300 m y ausencia <24 h · sep–nov 2025 fin,25.0,1701.0,1099.0,1253.0,1483.0,1702.0,1933.0,2175.0,2201.0,2205.0
ID bicis distintas movidas (>300 m) · sep–nov 2025 fin,25.0,1776.0,1388.0,1443.0,1659.0,1768.0,1898.0,2079.0,2158.0,2180.0
