,saltos (todos),saltos >300 m,saltos >300 m y ausencia <24 h,bicis distintas movidas (>300 m),fin
2025-01-01,1628,1612,1352,1546,False
2025-01-02,4521,4464,4113,3398,False
2025-01-03,4424,4395,3889,3386,False
2025-01-04,1704,1679,1268,1597,True
2025-01-05,1920,1893,1678,1783,True
2025-01-06,6327,6297,6111,4263,False
2025-01-07,7459,7415,7195,4585,False
2025-01-08,7744,7718,7489,4614,False
2025-01-09,7701,7664,7375,4564,False
2025-01-10,6630,6551,6139,4125,False
2025-01-11,2204,2165,1832,1957,True
2025-01-12,1762,1740,1616,1658,True
2025-01-13,6811,6758,6460,4361,False
2025-01-14,7914,7863,7334,4650,False
2025-01-15,7689,7638,7518,4471,False
2025-01-16,7831,7775,7345,4616,False
2025-01-17,6726,6651,6371,3981,False
2025-01-18,1911,1883,1702,1704,True
2025-01-19,2083,2043,1960,1872,True
2025-01-20,7212,7146,7032,4284,False
2025-01-21,7307,7251,7150,4331,False
2025-01-22,7055,7009,6730,4297,False
2025-01-23,7401,7331,7169,4264,False
2025-01-24,7117,7039,6768,4217,False
2025-01-25,2636,2583,2362,2253,True
2025-01-26,1891,1857,1769,1758,True
2025-01-27,7287,7250,7119,4449,False
2025-01-28,8270,8197,7943,4692,False
2025-01-29,7750,7696,7472,4474,False
2025-01-30,7857,7820,7643,4497,False
2025-01-31,6156,6131,5708,3887,False
2025-02-01,1605,1592,1367,1495,True
2025-02-02,1786,1771,1310,1697,True
2025-02-03,2145,2119,2054,1935,False
2025-02-04,7922,7893,7704,4622,False
2025-02-05,8065,7990,7868,4572,False
2025-02-06,7795,7737,7602,4507,False
2025-02-07,6955,6913,6647,4252,False
2025-02-08,1944,1899,1704,1738,True
2025-02-09,2097,2059,1968,1922,True
2025-02-10,7452,7429,7293,4416,False
2025-02-11,7193,7134,7028,4259,False
2025-02-12,6465,6434,6293,4056,False
2025-02-13,6979,6933,6706,4275,False
2025-02-14,6467,6430,6004,4102,False
2025-02-15,2235,2189,1971,1930,True
2025-02-16,2119,2108,2011,1961,True
2025-02-17,7436,7407,7260,4433,False
2025-02-18,7809,7777,7600,4566,False
2025-02-19,7955,7923,7732,4527,False
2025-02-20,7452,7401,7264,4345,False
2025-02-21,6387,6344,6140,4021,False
2025-02-22,1752,1714,1508,1574,True
2025-02-23,2087,2036,1920,1869,True
2025-02-24,7750,7708,7463,4443,False
2025-02-25,7231,7189,7049,4206,False
2025-02-26,7206,7174,7007,4295,False
2025-02-27,7121,7092,6894,4194,False
2025-02-28,6017,5990,5604,3841,False
2025-03-01,1934,1900,1684,1744,True
2025-03-02,2300,2276,2147,2064,True
2025-03-03,7294,7230,7048,4287,False
2025-03-04,7765,7744,7567,4428,False
2025-03-05,7481,7425,7106,4343,False
2025-03-06,7146,7119,6838,4129,False
2025-03-07,6869,6832,6388,4018,False
2025-03-08,2075,2064,1861,1771,True
2025-03-09,1899,1893,1713,1727,True
2025-03-10,6936,6906,6626,3938,False
2025-03-11,7146,7102,6785,3980,False
2025-03-12,6932,6898,6677,3861,False
2025-03-13,6925,6891,6766,3857,False
2025-03-14,6490,6431,6225,3688,False
2025-03-15,2025,1994,1850,1741,True
2025-03-16,1989,1962,1670,1749,True
2025-03-17,1535,1512,1399,1363,False
2025-03-18,7057,6994,6702,3958,False
2025-03-19,7038,7013,5746,4427,False
2025-03-20,6360,6338,5755,3664,False
2025-03-21,5770,5744,5598,3104,False
2025-03-22,1565,1550,1472,1348,True
2025-03-23,1724,1699,1657,1470,True
2025-03-24,6515,6484,6389,3465,False
2025-03-25,6232,6190,6107,3491,False
2025-03-26,6723,6664,6607,3645,False
2025-03-27,7256,7203,7100,3821,False
2025-03-28,5586,5572,5187,3478,False
2025-03-29,1762,1761,1357,1605,True
2025-03-30,1957,1952,1858,1704,True
2025-03-31,7137,7093,6936,3774,False
2025-04-01,7286,7240,7148,3751,False
2025-04-02,7113,7068,6985,3696,False
2025-04-03,7196,7168,7035,3778,False
2025-04-04,6861,6833,6702,3561,False
2025-04-05,1871,1866,1780,1618,True
2025-04-06,2046,2008,1940,1802,True
2025-04-07,7481,7456,7359,3800,False
2025-04-08,7416,7359,7261,3776,False
2025-04-09,7297,7262,7181,3716,False
2025-04-10,6705,6641,6594,3603,False
2025-04-11,6439,6418,6279,3637,False
2025-04-12,2036,2030,1825,1761,True
2025-04-13,2169,2132,2043,1851,True
2025-04-14,7496,7433,7313,3889,False
2025-04-15,7117,7068,6945,3850,False
2025-04-16,6738,6697,6459,3744,False
2025-04-17,3180,3147,2919,2507,False
2025-04-18,2265,2248,1964,1952,False
2025-04-19,1624,1609,1422,1482,True
2025-04-20,1521,1488,1386,1398,True
2025-04-21,6687,6623,6515,3981,False
2025-04-22,7324,7279,7217,4212,False
2025-04-23,7534,7465,7383,4266,False
2025-04-24,6730,6682,6571,4096,False
2025-04-25,5393,5378,5082,3630,False
2025-04-26,1986,1977,1650,1795,True
2025-04-27,2167,2143,2037,1977,True
2025-04-28,7475,7418,7204,4354,False
2025-04-29,6620,6567,6427,4029,False
2025-04-30,6580,6523,6058,4062,False
2025-05-01,1338,1324,1241,1246,False
2025-05-02,5037,4987,4631,3596,False
2025-05-03,1794,1765,1496,1627,True
2025-05-04,1759,1728,1539,1648,True
2025-05-05,7409,7335,7198,4259,False
2025-05-06,7622,7540,7250,4412,False
2025-05-07,7175,7133,6816,4369,False
2025-05-08,6803,6755,6575,4147,False
2025-05-09,5614,5541,5099,3739,False
2025-05-10,1806,1787,1430,1665,True
2025-05-11,1890,1865,1757,1741,True
2025-05-12,7428,7371,7204,4325,False
2025-05-13,8284,8218,8054,4687,False
2025-05-14,7670,7592,7375,4422,False
2025-05-15,6894,6856,6500,4216,False
2025-05-16,6106,6070,5819,3852,False
2025-05-17,1583,1567,1318,1442,True
2025-05-18,2143,2114,2013,1912,True
2025-05-19,6498,6451,6352,4084,False
2025-05-20,6993,6966,6746,4273,False
2025-05-21,6665,6571,6297,4162,False
2025-05-22,7239,7188,7002,4292,False
2025-05-23,6031,5983,5515,3974,False
2025-05-24,1713,1707,1416,1571,True
2025-05-25,1873,1859,1676,1731,True
2025-05-26,6169,6105,5872,3975,False
2025-05-27,7155,7102,6893,4336,False
2025-05-28,5601,5477,5269,3779,False
2025-05-29,6364,6322,6082,4041,False
2025-05-30,6080,6047,5592,3918,False
2025-05-31,1318,1301,1030,1246,True
2025-06-01,1346,1334,1196,1296,True
2025-06-02,6120,6053,5784,4000,False
2025-06-03,6810,6769,6509,4260,False
2025-06-04,7093,7055,6714,4346,False
2025-06-05,7064,7018,6841,4236,False
2025-06-06,6740,6690,6273,4170,False
2025-06-07,2058,2043,1720,1850,True
2025-06-08,1959,1928,1805,1783,True
2025-06-09,6997,6946,6762,4360,False
2025-06-10,7434,7371,7155,4474,False
2025-06-11,7439,7379,7110,4497,False
2025-06-12,6141,6064,5805,4075,False
2025-06-13,6239,6213,5571,4205,False
2025-06-14,1755,1745,1316,1625,True
2025-06-15,1718,1713,1457,1652,True
2025-06-16,5100,5054,4677,3785,False
2025-06-17,5748,5702,5480,4011,False
2025-06-18,6134,6098,5807,4205,False
2025-06-19,6711,6639,6341,4370,False
2025-06-20,6203,6120,5580,4152,False
2025-06-21,1971,1936,1052,1820,True
2025-06-22,1504,1489,1226,1439,True
2025-06-23,5951,5872,5508,4062,False
2025-06-24,6880,6783,6465,4449,False
2025-06-25,6455,6371,5935,4376,False
2025-06-26,6467,6397,6083,4300,False
2025-06-27,5365,5348,4946,3821,False
2025-06-28,2154,2148,1654,1960,True
2025-06-29,1885,1874,1588,1811,True
2025-06-30,6646,6576,6215,4458,False
2025-07-01,7041,7004,6722,4566,False
2025-07-02,6724,6647,6411,4460,False
2025-07-03,7155,7070,6794,4567,False
2025-07-04,6657,6600,5920,4478,False
2025-07-05,1811,1802,1447,1677,True
2025-07-06,2109,2087,1771,1970,True
2025-07-07,6684,6599,6296,4447,False
2025-07-08,7272,7213,6877,4651,False
2025-07-09,7281,7201,6938,4542,False
2025-07-10,6799,6696,6386,4463,False
2025-07-11,5788,5724,5023,4091,False
2025-07-12,1635,1611,1148,1518,True
2025-07-13,2165,2130,1881,1963,True
2025-07-14,6543,6430,6086,4402,False
2025-07-15,7085,7006,6722,4498,False
2025-07-16,6458,6373,6101,4337,False
2025-07-17,6962,6907,6708,4516,False
2025-07-18,6208,6123,5550,4193,False
2025-07-19,1456,1436,1074,1376,True
2025-07-20,2166,2123,1870,2007,True
2025-07-21,6660,6563,6291,4418,False
2025-07-22,6950,6889,6590,4412,False
2025-07-23,6898,6787,6579,4436,False
2025-07-24,6937,6852,6480,4490,False
2025-07-25,5570,5529,4839,3965,False
2025-07-26,1614,1591,1163,1496,True
2025-07-27,2260,2220,1896,2056,True
2025-07-28,6060,5920,5732,4099,False
2025-07-29,6608,6507,6287,4352,False
2025-07-30,6617,6544,6218,4387,False
2025-07-31,5706,5648,5097,4089,False
2025-08-01,5250,5194,4357,3879,False
2025-08-02,1696,1681,1381,1589,True
2025-08-03,2383,2351,2127,2141,True
2025-08-04,6425,6343,6070,4329,False
2025-08-05,6162,6111,5814,4040,False
2025-08-06,6326,6259,5997,4110,False
2025-08-07,5995,5958,5667,4070,False
2025-08-08,5788,5747,4987,3994,False
2025-08-09,1493,1484,1112,1404,True
2025-08-10,1800,1768,1486,1670,True
2025-08-11,5486,5411,5162,3774,False
2025-08-12,6318,6266,5986,4091,False
2025-08-13,5388,5324,4855,3788,False
2025-08-14,5541,5485,5205,3818,False
2025-08-15,5275,5238,4657,3722,False
2025-08-16,1809,1788,1553,1647,True
2025-08-17,2452,2395,2174,2195,True
2025-08-18,6444,6342,6140,4133,False
2025-08-19,7314,7228,6979,4477,False
2025-08-20,6977,6909,6618,4348,False
2025-08-21,7113,6999,6702,4353,False
2025-08-22,5602,5551,4995,3842,False
2025-08-23,1998,1982,1666,1777,True
2025-08-24,2027,1998,1801,1864,True
2025-08-25,6253,6164,5958,4140,False
2025-08-26,6921,6847,6568,4342,False
2025-08-27,7005,6928,6664,4310,False
2025-08-28,6787,6726,6396,4282,False
2025-08-29,5749,5707,5274,3802,False
2025-08-30,1858,1855,1516,1685,True
2025-08-31,1995,1974,1776,1817,True
2025-09-01,6809,6747,6518,4030,False
2025-09-02,4256,4213,3974,3237,False
2025-09-03,6316,6236,5910,4207,False
2025-09-04,6796,6751,6441,4299,False
2025-09-05,6444,6350,5858,4148,False
2025-09-06,2133,2092,1769,1856,True
2025-09-07,1968,1895,1778,1732,True
2025-09-08,7688,7603,7371,4511,False
2025-09-09,6573,6468,6247,4279,False
2025-09-10,7169,7117,6862,4440,False
2025-09-11,7037,6966,6688,4395,False
2025-09-12,6276,6201,5541,4149,False
2025-09-13,1510,1469,1099,1388,True
2025-09-14,2113,2078,1786,1905,True
2025-09-15,4489,4453,3811,3393,False
2025-09-16,1599,1578,1480,1514,False
2025-09-17,7102,7042,6758,4357,False
2025-09-18,6690,6642,6303,4303,False
2025-09-19,6068,6010,5573,3959,False
2025-09-20,1915,1910,1568,1746,True
2025-09-21,2055,2023,1874,1867,True
2025-09-22,6233,6123,6003,3958,False
2025-09-23,6970,6850,6667,4309,False
2025-09-24,6981,6916,6573,4505,False
2025-09-25,6433,6372,6051,4229,False
2025-09-26,5218,5177,4633,3647,False
2025-09-27,1735,1708,1340,1618,True
2025-09-28,2337,2321,2205,2089,True
2025-09-29,6897,6823,6645,4252,False
2025-09-30,7354,7270,7002,4460,False
2025-10-01,7416,7355,6984,4479,False
2025-10-02,7271,7201,6850,4366,False
2025-10-03,6584,6542,6041,4100,False
2025-10-04,1921,1892,1562,1717,True
2025-10-05,2107,2084,1945,1891,True
2025-10-06,6370,6212,6037,3961,False
2025-10-07,7279,7229,6909,4467,False
2025-10-08,5611,5514,5132,3942,False
2025-10-09,6362,6308,6043,4237,False
2025-10-10,5536,5477,4991,3883,False
2025-10-11,1809,1779,1483,1659,True
2025-10-12,2276,2240,2121,2018,True
2025-10-13,7206,7163,6949,4462,False
2025-10-14,6985,6948,6709,4379,False
2025-10-15,7237,7206,7028,4483,False
2025-10-16,7190,7142,6965,4475,False
2025-10-17,6658,6621,6257,4271,False
2025-10-18,1873,1851,1575,1700,True
2025-10-19,2462,2435,2125,2180,True
2025-10-20,5767,5742,5637,3762,False
2025-10-21,7608,7565,7392,4616,False
2025-10-22,7667,7615,7321,4661,False
2025-10-23,6872,6817,6625,4222,False
2025-10-24,6115,6094,5764,4017,False
2025-10-25,1733,1714,1452,1583,True
2025-10-26,2338,2312,2187,2039,True
2025-10-27,7072,7010,6788,4363,False
2025-10-28,7128,7081,6721,4423,False
2025-10-29,7285,7254,6870,4439,False
2025-10-30,6696,6657,6253,4185,False
2025-10-31,6475,6387,6055,4118,False
2025-11-01,2000,1969,1636,1768,True
2025-11-02,2166,2127,1953,1928,True
2025-11-03,6834,6801,6623,4126,False
2025-11-04,7123,7065,6852,4382,False
2025-11-05,7173,7092,6926,4315,False
2025-11-06,7116,7072,6841,4424,False
2025-11-07,6478,6438,5906,4165,False
2025-11-08,1916,1889,1630,1722,True
2025-11-09,2029,1988,1863,1782,True
2025-11-10,6489,6435,6299,4082,False
2025-11-11,6991,6936,6769,4349,False
2025-11-12,7158,7116,6886,4442,False
2025-11-13,7119,7043,6783,4331,False
2025-11-14,6018,5976,5530,4002,False
2025-11-15,1591,1578,1250,1463,True
2025-11-16,1786,1771,1426,1636,True
2025-11-17,1751,1708,1611,1599,False
2025-11-18,6867,6803,6567,4239,False
2025-11-19,6800,6711,6400,4277,False
2025-11-20,7109,7070,6535,4513,False
2025-11-21,6309,6267,5804,4054,False
2025-11-22,1997,1978,1702,1773,True
2025-11-23,2078,2065,1933,1898,True
2025-11-24,7087,7044,6809,4344,False
2025-11-25,7049,6996,6648,4492,False
2025-11-26,6694,6652,6268,4355,False
2025-11-27,6995,6966,6816,4430,False
2025-11-28,5910,5894,5582,3955,False
2025-11-29,1581,1561,1264,1438,True
2025-11-30,1937,1921,1826,1782,True
2025-12-01,6882,6825,6703,4364,False
2025-12-02,6987,6914,6707,4551,False
2025-12-03,7140,7085,6721,4686,False
2025-12-04,7098,7065,6734,4588,False
2025-12-05,6546,6486,6063,4251,False
2025-12-06,1782,1761,1480,1632,True
2025-12-07,2236,2195,2082,1995,True
2025-12-08,6454,6380,6225,4196,False
2025-12-09,7293,7216,6837,4651,False
2025-12-10,6336,6296,6080,4264,False
2025-12-11,6652,6583,6402,4348,False
2025-12-12,5795,5742,5307,4039,False
2025-12-13,1859,1841,1462,1698,True
2025-12-14,2351,2337,2104,2153,True
2025-12-15,6538,6491,6192,4340,False
2025-12-16,6851,6775,6548,4398,False
2025-12-17,5685,5629,5253,4033,False
2025-12-18,4286,4247,3985,3227,False
2025-12-19,4907,4877,4315,3649,False
2025-12-20,1577,1568,1115,1444,True
2025-12-21,2098,2051,1794,1927,True
2025-12-22,5069,5040,4548,3693,False
2025-12-23,4838,4805,4168,3619,False
2025-12-24,2548,2533,1543,2208,False
2025-12-25,1264,1242,947,1206,False
2025-12-26,3610,3565,2768,2941,False
2025-12-27,1837,1813,1257,1709,True
2025-12-28,2217,2180,1779,2037,True
2025-12-29,4624,4586,4127,3455,False
2025-12-30,4415,4374,3782,3407,False
2025-12-31,2245,2204,1212,1959,False
2026-01-01,1183,1163,895,1137,False
2026-01-02,2857,2832,2184,2399,False
2026-01-03,1821,1802,1224,1692,True
2026-01-04,2219,2203,1961,2007,True
2026-01-05,5740,5683,5213,3927,False
2026-01-06,6165,6136,5792,4067,False
2026-01-07,6707,6656,6319,4309,False
2026-01-08,6712,6656,6300,4327,False
2026-01-09,5374,5337,4703,3740,False
2026-01-10,2098,2086,1784,1859,True
2026-01-11,2210,2196,2055,2007,True
2026-01-12,6211,6156,5919,4082,False
2026-01-13,6711,6655,6240,4382,False
2026-01-14,6679,6629,6289,4253,False
2026-01-15,6480,6429,6275,4115,False
2026-01-16,6335,6286,5759,4206,False
2026-01-17,1968,1935,1626,1759,True
2026-01-18,2279,2235,2093,2067,True
2026-01-19,6428,6394,6258,4258,False
2026-01-20,6547,6453,6212,4272,False
2026-01-21,6402,6366,6217,4232,False
2026-01-22,6222,6174,5794,4230,False
2026-01-23,5810,5779,5241,3943,False
2026-01-24,1708,1699,1328,1604,True
2026-01-25,2099,2083,1899,1936,True
2026-01-26,6135,6094,5941,4054,False
2026-01-27,6147,6090,5924,4140,False
2026-01-28,6491,6444,6069,4280,False
2026-01-29,6251,6176,5964,4114,False
2026-01-30,5626,5618,5077,3913,False
2026-01-31,1484,1473,1154,1382,True
2026-02-01,1299,1285,972,1210,True
2026-02-02,1834,1791,1649,1727,False
2026-02-03,6341,6301,6021,4213,False
2026-02-04,6109,6065,5849,4088,False
2026-02-05,6501,6412,6082,4337,False
2026-02-06,6008,5962,5450,4113,False
2026-02-07,1895,1871,1590,1714,True
2026-02-08,1792,1778,1632,1682,True
2026-02-09,6375,6347,6055,4233,False
2026-02-10,6219,6200,5950,4134,False
2026-02-11,6645,6624,6380,4308,False
2026-02-12,6025,5987,5869,4028,False
2026-02-13,5567,5544,5157,3841,False
2026-02-14,1824,1797,1510,1642,True
2026-02-15,1833,1806,1714,1695,True
2026-02-16,6118,6089,5912,4002,False
2026-02-17,6033,5972,5744,3977,False
2026-02-18,6999,6951,6672,4382,False
2026-02-19,6727,6698,6391,4275,False
2026-02-20,6364,6303,5637,4226,False
2026-02-21,2134,2100,1754,1853,True
2026-02-22,2085,2073,1916,1939,True
2026-02-23,5911,5856,5586,3959,False
2026-02-24,6267,6246,6045,4080,False
2026-02-25,5966,5919,5768,3896,False
2026-02-26,5821,5798,5657,3831,False
2026-02-27,5580,5563,5198,3861,False
2026-02-28,1992,1976,1672,1780,True
2026-03-01,2166,2144,2013,1951,True
2026-03-02,5891,5841,5661,3883,False
2026-03-03,6077,6021,5762,4015,False
2026-03-04,6215,6182,5899,4140,False
2026-03-05,6468,6437,6083,4183,False
2026-03-06,6193,6175,5818,4088,False
2026-03-07,1964,1940,1556,1750,True
2026-03-08,2092,2045,1921,1920,True
2026-03-09,6681,6617,6505,4300,False
2026-03-10,6992,6956,6734,4424,False
2026-03-11,6263,6201,5896,4139,False
2026-03-12,7026,6985,6636,4332,False
2026-03-13,5477,5463,5199,3726,False
2026-03-14,1670,1665,1440,1545,True
2026-03-15,1626,1598,1185,1506,True
2026-03-16,1959,1939,1741,1825,False
2026-03-17,5692,5589,5371,3930,False
2026-03-18,6856,6813,6449,4396,False
2026-03-19,6197,6155,5844,4094,False
2026-03-20,5936,5907,5468,3954,False
2026-03-21,1965,1948,1497,1794,True
2026-03-22,2259,2223,1755,2060,True
2026-04-02,3427,3372,2849,2750,False
2026-04-03,2546,2497,1989,2189,False
2026-04-04,1195,1176,994,1107,True
2026-04-05,1824,1793,1669,1714,True
2026-04-06,5309,5252,4938,3652,False
2026-04-07,5636,5596,5259,3691,False
2026-04-08,5665,5646,5277,3718,False
2026-04-09,5529,5500,5320,3517,False
2026-04-10,4967,4923,4758,3357,False
2026-04-11,1676,1641,1478,1503,True
2026-04-12,1857,1842,1762,1721,True
2026-04-13,5637,5618,5502,3686,False
2026-04-14,5565,5532,5364,3620,False
2026-04-15,5620,5605,5437,3729,False
2026-04-16,5936,5917,5741,3871,False
2026-04-17,5370,5333,5029,3677,False
2026-04-18,1512,1504,1273,1374,True
2026-04-19,1636,1612,1521,1518,True
2026-04-20,5762,5733,5521,3826,False
2026-04-21,5078,5036,4843,3542,False
2026-04-22,5097,5056,4750,3601,False
2026-04-23,4743,4729,4593,3320,False
2026-04-24,4791,4754,4491,3385,False
2026-04-25,1587,1579,1336,1456,True
2026-04-26,1831,1794,1700,1683,True
2026-04-27,5340,5305,5132,3658,False
2026-04-28,5506,5456,5200,3708,False
2026-04-29,5453,5409,5104,3588,False
2026-04-30,4718,4678,4323,3326,False
2026-05-01,1019,1007,865,949,False
2026-05-02,714,705,594,670,True
2026-05-03,1102,1089,926,1061,True
2026-05-04,4835,4793,4536,3372,False
2026-05-05,4702,4693,4502,3261,False
2026-05-06,5063,5050,4886,3424,False
2026-05-07,5134,5116,4888,3466,False
2026-05-08,4858,4834,4574,3406,False
2026-05-09,1721,1698,1410,1537,True
2026-05-10,1719,1700,1560,1592,True
2026-05-11,4937,4915,4708,3427,False
2026-05-12,3873,3820,3641,2929,False
2026-05-13,4913,4873,4713,3509,False
2026-05-14,5147,5132,4780,3620,False
2026-05-15,4658,4637,4309,3304,False
2026-05-16,1697,1683,1379,1548,True
2026-05-17,1641,1628,1496,1506,True
2026-05-18,5046,5006,4721,3495,False
2026-05-19,4288,4246,4019,3181,False
2026-05-20,5005,4981,4764,3507,False
2026-05-21,4774,4761,4577,3448,False
2026-05-22,4739,4698,4253,3426,False
2026-05-23,1679,1662,1419,1513,True
2026-05-24,1859,1844,1680,1719,True
2026-05-25,4320,4283,4007,3227,False
2026-05-26,4755,4717,4499,3415,False
2026-05-27,5113,5091,4898,3590,False
2026-05-28,5200,5183,4938,3621,False
2026-05-29,3941,3929,3645,2952,False
2026-05-30,1094,1088,918,1006,True
2026-05-31,1105,1100,1017,1054,True
2026-06-01,4941,4910,4806,3275,False
2026-06-02,4892,4862,4741,3335,False
2026-06-03,4584,4547,4267,3226,False
2026-06-04,4991,4963,4652,3408,False
2026-06-05,3607,3604,3392,2614,False
2026-06-06,1281,1271,1047,1192,True
2026-06-07,1556,1555,1455,1434,True
2026-06-08,4657,4633,4288,3161,False
2026-06-09,4088,4074,3738,2831,False
2026-06-10,3133,3127,2974,2288,False
2026-06-11,2082,2072,1918,1836,False
2026-06-12,4132,4100,3755,3084,False
2026-06-13,1551,1540,1174,1425,True
2026-06-14,1621,1611,1498,1500,True
2026-06-15,4080,4059,3848,2955,False
2026-06-16,4392,4382,4229,3171,False
2026-06-17,3413,3380,3243,2582,False
2026-06-18,3703,3673,3512,2878,False
2026-06-19,3452,3429,3071,2702,False
2026-06-20,1532,1527,1236,1444,True
2026-06-21,1657,1646,1556,1529,True
2026-06-22,4360,4344,4026,3143,False
2026-06-23,4254,4232,4000,3047,False
2026-06-24,3226,3199,2967,2524,False
2026-06-25,4551,4523,4185,3303,False
2026-06-26,4173,4160,3878,3068,False
2026-06-27,1539,1531,1306,1409,True
2026-06-28,1633,1627,1452,1543,True
2026-06-29,3817,3805,3425,2826,False
2026-06-30,2446,2413,2084,2067,False
2026-07-01,4802,4783,4426,3350,False
2026-07-02,5313,5268,5036,3436,False
2026-07-03,4931,4919,4714,3221,False
2026-07-04,1630,1624,1228,1482,True
2026-07-05,1621,1598,1391,1502,True
2026-07-06,4583,4564,4220,3300,False
2026-07-07,5091,5047,4746,3478,False
2026-07-08,4225,4189,3906,3119,False
2026-07-09,4922,4885,4565,3350,False
2026-07-10,4140,4117,3747,2959,False
2026-07-11,1640,1636,1367,1509,True
2026-07-12,1849,1841,1681,1700,True
2026-07-13,4563,4503,4331,3241,False
2026-07-14,4577,4549,4289,3240,False
2026-07-15,4524,4511,4298,3222,False
2026-07-16,4860,4840,4524,3433,False
2026-07-17,4315,4300,3950,3178,False
2026-07-18,1776,1768,1521,1613,True
2026-07-19,1775,1759,1639,1637,True
2026-07-20,4534,4517,4347,3268,False
2026-07-21,4837,4774,4633,3366,False
2026-07-22,4705,4687,4528,3307,False
2026-07-23,4879,4817,4662,3376,False
2026-07-24,3640,3623,3325,2824,False
2026-07-25,1889,1863,1566,1714,True
2026-07-26,2018,1998,1818,1862,True
2026-07-27,4381,4340,4070,3147,False
2026-07-28,4238,4208,4053,3117,False
2026-07-29,4614,4588,4361,3295,False
2026-07-30,4461,4426,4209,3280,False
2026-07-31,3851,3801,3361,2890,False
2026-08-01,2005,1986,1706,1807,True
2026-08-02,2130,2110,1835,1904,True
2026-08-03,4053,4030,3862,2989,False
2026-08-04,4018,4005,3813,3015,False
2026-08-05,4327,4309,4128,3099,False
2026-08-06,4244,4188,4040,3054,False
2026-08-07,3668,3634,3165,2845,False
2026-08-08,2225,2222,1894,2017,True
2026-08-09,2115,2097,1895,1943,True
2026-08-10,4413,4359,4097,3124,False
2026-08-11,3892,3875,3772,2898,False
2026-08-12,4275,4226,4070,3144,False
2026-08-13,4249,4201,4072,3125,False
2026-08-14,3732,3715,3312,2945,False
2026-08-15,1783,1777,1514,1650,True
2026-08-16,2004,1987,1835,1843,True
2026-08-17,4420,4396,4207,3223,False
2026-08-18,4647,4633,4496,3334,False
2026-08-19,4422,4400,4250,3286,False
2026-08-20,4813,4779,4555,3567,False
2026-08-21,4196,4181,3638,3237,False
2026-08-22,1791,1783,1338,1667,True
2026-08-23,2330,2314,2035,2147,True
2026-08-24,5001,4990,4822,3582,False
2026-08-25,5170,5159,4895,3762,False
2026-08-26,5728,5698,5562,3921,False
2026-08-27,5694,5656,5468,3898,False
2026-08-28,4176,4171,3642,3196,False
2026-08-29,1854,1846,1577,1701,True
2026-08-30,2175,2145,2021,1946,True
2026-08-31,3856,3848,3848,2925,False
