de,a,estaciones,cambian,suben,bajan,entran,salen,neto,stock_a,stock_b
2025-08-01,2025-08-02,677,631,326,305,1709,1857,-148,7234,7086
2025-08-02,2025-08-03,677,636,332,304,1785,1720,65,7086,7151
2025-08-03,2025-08-04,677,632,316,316,2094,1999,95,7151,7246
2025-08-04,2025-08-05,676,614,291,323,1633,1575,58,7242,7300
2025-08-05,2025-08-06,676,574,309,265,1145,1171,-26,7300,7274
2025-08-06,2025-08-07,677,576,287,289,1098,1115,-17,7280,7263
2025-08-07,2025-08-08,677,585,285,300,1215,1267,-52,7263,7211
2025-08-08,2025-08-09,677,632,302,330,1621,1784,-163,7211,7048
2025-08-09,2025-08-10,677,628,319,309,1702,1629,73,7048,7121
2025-08-10,2025-08-11,677,628,297,331,1795,1673,122,7121,7243
2025-08-11,2025-08-12,677,624,303,321,1920,1969,-49,7243,7194
2025-08-12,2025-08-13,677,588,300,288,1518,1491,27,7194,7221
2025-08-13,2025-08-14,676,604,297,307,1313,1494,-181,7216,7035
2025-08-14,2025-08-15,676,597,290,307,1405,1498,-93,7035,6942
2025-08-15,2025-08-16,677,611,308,303,1420,1480,-60,6947,6887
2025-08-16,2025-08-17,677,628,334,294,1712,1615,97,6887,6984
2025-08-17,2025-08-18,677,613,297,316,1686,1675,11,6984,6995
2025-08-18,2025-08-19,677,605,273,332,1418,1423,-5,6995,6990
2025-08-19,2025-08-20,677,570,275,295,1224,1212,12,6990,7002
2025-08-20,2025-08-21,677,557,299,258,1034,958,76,7002,7078
2025-08-21,2025-08-22,676,556,273,283,1031,928,103,7060,7163
2025-08-22,2025-08-23,676,587,317,270,1212,1242,-30,7163,7133
2025-08-23,2025-08-24,677,626,341,285,1661,1630,31,7142,7173
2025-08-24,2025-08-25,677,634,304,330,1683,1707,-24,7173,7149
2025-08-25,2025-08-26,677,625,296,329,1514,1568,-54,7149,7095
2025-08-26,2025-08-27,677,587,279,308,1293,1295,-2,7095,7093
2025-08-27,2025-08-28,677,581,274,307,1097,1073,24,7093,7117
2025-08-28,2025-08-29,677,589,331,258,1316,1302,14,7117,7131
2025-08-29,2025-08-30,677,624,311,313,1706,1645,61,7131,7192
2025-08-30,2025-08-31,677,619,337,282,1710,1610,100,7192,7292
2025-08-31,2025-09-01,677,628,271,357,1727,1884,-157,7292,7135
2025-09-01,2025-09-02,677,618,327,291,1547,1617,-70,7135,7065
2025-09-02,2025-09-03,675,611,287,324,1626,1605,21,7043,7064
2025-09-03,2025-09-04,675,611,279,332,1541,1522,19,7064,7083
2025-09-04,2025-09-05,677,618,312,306,1446,1456,-10,7114,7104
2025-09-05,2025-09-06,677,615,335,280,1400,1402,-2,7104,7102
2025-09-06,2025-09-07,677,596,318,278,1412,1380,32,7102,7134
2025-09-07,2025-09-08,677,634,288,346,1585,1682,-97,7134,7037
2025-09-08,2025-09-09,677,609,298,311,1423,1457,-34,7037,7003
2025-09-09,2025-09-10,677,578,287,291,1054,1019,35,7003,7038
2025-09-10,2025-09-11,677,586,283,303,1187,1152,35,7038,7073
2025-09-11,2025-09-12,677,586,294,292,1239,1204,35,7073,7108
2025-09-12,2025-09-13,677,610,281,329,1349,1440,-91,7108,7017
2025-09-13,2025-09-14,677,627,326,301,1650,1612,38,7017,7055
2025-09-14,2025-09-15,677,616,308,308,1843,1571,272,7055,7327
2025-09-15,2025-09-16,677,632,363,269,1742,1702,40,7327,7367
2025-09-16,2025-09-17,677,616,256,360,1557,1857,-300,7367,7067
2025-09-17,2025-09-18,676,606,275,331,1630,1655,-25,7050,7025
2025-09-18,2025-09-19,675,569,286,283,935,937,-2,7022,7020
2025-09-19,2025-09-20,676,562,299,263,1077,1313,-236,7030,6794
2025-09-20,2025-09-21,677,622,304,318,1514,1658,-144,6797,6653
2025-09-21,2025-09-22,677,629,310,319,1720,1673,47,6653,6700
2025-09-22,2025-09-23,677,628,308,320,1774,1595,179,6700,6879
2025-09-23,2025-09-24,677,592,306,286,1078,1071,7,6879,6886
2025-09-24,2025-09-25,677,572,266,306,1060,1169,-109,6886,6777
2025-09-25,2025-09-26,676,555,306,249,1586,1084,502,6775,7277
2025-09-26,2025-09-27,676,631,277,354,1661,2165,-504,7277,6773
2025-09-27,2025-09-28,677,625,336,289,1883,1936,-53,6775,6722
2025-09-28,2025-09-29,677,627,303,324,1974,1881,93,6722,6815
2025-09-29,2025-09-30,676,625,285,340,1591,1559,32,6807,6839
2025-09-30,2025-10-01,676,595,309,286,1115,1189,-74,6839,6765
2025-10-01,2025-10-02,677,573,279,294,1031,1105,-74,6771,6697
2025-10-02,2025-10-03,677,592,284,308,983,1156,-173,6697,6524
2025-10-03,2025-10-04,677,591,292,299,1148,1294,-146,6524,6378
2025-10-04,2025-10-05,677,624,339,285,1681,1594,87,6378,6465
2025-10-05,2025-10-06,677,619,281,338,1758,1641,117,6465,6582
2025-10-06,2025-10-07,676,610,304,306,1370,1330,40,6579,6619
2025-10-07,2025-10-08,676,565,282,283,1314,1188,126,6619,6745
2025-10-08,2025-10-09,677,597,311,286,1728,1570,158,6748,6906
2025-10-09,2025-10-10,677,618,305,313,1707,1711,-4,6906,6902
2025-10-10,2025-10-11,677,598,310,288,1337,1282,55,6902,6957
2025-10-11,2025-10-12,677,615,315,300,1535,1509,26,6957,6983
2025-10-12,2025-10-13,677,619,294,325,1534,1511,23,6983,7006
2025-10-13,2025-10-14,677,614,296,318,1471,1584,-113,7006,6893
2025-10-14,2025-10-15,677,603,307,296,1331,1336,-5,6893,6888
2025-10-15,2025-10-16,677,595,302,293,1343,1299,44,6888,6932
2025-10-16,2025-10-17,677,593,309,284,1372,1371,1,6932,6933
2025-10-17,2025-10-18,677,608,315,293,1452,1429,23,6933,6956
2025-10-18,2025-10-19,677,627,332,295,1718,1657,61,6956,7017
2025-10-19,2025-10-20,677,631,321,310,1675,1679,-4,7017,7013
2025-10-20,2025-10-21,677,616,314,302,1446,1452,-6,7013,7007
2025-10-21,2025-10-22,677,595,282,313,1289,1257,32,7007,7039
2025-10-22,2025-10-23,677,604,311,293,1296,1288,8,7039,7047
2025-10-23,2025-10-24,677,587,306,281,1297,1390,-93,7047,6954
2025-10-24,2025-10-25,676,610,295,315,1699,1627,72,6947,7019
2025-10-25,2025-10-26,675,625,300,325,1991,1998,-7,6997,6990
2025-10-26,2025-10-27,676,612,336,276,1631,1644,-13,6999,6986
2025-10-27,2025-10-28,676,616,297,319,1599,1516,83,6986,7069
2025-10-28,2025-10-29,677,605,306,299,1428,1396,32,7083,7115
2025-10-29,2025-10-30,677,609,276,333,1264,1531,-267,7115,6848
2025-10-30,2025-10-31,677,618,278,340,1188,1561,-373,6848,6475
2025-10-31,2025-11-01,677,622,353,269,1686,1630,56,6475,6531
2025-11-01,2025-11-02,674,621,329,292,1607,1492,115,6494,6609
2025-11-02,2025-11-03,674,605,284,321,1483,1589,-106,6609,6503
2025-11-03,2025-11-04,674,614,317,297,1611,1447,164,6503,6667
2025-11-04,2025-11-05,677,607,284,323,1386,1420,-34,6733,6699
2025-11-05,2025-11-06,675,582,290,292,1315,1302,13,6676,6689
2025-11-06,2025-11-07,675,621,295,326,1506,1449,57,6689,6746
2025-11-07,2025-11-08,677,600,309,291,1500,1585,-85,6772,6687
2025-11-08,2025-11-09,677,627,325,302,1599,1539,60,6687,6747
2025-11-09,2025-11-10,677,625,305,320,1543,1498,45,6747,6792
2025-11-10,2025-11-11,677,608,303,305,1662,1536,126,6792,6918
2025-11-11,2025-11-12,677,605,288,317,1567,1464,103,6918,7021
2025-11-12,2025-11-13,677,606,295,311,1349,1406,-57,7021,6964
2025-11-13,2025-11-14,677,611,353,258,1454,1250,204,6964,7168
2025-11-14,2025-11-15,677,618,327,291,1527,1358,169,7168,7337
2025-11-15,2025-11-16,677,626,313,313,1882,1768,114,7337,7451
2025-11-16,2025-11-17,677,618,315,303,1603,1706,-103,7451,7348
2025-11-17,2025-11-18,677,613,286,327,1646,1568,78,7348,7426
2025-11-18,2025-11-19,677,609,297,312,1632,1793,-161,7426,7265
2025-11-19,2025-11-20,677,611,296,315,1388,1385,3,7265,7268
2025-11-20,2025-11-21,676,602,272,330,1315,1752,-437,7264,6827
2025-11-21,2025-11-22,676,601,307,294,1410,1492,-82,6827,6745
2025-11-22,2025-11-23,677,620,339,281,1782,1593,189,6747,6936
2025-11-23,2025-11-24,677,629,306,323,1698,1715,-17,6936,6919
2025-11-24,2025-11-25,677,631,321,310,1632,1690,-58,6919,6861
2025-11-25,2025-11-26,676,593,278,315,1495,1508,-13,6850,6837
2025-11-26,2025-11-27,676,608,295,313,1371,1686,-315,6837,6522
2025-11-27,2025-11-28,676,592,309,283,1425,1459,-34,6520,6486
2025-11-28,2025-11-29,676,617,326,291,2005,1791,214,6486,6700
2025-11-29,2025-11-30,677,614,334,280,1703,1565,138,6719,6857
