date,t_c,disp_c,dan_c,blank_c,t_o,disp_o,dan_o,blank_o,tot_c,tot_o
2025-08-01,04:41,0.0,7234.0,0.0,05:06,6788.0,428.0,0.0,7234.0,7216.0
2025-08-02,04:39,0.0,7086.0,0.0,05:06,6277.0,798.0,0.0,7086.0,7075.0
2025-08-03,04:40,0.0,7151.0,0.0,05:07,6845.0,337.0,0.0,7151.0,7182.0
2025-08-04,04:42,0.0,7246.0,0.0,05:07,6126.0,1095.0,0.0,7246.0,7221.0
2025-08-05,04:43,0.0,7300.0,1.0,05:07,6202.0,1081.0,1.0,7300.0,7283.0
2025-08-06,04:42,0.0,7280.0,0.0,05:06,5425.0,1843.0,0.0,7280.0,7268.0
2025-08-07,04:41,0.0,7263.0,0.0,05:07,5246.0,1992.0,0.0,7263.0,7238.0
2025-08-08,04:41,0.0,7211.0,0.0,05:06,6054.0,1156.0,0.0,7211.0,7210.0
2025-08-09,04:50,0.0,7048.0,0.0,05:07,6105.0,931.0,0.0,7048.0,7036.0
2025-08-10,04:50,0.0,7121.0,0.0,05:06,6670.0,462.0,0.0,7121.0,7132.0
2025-08-11,04:41,0.0,7243.0,0.0,05:07,6049.0,1181.0,0.0,7243.0,7230.0
2025-08-12,04:40,23.0,7171.0,0.0,05:06,5787.0,1404.0,0.0,7194.0,7191.0
2025-08-13,04:40,0.0,7221.0,0.0,05:06,5515.0,1684.0,0.0,7221.0,7199.0
2025-08-14,04:40,0.0,7035.0,1.0,05:06,5422.0,1589.0,1.0,7035.0,7011.0
2025-08-15,04:50,0.0,6960.0,0.0,05:06,5928.0,1009.0,0.0,6960.0,6937.0
2025-08-16,04:49,0.0,6887.0,0.0,05:05,5667.0,1209.0,0.0,6887.0,6876.0
2025-08-17,04:49,0.0,6984.0,0.0,05:06,5618.0,1357.0,0.0,6984.0,6975.0
2025-08-18,04:42,0.0,6995.0,0.0,05:06,5481.0,1491.0,0.0,6995.0,6972.0
2025-08-19,04:50,0.0,6990.0,0.0,05:05,5652.0,1318.0,0.0,6990.0,6970.0
2025-08-20,04:50,0.0,7002.0,0.0,05:06,5870.0,1106.0,0.0,7002.0,6976.0
2025-08-21,04:40,0.0,7078.0,0.0,05:06,4869.0,2203.0,0.0,7078.0,7072.0
2025-08-22,04:49,0.0,7163.0,1.0,05:05,5883.0,1272.0,1.0,7163.0,7155.0
2025-08-23,04:48,0.0,7142.0,0.0,05:05,5307.0,1816.0,0.0,7142.0,7123.0
2025-08-24,04:49,0.0,7173.0,0.0,05:05,5595.0,1560.0,0.0,7173.0,7155.0
2025-08-25,04:50,0.0,7149.0,0.0,05:06,4987.0,2148.0,0.0,7149.0,7135.0
2025-08-26,04:50,0.0,7095.0,0.0,05:06,6231.0,846.0,0.0,7095.0,7077.0
2025-08-27,04:49,0.0,7093.0,0.0,05:06,5908.0,1169.0,0.0,7093.0,7077.0
2025-08-28,04:49,0.0,7117.0,0.0,05:06,5049.0,2047.0,0.0,7117.0,7096.0
2025-08-29,04:49,0.0,7131.0,0.0,05:06,5920.0,1190.0,0.0,7131.0,7110.0
2025-08-30,04:48,4.0,7188.0,0.0,05:05,5284.0,1896.0,0.0,7192.0,7180.0
2025-08-31,04:50,0.0,7292.0,0.0,05:05,5347.0,1913.0,0.0,7292.0,7260.0
2025-09-01,04:50,0.0,7135.0,0.0,05:06,4970.0,2143.0,0.0,7135.0,7113.0
2025-09-02,04:50,0.0,7065.0,0.0,05:06,4960.0,2097.0,0.0,7065.0,7057.0
2025-09-03,04:48,0.0,7064.0,2.0,05:06,6600.0,448.0,2.0,7064.0,7048.0
2025-09-04,04:49,0.0,7114.0,0.0,05:05,6243.0,855.0,0.0,7114.0,7098.0
2025-09-05,04:49,0.0,7104.0,0.0,05:06,5454.0,1645.0,0.0,7104.0,7099.0
2025-09-06,04:50,0.0,7102.0,0.0,05:05,5306.0,1788.0,0.0,7102.0,7094.0
2025-09-07,04:48,25.0,7109.0,0.0,05:05,5274.0,1861.0,0.0,7134.0,7135.0
2025-09-08,04:51,0.0,7037.0,0.0,05:05,4972.0,2048.0,0.0,7037.0,7020.0
2025-09-09,04:49,0.0,7003.0,0.0,05:06,5659.0,1313.0,0.0,7003.0,6972.0
2025-09-10,04:49,0.0,7038.0,0.0,05:06,6036.0,983.0,0.0,7038.0,7019.0
2025-09-11,04:49,0.0,7073.0,0.0,05:06,5662.0,1403.0,0.0,7073.0,7065.0
2025-09-12,04:49,0.0,7108.0,0.0,05:05,5555.0,1526.0,0.0,7108.0,7081.0
2025-09-13,04:49,0.0,7017.0,0.0,05:06,6057.0,931.0,0.0,7017.0,6988.0
2025-09-14,04:49,0.0,7055.0,0.0,05:07,5771.0,1276.0,0.0,7055.0,7047.0
2025-09-15,04:49,11.0,7316.0,0.0,05:06,5360.0,1956.0,0.0,7327.0,7316.0
2025-09-16,04:49,2.0,7365.0,0.0,05:06,5677.0,1683.0,0.0,7367.0,7360.0
2025-09-17,04:49,0.0,7067.0,0.0,05:06,5282.0,1782.0,0.0,7067.0,7064.0
2025-09-18,04:49,0.0,7025.0,1.0,05:05,5595.0,1412.0,1.0,7025.0,7007.0
2025-09-19,04:49,0.0,7030.0,1.0,05:06,5666.0,1331.0,1.0,7030.0,6997.0
2025-09-20,04:49,0.0,6797.0,0.0,05:05,5186.0,1606.0,0.0,6797.0,6792.0
2025-09-21,04:49,128.0,6525.0,0.0,05:05,5759.0,885.0,0.0,6653.0,6644.0
2025-09-22,04:49,0.0,6700.0,0.0,05:06,5303.0,1374.0,0.0,6700.0,6677.0
2025-09-23,04:49,0.0,6879.0,0.0,05:06,5526.0,1344.0,0.0,6879.0,6870.0
2025-09-24,04:49,0.0,6886.0,0.0,05:05,5714.0,1148.0,0.0,6886.0,6862.0
2025-09-25,04:49,0.0,6777.0,0.0,05:06,5921.0,830.0,0.0,6777.0,6751.0
2025-09-26,04:48,0.0,7277.0,1.0,05:06,5484.0,1778.0,1.0,7277.0,7262.0
2025-09-27,04:49,32.0,6743.0,0.0,05:05,5340.0,1423.0,0.0,6775.0,6763.0
2025-09-28,04:48,83.0,6639.0,0.0,05:05,5479.0,1221.0,0.0,6722.0,6700.0
2025-09-29,04:49,0.0,6815.0,0.0,05:06,5238.0,1568.0,0.0,6815.0,6806.0
2025-09-30,04:49,0.0,6839.0,1.0,05:06,5518.0,1294.0,1.0,6839.0,6812.0
2025-10-01,04:49,0.0,6771.0,0.0,05:07,5543.0,1196.0,0.0,6771.0,6739.0
2025-10-02,04:48,0.0,6697.0,0.0,05:07,5590.0,1089.0,0.0,6697.0,6679.0
2025-10-03,04:48,9.0,6515.0,0.0,05:06,5223.0,1283.0,0.0,6524.0,6506.0
2025-10-04,04:49,126.0,6252.0,0.0,05:05,5082.0,1289.0,0.0,6378.0,6371.0
2025-10-05,04:48,120.0,6345.0,0.0,05:05,5089.0,1359.0,0.0,6465.0,6448.0
2025-10-06,04:49,6.0,6576.0,0.0,05:06,4905.0,1668.0,0.0,6582.0,6573.0
2025-10-07,04:49,0.0,6619.0,1.0,05:06,5610.0,981.0,1.0,6619.0,6591.0
2025-10-08,04:49,0.0,6748.0,0.0,05:06,5747.0,976.0,0.0,6748.0,6723.0
2025-10-09,04:49,0.0,6906.0,0.0,05:06,6565.0,325.0,0.0,6906.0,6890.0
2025-10-10,04:49,0.0,6902.0,0.0,05:06,6136.0,782.0,0.0,6902.0,6918.0
2025-10-11,04:50,0.0,6957.0,0.0,05:05,6323.0,642.0,0.0,6957.0,6965.0
2025-10-12,04:49,12.0,6971.0,0.0,05:05,5716.0,1293.0,0.0,6983.0,7009.0
2025-10-13,04:50,0.0,7006.0,0.0,05:06,5624.0,1403.0,0.0,7006.0,7027.0
2025-10-14,04:49,0.0,6893.0,0.0,05:06,5684.0,1195.0,0.0,6893.0,6879.0
2025-10-15,04:50,0.0,6888.0,0.0,05:07,5606.0,1281.0,0.0,6888.0,6887.0
2025-10-16,04:49,0.0,6932.0,0.0,05:06,5969.0,938.0,0.0,6932.0,6907.0
2025-10-17,04:49,3.0,6930.0,0.0,05:06,5934.0,999.0,0.0,6933.0,6933.0
2025-10-18,04:48,0.0,6956.0,0.0,05:05,5940.0,999.0,0.0,6956.0,6939.0
2025-10-19,04:50,0.0,7017.0,0.0,05:06,5769.0,1253.0,0.0,7017.0,7022.0
2025-10-20,04:50,0.0,7013.0,0.0,05:06,5322.0,1739.0,0.0,7013.0,7061.0
2025-10-21,04:51,0.0,7007.0,0.0,05:06,5479.0,1487.0,0.0,7007.0,6966.0
2025-10-22,04:50,0.0,7025.0,0.0,05:07,5790.0,1246.0,0.0,7025.0,7036.0
2025-10-23,04:49,0.0,7047.0,0.0,05:06,5728.0,1320.0,0.0,7047.0,7048.0
2025-10-24,04:39,0.0,6954.0,0.0,05:07,5246.0,1697.0,0.0,6954.0,6943.0
2025-10-25,04:49,0.0,7019.0,1.0,05:05,5732.0,1279.0,1.0,7019.0,7011.0
2025-10-26,04:49,10.0,6989.0,1.0,05:06,4699.0,2285.0,1.0,6999.0,6984.0
2025-10-27,04:41,11.0,6975.0,1.0,05:06,4871.0,2138.0,1.0,6986.0,7009.0
2025-10-28,04:50,0.0,7112.0,0.0,05:06,5548.0,1561.0,0.0,7112.0,7109.0
2025-10-29,04:50,0.0,7148.0,0.0,05:06,5330.0,1820.0,0.0,7148.0,7150.0
2025-10-30,04:50,0.0,6848.0,0.0,05:06,5063.0,1808.0,0.0,6848.0,6871.0
2025-10-31,04:49,2.0,6473.0,0.0,05:06,5262.0,1237.0,0.0,6475.0,6499.0
2025-11-01,04:49,0.0,6531.0,0.0,05:05,5429.0,1135.0,0.0,6531.0,6564.0
2025-11-02,04:49,32.0,6577.0,3.0,05:06,5261.0,1347.0,3.0,6609.0,6608.0
2025-11-03,04:41,132.0,6371.0,3.0,05:06,4725.0,1802.0,3.0,6503.0,6527.0
2025-11-04,04:40,23.0,6710.0,0.0,05:06,5123.0,1593.0,0.0,6733.0,6716.0
2025-11-05,04:50,9.0,6670.0,0.0,05:06,5369.0,1307.0,0.0,6679.0,6676.0
2025-11-06,04:50,21.0,6665.0,2.0,05:06,5336.0,1402.0,2.0,6686.0,6738.0
2025-11-07,04:51,4.0,6785.0,0.0,05:06,5310.0,1451.0,0.0,6789.0,6761.0
2025-11-08,04:49,12.0,6675.0,0.0,05:06,5131.0,1552.0,0.0,6687.0,6683.0
2025-11-09,04:49,65.0,6682.0,0.0,05:05,4636.0,2125.0,0.0,6747.0,6761.0
2025-11-10,04:40,0.0,6792.0,0.0,05:06,4363.0,2428.0,0.0,6792.0,6791.0
2025-11-11,04:40,0.0,6918.0,0.0,05:06,5640.0,1317.0,0.0,6918.0,6957.0
2025-11-12,04:41,0.0,7021.0,0.0,05:06,5664.0,1359.0,0.0,7021.0,7023.0
2025-11-13,04:42,0.0,6964.0,0.0,05:07,3441.0,3637.0,0.0,6964.0,7078.0
2025-11-14,04:50,0.0,7168.0,0.0,05:06,5535.0,1683.0,0.0,7168.0,7218.0
2025-11-15,04:49,0.0,7337.0,0.0,05:05,5836.0,1556.0,0.0,7337.0,7392.0
2025-11-16,04:49,29.0,7422.0,0.0,05:05,5674.0,1781.0,0.0,7451.0,7455.0
2025-11-17,04:40,19.0,7329.0,0.0,05:06,5226.0,2175.0,0.0,7348.0,7401.0
2025-11-18,04:41,13.0,7413.0,0.0,05:06,5773.0,1670.0,0.0,7426.0,7443.0
2025-11-19,04:42,0.0,7265.0,0.0,05:07,5054.0,2237.0,0.0,7265.0,7291.0
2025-11-20,04:50,0.0,7268.0,0.0,05:06,5581.0,1705.0,0.0,7268.0,7286.0
2025-11-21,04:39,14.0,6813.0,1.0,05:06,5272.0,1567.0,1.0,6827.0,6839.0
2025-11-22,04:48,0.0,6747.0,0.0,05:05,5629.0,1137.0,0.0,6747.0,6766.0
2025-11-23,04:49,80.0,6856.0,0.0,05:05,5174.0,1778.0,0.0,6936.0,6952.0
2025-11-24,04:40,33.0,6886.0,0.0,05:06,4889.0,2067.0,0.0,6919.0,6956.0
2025-11-25,04:41,0.0,6861.0,0.0,05:06,5577.0,1372.0,0.0,6861.0,6949.0
2025-11-26,04:40,0.0,6837.0,1.0,05:06,5840.0,1009.0,1.0,6837.0,6849.0
2025-11-27,04:40,0.0,6528.0,0.0,05:06,6227.0,338.0,0.0,6528.0,6565.0
2025-11-28,04:50,0.0,6495.0,1.0,05:06,5869.0,684.0,1.0,6495.0,6553.0
2025-11-29,04:49,0.0,6719.0,0.0,05:07,5919.0,788.0,0.0,6719.0,6707.0
2025-11-30,04:48,0.0,6857.0,0.0,,,,,6857.0,
