,media,p50,p95,p99,máx
00:00,185.0,172.0,276.0,370.0,920
03:00,3.0,3.0,3.0,3.0,3
05:00,543.0,560.0,670.0,718.0,747
06:00,1902.0,1978.0,2475.0,2596.0,2654
07:00,3776.0,3931.0,4800.0,4999.0,5196
08:00,4790.0,4994.0,5730.0,5956.0,6415
09:00,3487.0,3590.0,4136.0,4407.0,4515
10:00,2663.0,2738.0,3112.0,3267.0,3366
11:00,2540.0,2589.0,2984.0,3079.0,3300
12:00,2730.0,2772.0,3182.0,3355.0,3530
13:00,3368.0,3430.0,3926.0,4158.0,4237
14:00,4141.0,4225.0,4934.0,5250.0,5654
15:00,4279.0,4395.0,5264.0,5797.0,6023
16:00,4048.0,4245.0,4982.0,5253.0,5384
17:00,4803.0,5083.0,6133.0,6576.0,6801
18:00,5223.0,5580.0,6753.0,7100.0,7377
19:00,4097.0,4430.0,5296.0,5474.0,5771
20:00,2897.0,3100.0,3847.0,4046.0,4139
21:00,2172.0,2318.0,2908.0,3048.0,3194
22:00,1442.0,1496.0,1888.0,2038.0,2529
23:00,829.0,826.0,1171.0,1369.0,2377
