st,salidas_dia_p99,llegadas_dia_p99,llegadas_hora_p99,llegadas_hora_max,salidas_hora_max,cap,llegadas_hora_max/cap
001,345.0,343.1199999999999,33.0,50,54,35.0,1.4285714285714286
002,157.1199999999999,162.05999999999995,17.0,34,27,23.0,1.4782608695652173
003,175.19999999999982,166.0,20.0,90,74,31.0,2.903225806451613
004,197.02999999999997,201.0,21.0,45,33,19.0,2.3684210526315788
005,210.0,209.05999999999995,28.0,57,61,23.0,2.4782608695652173
006,215.1199999999999,205.02999999999997,20.0,35,35,15.0,2.3333333333333335
007,300.03,298.0,29.0,50,61,23.0,2.1739130434782608
008,130.19999999999982,124.14999999999986,15.0,83,79,17.0,4.882352941176471
009,157.05999999999995,149.08999999999992,19.0,42,34,19.0,2.210526315789474
010,258.2999999999997,247.24999999999977,29.0,81,86,27.0,3.0
011,171.02999999999997,167.1199999999999,18.0,35,31,15.0,2.3333333333333335
012,148.08999999999992,148.1199999999999,15.0,30,31,15.0,2.0
013,177.07999999999993,182.0,30.0,130,62,28.0,4.642857142857143
014,416.2399999999998,646.3199999999997,121.0,207,147,39.0,5.3076923076923075
015,250.05999999999995,249.05999999999995,33.0,59,61,23.0,2.5652173913043477
016,285.0,282.49000000000035,39.0,103,84,31.0,3.3225806451612905
017,279.8999999999992,292.1199999999999,35.0,66,59,27.0,2.4444444444444446
018,384.05999999999995,384.2999999999997,48.0,113,101,39.0,2.8974358974358974
019,332.0,272.94999999999914,40.0,89,81,31.0,2.870967741935484
020,239.41999999999962,248.04999999999995,36.0,92,96,23.0,4.0
021,167.04999999999995,139.04999999999995,20.0,41,50,25.0,1.64
022,171.07999999999993,129.14999999999986,21.0,61,78,34.0,1.7941176470588236
023,233.59999999999945,235.35000000000025,35.0,67,75,36.0,1.8611111111111112
024,228.09000000000003,223.21000000000015,29.0,63,68,19.0,3.3157894736842106
025,324.1200000000008,321.9999999999991,44.0,122,106,27.0,4.518518518518518
026,174.04999999999995,177.1199999999999,22.0,64,56,15.0,4.266666666666667
027,460.17999999999984,457.2399999999998,59.0,151,143,43.0,3.511627906976744
028,318.0,364.05999999999995,39.0,59,66,35.0,1.6857142857142857
029,379.1600000000011,394.7499999999993,45.0,100,106,35.0,2.857142857142857
030,308.0,324.1999999999998,32.0,63,64,36.0,1.75
031,409.0,386.03999999999996,39.0,68,87,37.0,1.837837837837838
032,264.4499999999996,269.0,30.0,49,46,34.0,1.4411764705882353
033,206.07999999999993,220.15999999999985,20.0,69,60,17.0,4.0588235294117645
034,209.1199999999999,212.03999999999996,21.0,32,33,23.0,1.391304347826087
035,190.35999999999967,203.05999999999995,22.0,64,50,41.0,1.5609756097560976
036,315.14999999999986,311.05999999999995,29.0,43,54,31.0,1.3870967741935485
037,266.03,237.08999999999992,27.0,45,56,35.0,1.2857142857142858
038,380.0,340.0,34.0,48,83,35.0,1.3714285714285714
039,199.0,176.15999999999985,21.0,42,41,23.0,1.826086956521739
040,203.1199999999999,208.08999999999992,21.0,30,39,23.0,1.3043478260869565
041,419.80000000000064,416.9499999999997,59.0,120,104,33.0,3.6363636363636362
042,150.02999999999997,142.02999999999997,18.0,29,33,23.0,1.2608695652173914
043,476.47999999999956,527.1499999999999,57.0,155,148,31.0,5.0
044,144.0,142.02999999999997,19.18000000000029,34,37,25.0,1.36
045,271.2099999999998,273.14999999999986,35.0,50,49,39.0,1.2820512820512822
046,197.26999999999975,213.05999999999995,25.0,40,49,39.0,1.0256410256410255
047,287.14999999999986,288.03,29.0,50,62,29.0,1.7241379310344827
048,148.1199999999999,149.02999999999997,16.0,30,29,11.0,2.727272727272727
049,180.02999999999997,181.02999999999997,18.0,30,41,39.0,0.7692307692307693
050,116.05999999999995,119.05999999999995,15.0,23,24,27.0,0.8518518518518519
051,166.02999999999997,167.02999999999997,18.0,25,37,27.0,0.9259259259259259
052,322.1999999999998,332.03,35.0,76,71,19.0,4.0
053,291.03,291.0,24.0,34,38,15.0,2.2666666666666666
054,217.0,226.02999999999997,22.030000000000655,35,40,35.0,1.0
055,136.24000000000012,149.05999999999995,16.0,32,29,15.0,2.1333333333333333
056,332.0,292.05999999999995,28.0,41,57,35.0,1.1714285714285715
057,96.0,96.02999999999997,11.0,14,18,11.0,1.2727272727272727
058,139.02999999999997,132.14999999999986,14.0,26,35,27.0,0.9629629629629629
059,222.02999999999997,235.0,23.0,33,40,35.0,0.9428571428571428
060,175.02999999999997,180.0,22.0,39,42,39.0,1.0
061,200.02999999999997,216.05999999999995,22.0,29,37,35.0,0.8285714285714286
062,116.02999999999997,115.05999999999995,13.0,18,20,19.0,0.9473684210526315
063,137.1199999999999,145.0,14.0,25,28,35.0,0.7142857142857143
064,415.2099999999998,427.05999999999995,39.0,53,57,27.0,1.962962962962963
065,130.07999999999993,147.1199999999999,18.0,29,34,19.0,1.5263157894736843
066,194.02999999999997,198.05999999999995,22.0,34,31,27.0,1.2592592592592593
067,136.0,139.0,14.0,31,27,23.0,1.3478260869565217
068,222.0,223.02999999999997,23.0,44,39,25.0,1.76
069,163.0,166.02999999999997,17.0,25,30,17.0,1.4705882352941178
070,202.02999999999997,215.0,25.0,42,40,45.0,0.9333333333333333
071,149.0,154.02999999999997,17.0,31,36,35.0,0.8857142857142857
072,244.08999999999992,244.02999999999997,31.0,54,58,31.0,1.7419354838709677
073,152.02999999999997,156.02999999999997,16.0,26,34,35.0,0.7428571428571429
074,255.05999999999995,260.05999999999995,25.0,37,42,35.0,1.0571428571428572
075,172.02999999999997,170.17999999999984,21.0,39,47,33.0,1.1818181818181819
076,149.02999999999997,139.02999999999997,15.0,24,26,19.0,1.263157894736842
077,215.02999999999997,201.02999999999997,20.0,33,35,15.0,2.2
078,159.05999999999995,124.0,16.0,36,28,35.0,1.0285714285714285
079,149.02999999999997,149.05999999999995,16.0,25,34,31.0,0.8064516129032258
080,161.0,161.02999999999997,17.0,28,33,35.0,0.8
081,163.0,142.03999999999996,15.0,31,33,27.0,1.1481481481481481
082,174.05999999999995,177.02999999999997,17.0,31,30,11.0,2.8181818181818183
083,112.0,106.0,12.0,20,22,15.0,1.3333333333333333
084,269.75,239.0,25.0,38,40,19.0,2.0
085,162.05999999999995,155.02999999999997,15.0,23,23,15.0,1.5333333333333334
086,261.03,253.08999999999992,25.0,50,45,17.0,2.9411764705882355
087,182.4499999999996,209.14999999999986,19.0,91,87,25.0,3.64
088,88.07000000000005,101.0,12.0,22,22,15.0,1.4666666666666666
089,82.09999999999991,84.09999999999991,10.0,23,19,11.0,2.090909090909091
090,75.0,76.53999999999996,12.0,30,21,27.0,1.1111111111111112
091,86.08999999999992,88.0,12.0,20,19,19.0,1.0526315789473684
092,124.02999999999997,126.02999999999997,14.0,25,22,23.0,1.0869565217391304
093,72.18000000000006,81.16000000000008,15.0,27,27,35.0,0.7714285714285715
094,51.0,50.0,8.0,22,15,23.0,0.9565217391304348
095,124.4000000000002,137.0,15.0,50,47,19.0,2.6315789473684212
096,222.05999999999995,216.02999999999997,26.0,49,39,35.0,1.4
097,92.1400000000001,100.03999999999996,13.0,27,27,27.0,1.0
098,147.05999999999995,146.08999999999992,17.0,33,31,31.0,1.064516129032258
099,139.02999999999997,139.02999999999997,20.0,32,28,27.0,1.1851851851851851
100,70.08000000000004,71.32000000000016,11.0,27,22,23.0,1.173913043478261
1000,3.9200000000000017,9.779999999999973,3.0,6,3,,
102,83.0,81.0,10.0,16,16,15.0,1.0666666666666667
103,111.0,85.0,11.0,19,30,31.0,0.6129032258064516
104,73.0,66.02999999999997,8.0,15,13,11.0,1.3636363636363635
105,61.23999999999978,59.31999999999971,8.0,73,67,23.0,3.1739130434782608
106,120.02999999999997,120.0,14.0,27,23,23.0,1.173913043478261
107-108,460.0899999999999,492.03,56.0,92,72,59.0,1.5593220338983051
109,89.02999999999997,80.05999999999995,10.0,17,29,31.0,0.5483870967741935
110,130.0,115.02999999999997,13.0,28,33,35.0,0.8
111,221.0,212.0,23.0,34,35,27.0,1.2592592592592593
112,148.95999999999913,154.8699999999992,16.0,39,37,23.0,1.6956521739130435
113,162.02999999999997,164.1199999999999,17.0,29,28,15.0,1.9333333333333333
114,164.1199999999999,160.05999999999995,18.0,28,27,23.0,1.2173913043478262
115,252.1199999999999,209.19999999999982,25.0,69,62,27.0,2.5555555555555554
116,250.0,240.26999999999975,23.0,31,35,23.0,1.3478260869565217
117,247.2099999999998,241.02999999999997,29.0,47,52,31.0,1.5161290322580645
118,172.0,171.0,17.0,28,30,19.0,1.4736842105263157
119,204.0,212.08999999999992,22.0,32,34,29.0,1.103448275862069
120,167.02999999999997,168.05999999999995,17.0,25,25,15.0,1.6666666666666667
121,211.0,212.08999999999992,21.0,38,32,15.0,2.533333333333333
122,100.08999999999992,98.02999999999997,10.0,22,29,31.0,0.7096774193548387
123,203.1199999999999,194.05999999999995,22.0,40,30,27.0,1.4814814814814814
124,154.05999999999995,154.0,16.0,27,27,35.0,0.7714285714285715
125,171.02999999999997,166.02999999999997,17.0,26,29,35.0,0.7428571428571429
126,167.0,178.02999999999997,19.0,31,36,34.0,0.9117647058823529
127,135.02999999999997,136.14999999999986,14.0,21,26,27.0,0.7777777777777778
128,179.02999999999997,196.05999999999995,19.0,27,35,23.0,1.173913043478261
129,169.0,180.23999999999978,19.0,31,29,23.0,1.3478260869565217
130,165.02999999999997,169.0,17.0,25,29,23.0,1.0869565217391304
131,192.1199999999999,212.08999999999992,21.0,33,31,19.0,1.736842105263158
132,141.0,152.0,15.0,26,33,23.0,1.1304347826086956
133,180.05999999999995,193.0,20.149999999999636,34,28,35.0,0.9714285714285714
134,305.0,324.2399999999998,30.0,43,46,31.0,1.3870967741935485
135,181.05999999999995,172.1199999999999,19.0,33,29,38.0,0.868421052631579
136,231.0,243.08999999999992,22.0,40,35,23.0,1.7391304347826086
137,158.02999999999997,165.02999999999997,17.0,28,31,27.0,1.037037037037037
138,107.02999999999997,117.0,13.0,21,19,27.0,0.7777777777777778
139,228.0,246.02999999999997,22.0,32,34,23.0,1.391304347826087
140,136.02999999999997,134.0,15.0,26,23,19.0,1.368421052631579
141,255.0,270.0,24.0,34,39,31.0,1.096774193548387
142,220.2099999999998,242.0,24.0,40,43,31.0,1.2903225806451613
143,137.02999999999997,137.0,15.0,23,22,23.0,1.0
144,132.02999999999997,138.02999999999997,15.0,21,24,27.0,0.7777777777777778
145,206.05999999999995,212.02999999999997,21.0,30,28,27.0,1.1111111111111112
146,218.05999999999995,221.0,22.0,38,33,23.0,1.6521739130434783
147,123.11999999999989,131.02999999999997,15.0,27,23,27.0,1.0
148,96.05999999999995,92.02999999999997,10.0,20,22,21.0,0.9523809523809523
149,192.02999999999997,185.08999999999992,19.0,29,32,31.0,0.9354838709677419
150,203.08999999999992,209.05999999999995,23.0,32,35,31.0,1.032258064516129
151,175.05999999999995,183.05999999999995,19.0,29,24,27.0,1.0740740740740742
152,155.02999999999997,147.1199999999999,15.0,23,30,35.0,0.6571428571428571
153,93.0,89.02999999999997,10.0,16,16,23.0,0.6956521739130435
154,317.0,300.05999999999995,37.0,56,63,35.0,1.6
155,180.05999999999995,187.08999999999992,20.0,29,31,35.0,0.8285714285714286
156,106.12,103.0,12.0,18,19,19.0,0.9473684210526315
157,112.0,91.02999999999997,10.0,38,29,30.0,1.2666666666666666
158-159,353.14999999999986,334.05999999999995,38.0,58,60,74.0,0.7837837837837838
160,148.02999999999997,115.0,13.0,18,24,23.0,0.782608695652174
161,97.02999999999997,86.0,11.0,16,17,23.0,0.6956521739130435
162,139.02999999999997,144.0,16.0,24,26,27.0,0.8888888888888888
163,149.0,164.05999999999995,20.0,30,26,35.0,0.8571428571428571
164,172.02999999999997,181.0,18.0,26,29,27.0,0.9629629629629629
165,152.0,151.1199999999999,18.0,29,30,23.0,1.2608695652173914
166,163.0,153.1199999999999,16.0,28,28,23.0,1.2173913043478262
167,141.0,130.08999999999992,15.0,25,25,23.0,1.0869565217391304
168,106.02999999999997,101.02999999999997,12.0,18,21,23.0,0.782608695652174
169,166.14999999999986,159.0999999999999,19.0,28,34,23.0,1.2173913043478262
170,174.0,173.02999999999997,19.0,30,29,23.0,1.3043478260869565
171,101.02999999999997,92.02999999999997,11.0,17,19,27.0,0.6296296296296297
172,131.05999999999995,136.0,16.0,24,22,19.0,1.263157894736842
173,148.08999999999992,129.08999999999992,16.0,25,25,23.0,1.0869565217391304
174,263.0899999999999,243.02999999999997,25.0,36,47,31.0,1.1612903225806452
175,170.0,170.0,19.0,27,26,23.0,1.173913043478261
176,120.46000000000004,125.90000000000009,35.0,75,79,39.0,1.9230769230769231
177,97.02999999999997,85.0,10.0,15,23,19.0,0.7894736842105263
178,136.02999999999997,126.08999999999992,14.0,23,30,23.0,1.0
179,129.02999999999997,129.05999999999995,14.0,23,24,27.0,0.8518518518518519
180,176.0,175.0,18.0,25,33,27.0,0.9259259259259259
181,116.0,111.02999999999997,13.0,22,25,27.0,0.8148148148148148
182,295.05999999999995,290.0,29.0,40,49,31.0,1.2903225806451613
183,186.02999999999997,175.02999999999997,17.0,25,42,35.0,0.7142857142857143
184,132.02999999999997,129.0,17.0,23,27,35.0,0.6571428571428571
185,166.05999999999995,166.0,17.1200000000008,26,32,28.0,0.9285714285714286
186,139.0,132.0,15.0,25,23,15.0,1.6666666666666667
187,114.05999999999995,106.02999999999997,12.0,18,23,23.0,0.782608695652174
188,151.02999999999997,138.02999999999997,14.0,25,26,19.0,1.3157894736842106
189,82.0,67.03999999999996,8.0,16,17,19.0,0.8421052631578947
190,203.02999999999997,186.0,19.0,32,35,31.0,1.032258064516129
191,110.0,97.02999999999997,11.0,19,21,19.0,1.0
192-193,424.03,423.0,67.0,133,114,49.0,2.7142857142857144
194,567.04,568.2399999999998,66.0,268,253,35.0,7.6571428571428575
195,472.8999999999992,468.59999999999945,60.18000000000029,175,170,31.0,5.645161290322581
196,72.0,70.02999999999997,11.0,20,26,27.0,0.7407407407407407
197,230.08999999999992,226.08999999999992,28.0,43,51,31.0,1.3870967741935485
198,80.0,95.0,17.0,25,26,25.0,1.0
199,69.14999999999986,66.04999999999995,13.0,20,28,23.0,0.8695652173913043
200,108.0,103.02999999999997,20.0,32,33,27.0,1.1851851851851851
201,100.11999999999989,104.0,16.0,24,27,19.0,1.263157894736842
202,63.0,62.02999999999997,16.0,24,23,19.0,1.263157894736842
203,72.02999999999997,61.02999999999997,10.0,16,26,23.0,0.6956521739130435
204,134.0,96.0,14.0,22,33,27.0,0.8148148148148148
205,122.08999999999992,131.0,18.0,28,25,19.0,1.4736842105263157
206,155.05999999999995,166.05999999999995,24.0,33,31,23.0,1.434782608695652
207,125.02999999999997,136.02999999999997,20.0,37,32,23.0,1.608695652173913
208,459.0,382.38999999999965,40.0,70,62,25.0,2.8
209,111.03999999999996,111.0,18.0,25,27,19.0,1.3157894736842106
210,127.0,84.05999999999995,12.0,19,34,27.0,0.7037037037037037
211,229.2099999999998,165.0,22.0,39,60,35.0,1.1142857142857143
212,196.02999999999997,183.02999999999997,22.0,42,50,35.0,1.2
213,58.0,55.159999999999854,20.0,28,27,27.0,1.037037037037037
214,80.11999999999989,74.0,14.0,26,31,27.0,0.9629629629629629
215,72.02999999999997,66.0,12.0,28,27,23.0,1.2173913043478262
216,90.08999999999992,81.0,12.0,36,32,27.0,1.3333333333333333
217,212.05999999999995,253.0,35.0,55,51,31.0,1.7741935483870968
218,107.02999999999997,110.0,15.0,27,29,23.0,1.173913043478261
219,166.17999999999984,146.1199999999999,33.0,47,52,39.0,1.205128205128205
220,71.02999999999997,65.03999999999996,22.0,33,34,27.0,1.2222222222222223
221,90.05999999999995,84.05999999999995,15.0,27,31,25.0,1.08
222,149.14999999999986,155.35999999999967,18.0,55,57,27.0,2.037037037037037
223,176.08999999999992,153.05999999999995,18.0,34,48,35.0,0.9714285714285714
224,117.02999999999997,118.0,16.0,25,27,15.0,1.6666666666666667
225,119.02999999999997,123.0,18.0,27,28,21.0,1.2857142857142858
226,128.05999999999995,150.0,25.0,39,33,27.0,1.4444444444444444
227,79.02999999999997,73.0,18.0,29,27,23.0,1.2608695652173914
228,125.02999999999997,103.02999999999997,20.0,67,64,19.0,3.526315789473684
229,84.02999999999997,77.02999999999997,13.0,20,28,23.0,0.8695652173913043
230,93.0,87.0,13.0,23,25,15.0,1.5333333333333334
231,105.0,99.02999999999997,16.0,26,31,27.0,0.9629629629629629
232,109.02999999999997,121.0,21.0,38,37,31.0,1.2258064516129032
233,169.02999999999997,169.1199999999999,22.0,50,54,15.0,3.3333333333333335
234,114.02999999999997,101.0,16.0,34,35,27.0,1.2592592592592593
235-236,220.08999999999992,161.02999999999997,41.0,55,81,55.0,1.0
237-238,412.03,327.05999999999995,39.0,88,90,63.0,1.3968253968253967
239,122.02999999999997,139.08999999999992,29.0,48,31,19.0,2.526315789473684
240,47.02999999999997,41.0,12.0,16,22,17.0,0.9411764705882353
241,78.0,75.05999999999995,15.0,40,22,19.0,2.1052631578947367
242,299.03,314.0,38.0,53,70,31.0,1.7096774193548387
243,124.02999999999997,126.0,22.0,30,26,23.0,1.3043478260869565
244,76.0,72.73000000000002,19.0,32,25,23.0,1.391304347826087
245,77.0,74.0,12.0,19,25,21.0,0.9047619047619048
246,98.02999999999997,89.0,16.0,32,23,15.0,2.1333333333333333
247,112.0,121.0,28.0,38,33,27.0,1.4074074074074074
248,118.0,113.0,20.0,30,30,23.0,1.3043478260869565
249,94.02999999999997,82.02999999999997,13.0,23,20,15.0,1.5333333333333334
250,160.05999999999995,161.02999999999997,32.0,51,46,23.0,2.217391304347826
251,84.02999999999997,78.02999999999997,12.0,24,21,15.0,1.6
252,126.02999999999997,120.0,17.0,32,32,19.0,1.6842105263157894
253,151.05999999999995,153.02999999999997,20.0,34,32,19.0,1.7894736842105263
254,123.02999999999997,115.02999999999997,14.549999999999272,23,28,31.0,0.7419354838709677
255,152.0,134.05999999999995,15.0,27,32,35.0,0.7714285714285715
256,165.02999999999997,154.05999999999995,16.0,30,34,23.0,1.3043478260869565
257,246.05999999999995,246.0,29.0,39,42,19.0,2.0526315789473686
258,132.05999999999995,135.05999999999995,14.0,22,24,33.0,0.6666666666666666
259,129.0,126.0,16.0,31,33,27.0,1.1481481481481481
260,262.59999999999945,309.2499999999998,34.0,102,98,21.0,4.857142857142857
261,164.1199999999999,182.27999999999975,38.0,105,79,43.0,2.441860465116279
262,91.0,94.09000000000003,13.0,28,25,31.0,0.9032258064516129
263,89.0,76.11999999999989,9.0,25,24,29.0,0.8620689655172413
264-275,105.41999999999996,122.41999999999996,36.0,72,70,71.0,1.0140845070422535
265,93.0,97.42999999999995,19.0,35,32,33.0,1.0606060606060606
266-267,312.7000000000003,474.0199999999993,77.0,110,104,75.0,1.4666666666666666
268-269,125.0,140.3800000000001,50.69000000000051,70,72,69.0,1.0144927536231885
270,266.27999999999975,255.83999999999924,27.0,58,54,33.0,1.7575757575757576
271-272,761.4500000000002,1302.35,223.52000000000044,368,189,74.0,4.972972972972973
273-274,484.67999999999984,456.8399999999999,95.0,161,181,70.0,2.3
276,106.0,104.05999999999995,15.0,24,19,19.0,1.263157894736842
277,112.0,118.02999999999997,15.0,24,21,31.0,0.7741935483870968
278,82.02999999999997,81.02999999999997,9.0,15,17,19.0,0.7894736842105263
279,71.05999999999995,69.0,8.0,14,15,31.0,0.45161290322580644
280,143.02999999999997,147.02999999999997,20.0,33,25,39.0,0.8461538461538461
281,141.0,141.0,14.0,20,24,31.0,0.6451612903225806
282,111.02999999999997,110.0,12.0,21,20,19.0,1.105263157894737
283,72.05999999999995,69.02999999999997,8.0,12,19,19.0,0.631578947368421
284,102.0,111.02999999999997,15.0,29,26,31.0,0.9354838709677419
285,90.0,73.03999999999996,10.0,17,17,19.0,0.8947368421052632
286,129.0,118.05999999999995,14.0,31,34,19.0,1.631578947368421
287,82.0,69.05999999999995,9.0,12,17,19.0,0.631578947368421
288,102.02999999999997,93.0,11.0,16,18,15.0,1.0666666666666667
290,128.0,141.05999999999995,18.0,27,30,26.0,1.0384615384615385
291,193.02999999999997,200.1199999999999,22.0,32,40,35.0,0.9142857142857143
292,126.02999999999997,124.0,13.0,20,32,31.0,0.6451612903225806
293,83.02999999999997,78.0,9.0,17,21,30.0,0.5666666666666667
294,78.11999999999989,78.02999999999997,9.0,13,17,21.0,0.6190476190476191
295,145.02999999999997,134.0,15.0,27,22,35.0,0.7714285714285715
296,93.02999999999997,85.02999999999997,11.0,19,18,23.0,0.8260869565217391
297,61.02999999999997,51.02999999999997,7.0,12,14,27.0,0.4444444444444444
298,88.02999999999997,85.05999999999995,9.0,14,18,19.0,0.7368421052631579
299,126.02999999999997,123.02999999999997,13.0,18,23,27.0,0.6666666666666666
300,124.05999999999995,111.0,13.0,21,25,23.0,0.9130434782608695
301,123.0,106.02999999999997,22.0,31,34,25.0,1.24
302,199.02999999999997,202.0,28.0,42,38,39.0,1.0769230769230769
303,127.0,140.05999999999995,16.0,29,34,26.0,1.1153846153846154
304,95.08999999999992,98.05999999999995,21.0,31,34,35.0,0.8857142857142857
305,171.02999999999997,166.05999999999995,16.0,29,35,31.0,0.9354838709677419
306,121.11999999999989,129.02999999999997,13.170000000000073,23,25,35.0,0.6571428571428571
307,45.059999999999945,42.02999999999997,6.0,13,17,27.0,0.48148148148148145
308,97.0,91.0,9.0,14,28,31.0,0.45161290322580644
309,85.02999999999997,74.0,9.0,14,18,31.0,0.45161290322580644
310,166.0,163.05999999999995,16.0,24,28,15.0,1.6
312,97.08999999999992,79.0,9.0,15,26,27.0,0.5555555555555556
313,80.02999999999997,72.02999999999997,8.0,13,16,23.0,0.5652173913043478
314,73.05999999999995,66.02999999999997,8.0,12,16,19.0,0.631578947368421
315,110.0,123.02999999999997,19.0,30,30,27.0,1.1111111111111112
316,108.02999999999997,97.05999999999995,14.0,24,22,27.0,0.8888888888888888
317,166.0,165.0,16.0,25,29,35.0,0.7142857142857143
318,81.0,79.0,10.0,16,18,23.0,0.6956521739130435
319,90.0,82.0,10.0,17,18,27.0,0.6296296296296297
320,103.0,97.02999999999997,11.0,21,21,19.0,1.105263157894737
321,91.02999999999997,88.0,11.0,17,19,27.0,0.6296296296296297
322,60.0,56.02999999999997,7.0,13,12,27.0,0.48148148148148145
323,117.0,114.03999999999996,13.0,21,24,27.0,0.7777777777777778
324,81.0,75.03999999999996,9.0,13,19,19.0,0.6842105263157895
325,92.02999999999997,90.05999999999995,9.0,15,22,23.0,0.6521739130434783
326,128.0,140.1199999999999,27.0,38,30,35.0,1.0857142857142856
327,114.02999999999997,108.0,12.0,27,22,23.0,1.173913043478261
328,110.08999999999992,93.0,11.0,17,21,15.0,1.1333333333333333
329,125.0,115.09999999999991,15.0,22,32,31.0,0.7096774193548387
330,53.059999999999945,44.02999999999997,7.0,23,24,19.0,1.2105263157894737
331,90.0,73.02999999999997,9.0,16,19,27.0,0.5925925925925926
332,54.0,46.02999999999997,7.0,15,17,23.0,0.6521739130434783
333,65.0,53.02999999999997,7.0,11,16,23.0,0.4782608695652174
334,111.02999999999997,117.0,16.0,33,31,27.0,1.2222222222222223
335,67.05999999999995,76.0,11.0,20,23,35.0,0.5714285714285714
336,86.0,84.0,10.0,15,19,23.0,0.6521739130434783
337,108.02999999999997,104.0,12.0,20,20,19.0,1.0526315789473684
338,108.07999999999993,108.17999999999984,13.0,21,22,27.0,0.7777777777777778
339,52.0,47.0,7.0,13,11,23.0,0.5652173913043478
340,149.05999999999995,144.05999999999995,15.0,26,29,31.0,0.8387096774193549
341,77.05999999999995,70.02999999999997,9.0,13,19,31.0,0.41935483870967744
342,46.02999999999997,43.02999999999997,6.0,10,12,31.0,0.3225806451612903
343,77.02999999999997,77.0,12.0,24,23,15.0,1.6
345,48.0,46.0,6.0,10,11,23.0,0.43478260869565216
346,59.0,58.039999999999964,12.0,19,18,26.0,0.7307692307692307
347,116.24000000000012,112.4000000000002,12.0,31,32,19.0,1.631578947368421
348,77.0,67.0,8.0,26,24,19.0,1.368421052631579
349,75.05999999999995,64.02999999999997,8.0,14,17,19.0,0.7368421052631579
351,118.0,113.02999999999997,15.0,23,22,15.0,1.5333333333333334
352,99.11999999999989,87.0,11.729999999999563,17,19,31.0,0.5483870967741935
353,55.11999999999989,50.02999999999997,7.0,25,21,23.0,1.0869565217391304
354,101.0,100.02999999999997,17.0,34,29,23.0,1.4782608695652173
355,67.02999999999997,64.0,11.0,20,16,19.0,1.0526315789473684
356,97.02999999999997,97.0,11.0,16,17,15.0,1.0666666666666667
357,96.08999999999992,97.08999999999992,10.0,17,22,27.0,0.6296296296296297
358,71.02999999999997,66.02999999999997,8.0,14,14,23.0,0.6086956521739131
359,129.02999999999997,119.0,13.0,19,20,31.0,0.6129032258064516
360,87.02999999999997,79.0,9.0,15,17,23.0,0.6521739130434783
361,73.02999999999997,56.0,8.0,13,20,27.0,0.48148148148148145
362,54.059999999999945,47.059999999999945,6.0,14,11,19.0,0.7368421052631579
363,95.02999999999997,91.05999999999995,12.0,29,24,23.0,1.2608695652173914
365,118.0,116.02999999999997,13.0,20,22,21.0,0.9523809523809523
366,76.0,71.0,9.0,14,18,19.0,0.7368421052631579
367,51.0,43.0,6.0,11,16,19.0,0.5789473684210527
369,177.08999999999992,171.17999999999984,26.0,40,44,35.0,1.1428571428571428
370,130.02999999999997,108.0,13.0,24,28,31.0,0.7741935483870968
371,87.02999999999997,81.0,10.0,18,20,23.0,0.782608695652174
372,155.0,151.02999999999997,15.0,20,25,19.0,1.0526315789473684
373,79.02999999999997,78.0,9.0,13,18,19.0,0.6842105263157895
374,142.08999999999992,139.0,15.549999999999272,30,24,31.0,0.967741935483871
375,72.02999999999997,71.0,11.0,29,25,23.0,1.2608695652173914
377,151.02999999999997,157.02999999999997,18.0,27,26,35.0,0.7714285714285715
378,100.0,100.02999999999997,11.0,16,19,31.0,0.5161290322580645
380,68.02999999999997,63.0,8.0,13,17,23.0,0.5652173913043478
381,114.02999999999997,95.05999999999995,11.0,17,27,23.0,0.7391304347826086
384,162.02999999999997,147.02999999999997,21.0,33,30,23.0,1.434782608695652
385,142.02999999999997,113.02999999999997,16.0,33,36,35.0,0.9428571428571428
386,125.03999999999996,92.03999999999996,12.0,18,35,39.0,0.46153846153846156
387,78.02999999999997,64.0,8.0,16,20,19.0,0.8421052631578947
389,268.03999999999996,236.0,29.0,50,49,39.0,1.2820512820512822
390-391,250.02999999999997,218.05999999999995,25.0,41,41,47.0,0.8723404255319149
392,100.0,97.02999999999997,12.0,25,22,19.0,1.3157894736842106
393,115.02999999999997,105.0,12.0,19,22,35.0,0.5428571428571428
394,98.0,87.0,11.0,25,23,35.0,0.7142857142857143
395,74.02999999999997,70.05999999999995,11.0,17,20,31.0,0.5483870967741935
396,87.03999999999996,74.03999999999996,10.0,22,18,19.0,1.1578947368421053
397,142.17999999999984,139.17999999999984,14.0,20,29,31.0,0.6451612903225806
398,166.02999999999997,160.02999999999997,18.0,37,41,27.0,1.3703703703703705
399,155.03999999999996,137.0,15.0,25,24,35.0,0.7142857142857143
401,113.0,111.02999999999997,12.770000000000437,20,21,31.0,0.6451612903225806
402,161.31,149.31,16.0,24,30,27.0,0.8888888888888888
404,120.05999999999995,108.05999999999995,13.0,25,25,31.0,0.8064516129032258
405,181.05999999999995,176.02999999999997,19.0,32,31,27.0,1.1851851851851851
407,63.02999999999997,65.02999999999997,9.0,21,20,19.0,1.105263157894737
409,76.02999999999997,75.0,11.0,17,20,23.0,0.7391304347826086
412,109.05999999999995,108.08999999999992,14.0,24,20,34.0,0.7058823529411765
413,71.0,66.0,8.0,16,14,35.0,0.45714285714285713
414,67.02999999999997,63.02999999999997,8.0,14,13,27.0,0.5185185185185185
415,53.02999999999997,49.02999999999997,7.0,11,15,27.0,0.4074074074074074
416,70.0,54.07999999999993,7.0,11,16,27.0,0.4074074074074074
417,81.07999999999993,73.07999999999993,9.0,13,25,27.0,0.48148148148148145
419,113.02999999999997,116.02999999999997,14.0,23,27,30.0,0.7666666666666667
420,100.0,89.07999999999993,13.0,19,21,23.0,0.8260869565217391
421,65.0,53.059999999999945,9.0,17,16,31.0,0.5483870967741935
422,39.02999999999997,33.0,5.0,8,15,19.0,0.42105263157894735
423,55.0,52.02999999999997,7.0,12,15,23.0,0.5217391304347826
424,77.0,74.02999999999997,8.0,14,13,11.0,1.2727272727272727
425,121.02999999999997,127.0,17.0,25,26,35.0,0.7142857142857143
427,117.09000000000003,122.18000000000006,13.0,23,20,19.0,1.2105263157894737
428,77.0,73.05999999999995,9.0,13,14,27.0,0.48148148148148145
429,63.059999999999945,61.08999999999992,8.0,14,12,19.0,0.7368421052631579
430,83.02999999999997,86.02999999999997,12.0,17,20,23.0,0.7391304347826086
432,102.02999999999997,101.05999999999995,13.0,20,19,35.0,0.5714285714285714
433,50.0,43.0,6.0,10,11,19.0,0.5263157894736842
434,35.0,29.029999999999973,5.0,8,13,27.0,0.2962962962962963
436,66.02999999999997,66.0,9.0,16,16,30.0,0.5333333333333333
437,54.02999999999997,54.0,11.0,17,15,19.0,0.8947368421052632
438,64.02999999999997,60.02999999999997,7.0,11,20,23.0,0.4782608695652174
439,60.0,55.0,7.0,13,14,19.0,0.6842105263157895
440,107.0,93.02999999999997,10.0,17,20,27.0,0.6296296296296297
441,105.0,109.11999999999989,13.0,21,19,31.0,0.6774193548387096
442,62.08999999999992,60.0,9.0,28,30,23.0,1.2173913043478262
443,32.02999999999997,31.0,5.0,11,10,31.0,0.3548387096774194
444,62.0,62.0,9.0,14,17,19.0,0.7368421052631579
445-446,90.0,88.14999999999986,9.0,22,26,59.0,0.3728813559322034
447,174.02999999999997,164.0,16.0,35,34,27.0,1.2962962962962963
448,128.02999999999997,128.02999999999997,15.0,28,28,31.0,0.9032258064516129
449,261.1199999999999,258.1199999999999,25.0,39,51,27.0,1.4444444444444444
450,150.02999999999997,179.14999999999986,21.0,48,30,31.0,1.5483870967741935
451,101.02999999999997,74.02999999999997,22.0,36,52,33.0,1.0909090909090908
452,90.02999999999997,84.0,15.0,22,22,15.0,1.4666666666666666
453,101.02999999999997,72.02999999999997,24.0,34,42,31.0,1.096774193548387
454,90.0,56.0,15.0,22,29,15.0,1.4666666666666666
455,145.0,101.0,21.0,29,44,23.0,1.2608695652173914
456,80.02999999999997,59.02999999999997,17.079999999999927,27,38,27.0,1.0
457,73.0,44.0,8.0,17,22,17.0,1.0
458,96.0,78.03999999999996,16.0,23,32,19.0,1.2105263157894737
459,123.72000000000003,102.0,24.0,35,41,31.0,1.1290322580645162
460,134.08999999999992,114.08999999999992,26.8799999999992,36,37,35.0,1.0285714285714285
461,160.02999999999997,127.0,19.0,32,39,31.0,1.032258064516129
462,90.0,86.0,20.0,30,35,23.0,1.3043478260869565
463,154.72000000000003,152.72000000000003,26.030000000000655,40,36,19.0,2.1052631578947367
464,186.05999999999995,200.02999999999997,28.0,54,43,23.0,2.347826086956522
465,220.05999999999995,162.02999999999997,19.0,28,47,27.0,1.037037037037037
466,150.0,127.0,17.0,30,36,27.0,1.1111111111111112
467,143.0,137.02999999999997,15.0,21,32,27.0,0.7777777777777778
468,113.19999999999982,91.0,20.0,31,45,33.0,0.9393939393939394
469,84.05999999999995,83.02999999999997,14.0,30,28,27.0,1.1111111111111112
470,106.05999999999995,97.0,12.0,23,25,23.0,1.0
471,86.05999999999995,84.0,11.0,19,23,19.0,1.0
472,117.0,115.02999999999997,20.0,34,36,23.0,1.4782608695652173
473,70.07999999999993,59.0,18.0,32,26,35.0,0.9142857142857143
474,220.1199999999999,240.0,43.0,58,52,31.0,1.8709677419354838
475,175.08999999999992,180.02999999999997,20.0,28,35,23.0,1.2173913043478262
476,215.08999999999992,221.0,29.889999999999418,44,41,35.0,1.2571428571428571
477,161.08999999999992,144.02999999999997,19.0,30,31,23.0,1.3043478260869565
478,105.0,82.0,16.0,24,27,27.0,0.8888888888888888
479,65.0,54.0,7.0,11,17,25.0,0.44
480,157.05999999999995,154.0,15.0,21,28,19.0,1.105263157894737
481,142.02999999999997,143.02999999999997,16.0,24,23,19.0,1.263157894736842
482,70.0,67.05999999999995,8.0,13,23,23.0,0.5652173913043478
483,84.48000000000002,82.48000000000002,8.0,14,27,23.0,0.6086956521739131
484,104.02999999999997,95.02999999999997,11.0,19,24,15.0,1.2666666666666666
485,150.1199999999999,147.02999999999997,19.0,30,29,23.0,1.3043478260869565
486,134.0,132.02999999999997,15.0,26,31,23.0,1.1304347826086956
487,76.16999999999996,71.33999999999992,9.0,17,17,23.0,0.7391304347826086
488,71.11999999999989,63.02999999999997,9.0,15,22,31.0,0.4838709677419355
489,131.02999999999997,123.02999999999997,14.0,25,25,27.0,0.9259259259259259
490,101.11999999999989,102.02999999999997,11.0,19,27,23.0,0.8260869565217391
491,90.53999999999996,76.52999999999997,10.0,16,20,23.0,0.6956521739130435
492,219.02999999999997,193.02999999999997,25.0,36,46,35.0,1.0285714285714285
493,99.0,92.0,12.0,21,19,19.0,1.105263157894737
494,302.03,256.1199999999999,29.539999999999054,44,44,22.0,2.0
495,289.0899999999999,228.0,24.0,37,53,39.0,0.9487179487179487
496,113.02999999999997,104.08999999999992,11.0,17,30,35.0,0.4857142857142857
497,127.0,143.03999999999996,19.0,30,34,51.0,0.5882352941176471
498,289.1199999999999,314.0899999999999,41.0,60,44,37.0,1.6216216216216217
499,231.02999999999997,237.02999999999997,27.039999999999054,42,42,39.0,1.0769230769230769
500,71.02999999999997,66.02999999999997,9.0,15,17,23.0,0.6521739130434783
501,100.0,88.0,12.0,23,30,27.0,0.8518518518518519
502,143.05999999999995,133.02999999999997,14.0,23,32,35.0,0.6571428571428571
503,61.0,61.0,9.0,13,18,19.0,0.6842105263157895
504,90.02999999999997,81.11999999999989,10.0,20,25,27.0,0.7407407407407407
505,130.26,107.0,12.0,20,29,23.0,0.8695652173913043
506,65.02999999999997,60.059999999999945,8.0,19,18,27.0,0.7037037037037037
507,127.05999999999995,122.0,16.0,24,28,31.0,0.7741935483870968
508,53.039999999999964,49.039999999999964,7.0,13,12,19.0,0.6842105263157895
509,51.09999999999991,47.049999999999955,7.0,11,13,23.0,0.4782608695652174
510,68.03999999999996,63.07999999999993,8.0,14,15,23.0,0.6086956521739131
511,88.0,91.17999999999984,12.0,18,15,27.0,0.6666666666666666
512,62.049999999999955,63.049999999999955,8.0,12,11,27.0,0.4444444444444444
513,117.02999999999997,112.02999999999997,13.0,20,23,39.0,0.5128205128205128
514,80.02999999999997,75.0,10.0,20,17,31.0,0.6451612903225806
515,47.02999999999997,47.0,6.0,12,12,19.0,0.631578947368421
516,36.0,34.0,5.0,10,11,19.0,0.5263157894736842
517,58.0,55.0,8.0,14,15,27.0,0.5185185185185185
518,53.059999999999945,54.0,8.0,14,17,27.0,0.5185185185185185
519,55.0,54.039999999999964,8.0,11,13,23.0,0.4782608695652174
520,89.02999999999997,110.0,18.0,31,24,33.0,0.9393939393939394
521,50.0,55.02999999999997,8.0,14,17,31.0,0.45161290322580644
522,73.0,75.0,12.0,16,19,27.0,0.5925925925925926
523,88.0,97.04999999999995,13.0,19,16,19.0,1.0
524,47.0,48.059999999999945,9.0,17,13,23.0,0.7391304347826086
525,48.0,52.059999999999945,11.0,21,15,23.0,0.9130434782608695
526,41.0,40.0,6.0,11,15,19.0,0.5789473684210527
527,39.0,39.10000000000002,6.140000000000327,11,17,23.0,0.4782608695652174
528,65.0,66.03999999999996,8.0,13,21,27.0,0.48148148148148145
529,62.07000000000005,65.1400000000001,9.0,14,16,19.0,0.7368421052631579
530,62.02999999999997,66.0,10.0,15,15,27.0,0.5555555555555556
531,81.02999999999997,78.0,9.0,14,20,35.0,0.4
532,60.02999999999997,57.059999999999945,8.0,15,13,21.0,0.7142857142857143
533,91.0,92.02999999999997,11.0,16,16,23.0,0.6956521739130435
534,56.059999999999945,53.0,8.0,12,13,27.0,0.4444444444444444
535,51.02999999999997,51.0,8.0,14,15,19.0,0.7368421052631579
536,70.0,61.02999999999997,8.0,15,25,23.0,0.6521739130434783
537,58.0,53.039999999999964,9.0,19,21,23.0,0.8260869565217391
538,124.02999999999997,116.02999999999997,15.0,23,21,23.0,1.0
539,120.08000000000004,116.0,15.0,26,22,23.0,1.1304347826086956
540,92.02999999999997,87.02999999999997,13.0,21,23,23.0,0.9130434782608695
541,116.02999999999997,132.02999999999997,17.0,28,28,27.0,1.037037037037037
542,118.0,105.50999999999988,17.0,28,24,23.0,1.2173913043478262
543,121.0,110.02999999999997,18.0,29,30,27.0,1.0740740740740742
544,158.02999999999997,159.0,18.0,27,25,23.0,1.173913043478261
545,124.08999999999992,124.05999999999995,16.0,30,30,27.0,1.1111111111111112
546,148.08999999999992,136.0,20.0,39,30,23.0,1.6956521739130435
547,166.92000000000007,245.5,38.0,134,76,31.0,4.32258064516129
548,573.3299999999997,745.6299999999994,66.0,268,105,39.0,6.871794871794871
549,150.02999999999997,180.02999999999997,21.0,55,33,27.0,2.037037037037037
550,120.0,111.02999999999997,14.0,21,26,23.0,0.9130434782608695
551,133.05999999999995,124.02999999999997,15.0,25,26,23.0,1.0869565217391304
552,126.0,118.08999999999992,13.0,25,27,23.0,1.0869565217391304
553,229.02999999999997,225.02999999999997,23.0,33,51,35.0,0.9428571428571428
554,158.08999999999992,264.17999999999984,20.0,69,35,27.0,2.5555555555555554
555,351.17999999999984,368.03,39.0,141,56,35.0,4.0285714285714285
556,95.20999999999981,100.14999999999986,11.0,48,45,33.0,1.4545454545454546
557,85.0,90.0,11.0,17,17,27.0,0.6296296296296297
558,82.02999999999997,83.0,10.0,16,25,27.0,0.5925925925925926
559,71.08000000000004,73.08000000000004,10.0,19,24,27.0,0.7037037037037037
560,245.05999999999995,239.02999999999997,27.0,39,38,27.0,1.4444444444444444
561,87.02999999999997,90.0,11.0,16,26,27.0,0.5925925925925926
562,115.02999999999997,112.02999999999997,13.0,18,19,23.0,0.782608695652174
563,250.02999999999997,252.0,24.0,32,37,23.0,1.391304347826087
564,107.02999999999997,98.08999999999992,11.0,20,20,23.0,0.8695652173913043
565,118.02999999999997,119.0,12.0,31,29,23.0,1.3478260869565217
566,117.0,110.0,14.0,21,18,23.0,0.9130434782608695
567,72.03999999999996,67.0,9.0,15,17,23.0,0.6521739130434783
568,101.05999999999995,99.02999999999997,12.0,20,18,23.0,0.8695652173913043
569,64.02999999999997,64.0,9.0,17,15,19.0,0.8947368421052632
570,78.02999999999997,87.02999999999997,13.0,19,19,27.0,0.7037037037037037
571,119.03999999999996,120.02999999999997,14.0,23,33,35.0,0.6571428571428571
572,66.02999999999997,68.0,9.0,18,14,27.0,0.6666666666666666
573,60.02999999999997,63.0,10.0,17,13,27.0,0.6296296296296297
574,44.0,41.059999999999945,7.0,11,15,15.0,0.7333333333333333
575,119.03999999999996,139.05999999999995,18.0,29,21,29.0,1.0
576,120.02999999999997,134.02999999999997,16.0,23,21,27.0,0.8518518518518519
577,60.0,65.0,13.0,18,28,31.0,0.5806451612903226
578,98.0,105.02999999999997,12.0,19,23,27.0,0.7037037037037037
579,68.0,78.02999999999997,13.0,19,22,27.0,0.7037037037037037
580,72.0,70.05999999999995,10.0,15,16,19.0,0.7894736842105263
581,45.0,46.02999999999997,8.0,13,15,27.0,0.48148148148148145
582,111.08999999999992,114.14999999999986,14.0,24,21,19.0,1.263157894736842
583,54.0,59.07999999999993,9.0,14,14,35.0,0.4
584,153.05999999999995,161.1199999999999,22.0,35,26,31.0,1.1290322580645162
585,62.059999999999945,68.0,11.0,26,21,27.0,0.9629629629629629
586,58.0,61.02999999999997,8.0,15,13,27.0,0.5555555555555556
587,51.02999999999997,48.02999999999997,6.0,11,17,27.0,0.4074074074074074
588,124.02999999999997,132.05999999999995,17.0,27,23,31.0,0.8709677419354839
589,67.02999999999997,61.02999999999997,9.0,17,21,23.0,0.7391304347826086
590,82.0,90.0,12.0,21,18,31.0,0.6774193548387096
591,95.0,98.02999999999997,13.0,25,21,27.0,0.9259259259259259
592,75.05999999999995,78.02999999999997,11.0,17,16,27.0,0.6296296296296297
593,146.0,149.07999999999993,17.0,30,25,31.0,0.967741935483871
594,237.0,259.0,29.0,43,36,31.0,1.3870967741935485
595,154.0,153.02999999999997,16.0,25,27,27.0,0.9259259259259259
596,157.02999999999997,153.0,15.0,23,28,27.0,0.8518518518518519
597,114.05999999999995,118.02999999999997,14.0,19,20,27.0,0.7037037037037037
598,78.02999999999997,71.02999999999997,9.0,16,14,31.0,0.5161290322580645
599,114.02999999999997,121.0,15.0,24,17,27.0,0.8888888888888888
600,92.05999999999995,92.0,11.0,18,17,31.0,0.5806451612903226
601,71.0,77.0,10.0,19,19,31.0,0.6129032258064516
602,71.0,75.0,10.0,15,17,35.0,0.42857142857142855
603,81.0,84.02999999999997,12.0,18,24,27.0,0.6666666666666666
604,75.02999999999997,86.0,13.0,22,19,31.0,0.7096774193548387
605,65.05999999999995,65.05999999999995,9.0,21,18,27.0,0.7777777777777778
606,79.05999999999995,76.02999999999997,11.0,20,24,27.0,0.7407407407407407
607,42.02999999999997,40.059999999999945,6.0,17,13,19.0,0.8947368421052632
608,198.02999999999997,202.0,18.0,33,38,51.0,0.6470588235294118
609,66.05999999999995,68.02999999999997,11.0,19,17,31.0,0.6129032258064516
610,79.0,84.03999999999996,13.149999999999636,22,20,31.0,0.7096774193548387
611,73.02999999999997,81.0,13.0,22,20,23.0,0.9565217391304348
612,82.08999999999992,92.02999999999997,13.0,20,19,31.0,0.6451612903225806
613,109.03999999999996,109.0,12.0,19,18,31.0,0.6129032258064516
614,84.0,87.02999999999997,11.0,20,19,27.0,0.7407407407407407
615,81.02999999999997,83.0,11.0,16,14,31.0,0.5161290322580645
616,66.0,64.0,8.0,13,16,23.0,0.5652173913043478
617,86.02999999999997,91.02999999999997,11.0,18,16,31.0,0.5806451612903226
618,181.14999999999986,188.02999999999997,20.0,28,26,31.0,0.9032258064516129
619,58.0,61.0,9.0,16,14,23.0,0.6956521739130435
620,57.039999999999964,63.039999999999964,10.0,17,15,23.0,0.7391304347826086
621,175.02999999999997,177.0,21.0,35,28,26.0,1.3461538461538463
622,86.02999999999997,87.0,11.0,23,21,27.0,0.8518518518518519
623,99.08999999999992,116.08999999999992,15.0,27,25,35.0,0.7714285714285715
624,97.02999999999997,109.0,14.0,22,24,35.0,0.6285714285714286
625,94.03999999999996,93.03999999999996,12.0,18,17,19.0,0.9473684210526315
626,91.0,88.02999999999997,11.0,20,16,27.0,0.7407407407407407
627,97.05999999999995,95.0,11.0,17,23,30.0,0.5666666666666667
628,155.08999999999992,159.05999999999995,16.0,25,30,21.0,1.1904761904761905
629,62.039999999999964,57.039999999999964,7.0,11,13,19.0,0.5789473684210527
630,107.02999999999997,110.0,12.0,20,18,31.0,0.6451612903225806
631,83.0,85.08999999999992,10.0,17,15,27.0,0.6296296296296297
632,80.0,77.05999999999995,11.0,18,18,27.0,0.6666666666666666
633,87.05999999999995,92.0,12.0,18,19,27.0,0.6666666666666666
634,67.05999999999995,73.0,11.0,18,17,27.0,0.6666666666666666
635,156.05999999999995,161.02999999999997,18.0,27,26,39.0,0.6923076923076923
636,61.059999999999945,64.02999999999997,9.0,17,19,23.0,0.7391304347826086
637,57.02999999999997,57.02999999999997,8.0,15,13,23.0,0.6521739130434783
638,187.0,191.02999999999997,17.0,34,28,19.0,1.7894736842105263
639,57.059999999999945,61.0,9.0,17,16,23.0,0.7391304347826086
640,68.02999999999997,69.0,10.0,16,16,23.0,0.6956521739130435
641,87.0,92.0,11.0,17,16,23.0,0.7391304347826086
642,59.0,60.059999999999945,10.0,16,16,23.0,0.6956521739130435
643,50.0,55.02999999999997,8.0,18,13,39.0,0.46153846153846156
644,185.0,184.02999999999997,20.0,30,30,23.0,1.3043478260869565
645,65.02999999999997,64.02999999999997,8.0,17,14,27.0,0.6296296296296297
646,57.02999999999997,63.0,10.0,18,14,27.0,0.6666666666666666
647,47.02999999999997,51.08999999999992,8.0,19,18,23.0,0.8260869565217391
648,120.02999999999997,151.0,20.0,32,24,25.0,1.28
649,58.0,57.0,9.649999999999636,21,18,23.0,0.9130434782608695
650,31.0,42.039999999999964,10.430000000000291,20,11,27.0,0.7407407407407407
651,52.02999999999997,51.0,7.0,14,13,31.0,0.45161290322580644
652,87.02999999999997,86.05999999999995,10.0,14,15,23.0,0.6086956521739131
653,66.0,69.0,10.0,20,22,23.0,0.8695652173913043
654,50.0,50.0,7.0,11,14,23.0,0.4782608695652174
655,48.0,50.0,10.0,19,15,19.0,1.0
656,51.02999999999997,60.0,8.0,14,14,35.0,0.4
657,58.0,61.02999999999997,8.0,13,14,19.0,0.6842105263157895
658,49.039999999999964,51.02999999999997,8.0,11,13,19.0,0.5789473684210527
659,73.0,71.0,11.0,16,20,23.0,0.6956521739130435
660,78.02999999999997,75.05999999999995,9.0,14,15,27.0,0.5185185185185185
661,37.02999999999997,33.0,5.0,9,8,27.0,0.3333333333333333
662,27.0,24.059999999999945,4.0,8,7,23.0,0.34782608695652173
663,93.08999999999992,93.0,14.0,22,22,23.0,0.9565217391304348
664,26.0,15.320000000000164,3.0,7,10,23.0,0.30434782608695654
665,26.0,21.0,4.0,7,10,23.0,0.30434782608695654
666,35.0,33.08000000000004,5.0,8,10,23.0,0.34782608695652173
667,73.0,66.0,11.0,23,38,23.0,1.0
668,181.0,180.05999999999995,18.0,35,41,33.0,1.0606060606060606
669,100.02999999999997,87.0,11.0,19,18,23.0,0.8260869565217391
670,48.0,32.0,5.0,9,12,23.0,0.391304347826087
671,65.05999999999995,46.0,9.0,15,16,36.0,0.4166666666666667
672,113.08999999999992,117.05999999999995,19.0,28,32,31.0,0.9032258064516129
673,49.0,27.049999999999955,5.0,9,16,35.0,0.2571428571428571
674,64.0,43.0,9.0,18,19,27.0,0.6666666666666666
675,187.02999999999997,139.02999999999997,18.0,27,37,35.0,0.7714285714285715
676,43.02999999999997,32.0,5.0,9,13,19.0,0.47368421052631576
677,67.03999999999996,59.0,10.0,32,24,35.0,0.9142857142857143
678,71.0,55.0,9.0,16,23,27.0,0.5925925925925926
679,81.05999999999995,86.0,17.0,29,20,31.0,0.9354838709677419
680,58.0,40.0,6.0,8,16,27.0,0.2962962962962963
681,33.039999999999964,29.0,6.0,9,14,19.0,0.47368421052631576
682,62.0,54.02999999999997,9.0,17,22,23.0,0.7391304347826086
683,98.02999999999997,98.0,14.0,31,27,27.0,1.1481481481481481
684,86.0,85.0,15.469999999999345,26,27,31.0,0.8387096774193549
685,205.08999999999992,201.02999999999997,24.0,47,48,27.0,1.7407407407407407
686,60.02999999999997,51.0,7.0,11,16,27.0,0.4074074074074074
687,26.09999999999991,20.0,4.0,7,12,27.0,0.25925925925925924
688,134.0,135.0,15.0,26,23,33.0,0.7878787878787878
689,66.03999999999996,62.0,8.0,13,15,23.0,0.5652173913043478
690,41.0,41.02999999999997,6.0,9,9,23.0,0.391304347826087
691,48.0,48.0,6.819999999999709,11,11,23.0,0.4782608695652174
692,63.02999999999997,65.02999999999997,9.0,15,16,19.0,0.7894736842105263
693,29.039999999999964,29.029999999999973,5.0,9,9,31.0,0.2903225806451613
694,31.0,30.059999999999945,5.0,10,18,23.0,0.43478260869565216
695,64.0,68.04999999999995,9.0,17,15,23.0,0.7391304347826086
696,65.0,73.02999999999997,9.0,17,15,39.0,0.4358974358974359
697,59.02999999999997,68.05999999999995,9.0,18,18,35.0,0.5142857142857142
698,47.02999999999997,48.0,6.0,10,10,15.0,0.6666666666666666
699,42.0,42.319999999999936,6.0,10,11,23.0,0.43478260869565216
700,57.0,60.0,8.0,12,14,35.0,0.34285714285714286
701,57.0,60.0,8.0,12,12,23.0,0.5217391304347826
702,51.0,54.02999999999997,7.0,11,14,31.0,0.3548387096774194
703,61.02999999999997,63.02999999999997,8.0,11,13,23.0,0.4782608695652174
704,38.0,44.02999999999997,7.0,13,11,23.0,0.5652173913043478
705,77.05999999999995,83.02999999999997,10.0,15,15,27.0,0.5555555555555556
706,45.0,48.0,8.0,14,14,23.0,0.6086956521739131
707,29.0,32.02999999999997,5.0,11,10,27.0,0.4074074074074074
708,58.0,74.02999999999997,11.0,17,14,27.0,0.6296296296296297
709,83.02999999999997,101.0,14.0,21,22,23.0,0.9130434782608695
710,277.05999999999995,269.0899999999999,35.0,51,57,39.0,1.3076923076923077
711,171.08999999999992,94.0,14.0,26,43,39.0,0.6666666666666666
Temporal - 2da Sección Bosque Chapultepec,119.75999999999999,112.78999999999999,18.450000000000003,19,24,,
Temporal 1,153.27000000000004,141.78,25.819999999999993,26,30,,
Temporal 2,80.55999999999996,66.65999999999998,18.560000000000002,22,28,,
Temporal 3,5.88,13.44,4.82,5,3,,
Temporal 4,2.0,11.819999999999999,4.699999999999999,5,1,,
