day,H,lam,retiro,decisiones,tiempo_dia_s,tiempo_decision_mediana_s,tiempo_decision_max_s,ordenes,max_abs_delta,R_pedido,A_pedido,R_recortado,A_recortado,bodega_aplicada_fin,bodega_aplicada_max_abs,E,F,EF,fallbacks
2025-09-01,1,60,sigma,72,14.92225428999518,0.19484558349722647,0.34176354100054596,758,22,3112,3112,4,2,2,4,76618,11255,87873,0
2025-09-01,1,60,floor,72,15.227412834043207,0.2019516250002198,0.3383496250025928,789,22,3602,3602,70,16,54,54,72040,11847,83887,0
2025-09-01,1,60,round,72,16.21356220999587,0.21788891650430742,0.4128302499957499,756,22,3288,3288,69,10,59,63,77214,12340,89554,0
2025-09-01,3,60,sigma,72,12.156715208984679,0.0650645625028119,0.5544095410004957,1022,22,3296,3496,6,0,206,206,38012,7418,45430,0
2025-09-01,3,60,floor,72,18.305887539980176,0.16155033300310606,0.744966165999358,1025,22,3861,4061,76,29,247,248,39099,7673,46772,0
2025-09-01,3,60,round,72,18.983042624997324,0.14077425000141375,0.8950254169976688,1023,22,3830,4030,89,17,272,272,38862,7379,46241,0
2025-09-01,6,60,sigma,72,14.428620875056367,0.09018418750201818,0.5773707080006716,1020,22,3574,3775,1,2,200,200,32160,6424,38584,0
2025-09-01,6,60,floor,72,18.06934570706653,0.09578904150112066,0.8063115000040852,1025,22,3982,4180,96,18,276,276,33084,6692,39776,0
2025-09-01,6,60,round,72,17.95343229395803,0.09154733349714661,0.8895026669997605,1022,22,3858,4056,103,16,285,285,33188,6818,40006,0
2025-09-21,1,60,sigma,72,10.280157207038428,0.14492122950105113,0.23264229200140107,283,22,957,957,3,1,2,3,30825,3725,34550,0
2025-09-21,1,60,floor,72,11.803592083015246,0.16171258299800684,0.2747609169964562,322,22,1291,1291,35,7,28,34,30883,4382,35265,0
2025-09-21,1,60,round,72,12.277229710998654,0.1701217084992095,0.27355962499859743,327,22,1249,1249,26,5,21,21,28704,3993,32697,0
2025-09-21,3,60,sigma,72,16.686586831005116,0.19639312499930384,0.5979052090042387,663,22,1350,1546,8,0,204,204,7323,1859,9182,0
2025-09-21,3,60,floor,72,22.092339915012417,0.24502770799881546,1.4161240419998649,620,22,1431,1610,57,4,232,232,8660,1856,10516,0
2025-09-21,3,60,round,72,23.847621001972584,0.2609313339999062,0.8995343339993269,609,22,1339,1513,75,7,242,242,8473,1819,10292,0
2025-09-21,6,60,sigma,72,19.679971621990262,0.24366025000199443,1.4243907499985653,709,22,1416,1614,15,6,207,211,6878,1689,8567,0
2025-09-21,6,60,floor,72,24.687175202001526,0.29581645800499246,1.373915083000611,672,22,1476,1671,80,14,261,266,6899,1745,8644,0
2025-09-21,6,60,round,72,25.695615873984934,0.3030024580002646,1.430650082998909,664,22,1415,1603,71,11,248,248,6939,1922,8861,0
2025-10-30,1,60,sigma,72,15.283247040999413,0.2047979375020077,0.3726741669961484,686,22,3266,3266,11,0,11,11,69174,12413,81587,0
2025-10-30,1,60,floor,72,16.40274837701145,0.21809558350287261,0.40268545800063293,731,22,3503,3503,88,13,75,75,70389,12465,82854,0
2025-10-30,1,60,round,72,15.571992621968093,0.2170086665028066,0.36805770799401216,714,22,3474,3474,84,11,73,75,71191,13153,84344,0
2025-10-30,3,60,sigma,72,20.359806827989814,0.28421889600213035,0.9891377919993829,1020,22,3540,3726,14,0,200,210,34992,9221,44213,0
2025-10-30,3,60,floor,72,25.305323415013845,0.3795874170027673,0.8319915829997626,1024,22,4141,4341,131,19,312,315,35093,9211,44304,0
2025-10-30,3,60,round,72,26.76605666796968,0.4032982705030008,0.8300136249963543,1024,22,4088,4288,103,9,294,294,35164,8828,43992,0
2025-10-30,6,60,sigma,72,15.387913665021188,0.0943351040041307,0.6658789579960285,1012,22,3534,3718,7,0,191,207,27565,7812,35377,0
2025-10-30,6,60,floor,72,18.550815960021282,0.0996059584977047,0.7930599999963306,998,22,3859,4059,41,13,228,230,30095,7098,37193,0
2025-10-30,6,60,round,72,19.12279545997444,0.10098345799997333,0.8068881250001141,996,22,3873,4073,41,6,235,235,30035,7127,37162,0
