tag,arm,block,H,L,lam,mu,tope_hora,tope_bodega,E,F,EF,E_all,F_all,moves,stations_touched,A,R,warehouse,clipped,detours_dep,detours_arr,detours_dep_far,walk_m_dep,walk_m_arr,trips_served,moves_sin_undo,decision_s_mean,gana_a_ecobici,fallbacks,non_optimal,decision_s_max,n_dias,warehouse_abs_max
arms,baseline,,,,,,,,53124.333333333336,19352.4,72476.73333333334,53258.13333333333,19380.4,0.0,0.0,0.0,0.0,0.0,0.0,3121.4,2467.133333333333,1197.0666666666666,1658636.3340484411,839391.2655385123,19259.533333333333,,,0,0.0,0.0,,15,0
arms,daily,30.0,1.0,60.0,60.0,1.0,512.0,180.0,42117.26666666667,12298.733333333334,54416.0,42249.933333333334,12326.733333333334,133.33333333333334,108.73333333333333,1102.6,1078.3333333333333,24.266666666666666,43.733333333333334,2109.0666666666666,1557.6,423.46666666666664,783319.4040416498,408173.4143696709,19259.533333333333,,0.2426,0,0.0,0.0,0.762,15,74
arms,daily,30.0,2.0,60.0,60.0,1.0,512.0,180.0,17745.933333333334,5556.6,23302.533333333333,17801.866666666665,5584.6,580.7333333333333,381.4,2435.866666666667,2228.0666666666666,207.8,163.66666666666666,944.6666666666666,552.8,77.0,259102.06377816404,111759.3189325204,19259.533333333333,,0.2954666666666667,15,0.0,0.0,0.682,15,382
arms,daily,30.0,3.0,60.0,60.0,1.0,512.0,180.0,15345.933333333332,4301.066666666667,19647.0,15403.933333333332,4329.066666666667,686.5333333333333,396.4,2542.9333333333334,2264.2,278.73333333333335,230.13333333333333,798.1333333333333,347.73333333333335,53.266666666666666,204076.18873587978,63598.21549146879,19259.533333333333,,0.3716,15,0.0,0.0,1.194,15,483
arms,daily,60.0,1.0,60.0,60.0,1.0,512.0,180.0,42117.26666666667,12298.733333333334,54416.0,42249.933333333334,12326.733333333334,133.33333333333334,108.73333333333333,1102.6,1078.3333333333333,24.266666666666666,43.733333333333334,2109.0666666666666,1557.6,423.46666666666664,783319.4040416498,408173.4143696709,19259.533333333333,,0.24313333333333334,0,0.0,0.0,0.75,15,74
arms,daily,60.0,2.0,60.0,60.0,1.0,512.0,180.0,17745.933333333334,5556.6,23302.533333333333,17801.866666666665,5584.6,580.7333333333333,381.4,2435.866666666667,2228.0666666666666,207.8,163.66666666666666,944.6666666666666,552.8,77.0,259102.06377816404,111759.3189325204,19259.533333333333,,0.29606666666666664,15,0.0,0.0,0.64,15,382
arms,daily,60.0,3.0,60.0,60.0,1.0,512.0,180.0,15345.933333333332,4301.066666666667,19647.0,15403.933333333332,4329.066666666667,686.5333333333333,396.4,2542.9333333333334,2264.2,278.73333333333335,230.13333333333333,798.1333333333333,347.73333333333335,53.266666666666666,204076.18873587978,63598.21549146879,19259.533333333333,,0.3678666666666667,15,0.0,0.0,1.174,15,483
arms,ecobici,,,,,,,,28087.133333333335,6238.133333333333,34325.26666666667,28219.0,6266.133333333333,2041.6666666666667,531.2666666666667,2982.9333333333334,3088.9333333333334,-106.0,114.66666666666667,140.4,66.46666666666667,2.7333333333333334,35301.568024681634,12526.62547655708,19259.533333333333,1155.0,,0,0.0,0.0,,15,265
arms,ecobici_avail,,,,,,,,32024.933333333334,5424.133333333333,37449.066666666666,32156.8,5452.133333333333,2247.9333333333334,576.2,3281.2,3233.866666666667,47.333333333333336,158.33333333333334,102.2,74.06666666666666,3.2,25383.5942701911,14166.135721265397,19259.533333333333,,,4,0.0,0.0,,15,956
arms,ecobici_t1,,,,,,,,30260.133333333335,6323.533333333334,36583.666666666664,30392.0,6351.533333333334,1982.2,525.4,2888.4,3043.266666666667,-154.86666666666667,54.06666666666667,458.46666666666664,206.0,33.46666666666667,120509.70858434954,44623.62033672428,19259.533333333333,,,0,0.0,0.0,,15,363
arms,ma,30.0,1.0,60.0,60.0,1.0,512.0,180.0,41108.333333333336,11695.666666666666,52804.0,41219.53333333333,11723.666666666666,133.06666666666666,112.33333333333333,988.0666666666667,968.6666666666666,19.4,35.666666666666664,1976.4,1416.4666666666667,381.73333333333335,713312.7671758158,352862.1499571131,19259.533333333333,,0.25626666666666664,0,0.0,0.0,0.664,15,47
arms,ma,30.0,2.0,60.0,60.0,1.0,512.0,180.0,16491.866666666665,4565.733333333334,21057.6,16555.533333333333,4593.733333333334,543.8666666666667,359.93333333333334,2251.6,1989.8666666666666,261.73333333333335,171.06666666666666,816.2666666666667,367.06666666666666,34.6,194967.7968468762,68040.08158801502,19259.533333333333,,0.30533333333333335,15,0.0,0.0,0.656,15,412
arms,ma,30.0,3.0,60.0,60.0,1.0,512.0,180.0,15011.933333333332,4185.066666666667,19197.0,15073.866666666667,4213.066666666667,623.9333333333333,376.4,2384.133333333333,2065.0666666666666,319.06666666666666,215.33333333333334,806.4666666666667,317.2,31.333333333333332,187713.93661256012,57128.252937533005,19259.533333333333,,0.3359333333333333,15,0.0,0.0,0.859,15,505
arms,ma,60.0,1.0,60.0,60.0,1.0,512.0,180.0,40596.0,11370.733333333334,51966.73333333333,40723.13333333333,11398.733333333334,141.13333333333333,116.33333333333333,989.5333333333333,977.4,12.133333333333333,32.266666666666666,1932.7333333333333,1412.2666666666667,348.6666666666667,686542.8173778213,345052.3168118802,19259.533333333333,,0.24266666666666667,0,0.0,0.0,0.701,15,66
arms,ma,60.0,2.0,60.0,60.0,1.0,512.0,180.0,16194.266666666666,4545.4,20739.666666666668,16258.666666666666,4573.4,561.4666666666667,370.2,2316.866666666667,2065.733333333333,251.13333333333333,170.33333333333334,786.8,371.06666666666666,33.4,187652.50082019425,66270.08320565805,19259.533333333333,,0.3072,15,0.0,0.0,0.733,15,411
arms,ma,60.0,3.0,60.0,60.0,1.0,512.0,180.0,14732.2,4090.0,18822.2,14789.133333333333,4118.0,645.6666666666666,383.3333333333333,2435.0666666666666,2111.4,323.6666666666667,229.33333333333334,805.6666666666666,298.53333333333336,35.13333333333333,189815.91794355345,55370.75087106796,19259.533333333333,,0.3370666666666667,15,0.0,0.0,0.802,15,508
arms,model,30.0,1.0,60.0,60.0,1.0,512.0,180.0,41835.933333333334,11970.666666666666,53806.6,41947.933333333334,11998.666666666666,121.8,102.66666666666667,943.8,927.7333333333333,16.066666666666666,36.733333333333334,2023.2666666666667,1470.8,392.26666666666665,737770.6696202082,369684.5638582307,19259.533333333333,,0.247,0,0.0,0.0,0.691,15,65
arms,model,30.0,2.0,60.0,60.0,1.0,512.0,180.0,16475.933333333334,4633.4,21109.333333333332,16538.8,4661.4,557.5333333333333,366.1333333333333,2277.3333333333335,2030.4666666666667,246.86666666666667,157.4,824.8,386.1333333333333,40.8,202943.82242761092,69903.69248826866,19259.533333333333,,0.29113333333333336,15,0.0,0.0,0.685,15,414
arms,model,30.0,3.0,60.0,60.0,1.0,512.0,180.0,14774.533333333333,4208.266666666666,18982.8,14838.066666666668,4236.266666666666,645.6666666666666,379.93333333333334,2373.4,2069.3333333333335,304.06666666666666,209.66666666666666,803.7333333333333,315.73333333333335,34.8,190570.0591983925,56152.25541650782,19259.533333333333,,0.3484,15,0.0,0.0,0.887,15,474
arms,model,60.0,1.0,60.0,60.0,1.0,512.0,180.0,41228.0,11699.2,52927.2,41325.2,11727.2,125.33333333333333,104.73333333333333,982.3333333333334,966.0,16.333333333333332,36.2,1968.2,1416.8666666666666,385.73333333333335,720106.5972031144,351263.8487978417,19259.533333333333,,0.25093333333333334,0,0.0,0.0,0.698,15,41
arms,model,60.0,2.0,60.0,60.0,1.0,512.0,180.0,16265.466666666667,4689.733333333334,20955.2,16328.333333333334,4717.733333333334,561.0666666666667,367.73333333333335,2298.0666666666666,2059.4666666666667,238.6,159.06666666666666,799.7333333333333,385.6,31.0,190321.45159530573,72272.34174535493,19259.533333333333,,0.3045333333333333,15,0.0,0.0,0.761,15,366
arms,model,60.0,3.0,60.0,60.0,1.0,512.0,180.0,14686.933333333332,4201.0,18887.933333333334,14747.0,4229.0,648.4666666666667,380.53333333333336,2385.4666666666667,2086.866666666667,298.6,209.73333333333332,791.2,313.26666666666665,34.13333333333333,186149.33161045655,54512.355548831496,19259.533333333333,,0.3482,15,0.0,0.0,0.838,15,467
arms,oracle,30.0,1.0,60.0,60.0,1.0,512.0,180.0,40169.333333333336,11898.4,52067.73333333333,40278.26666666667,11926.4,109.93333333333334,92.33333333333333,814.8,807.0,7.8,10.866666666666667,1865.8666666666666,1358.5333333333333,375.06666666666666,687532.1452349687,331819.8724400878,19259.533333333333,,0.23713333333333333,0,0.0,0.0,0.73,15,28
arms,oracle,30.0,2.0,60.0,60.0,1.0,512.0,180.0,13337.0,4197.333333333333,17534.333333333332,13393.6,4225.333333333333,384.4,274.06666666666666,1794.4,1688.8,105.6,37.46666666666667,466.2,376.6666666666667,20.066666666666666,108062.29861397085,66024.99076305031,19259.533333333333,,0.26453333333333334,15,0.0,0.0,0.753,15,229
arms,oracle,30.0,3.0,60.0,60.0,1.0,512.0,180.0,10537.0,3572.3333333333335,14109.333333333334,10584.533333333333,3600.3333333333335,416.8666666666667,291.0,1797.3333333333333,1641.6666666666667,155.66666666666666,62.86666666666667,376.3333333333333,291.8,13.533333333333333,82542.72822732452,48824.41353265303,19259.533333333333,,0.2912,15,0.0,0.0,0.69,15,259
arms,oracle,60.0,1.0,60.0,60.0,1.0,512.0,180.0,39247.86666666667,11111.0,50358.86666666667,39344.0,11139.0,122.06666666666666,101.46666666666667,953.8666666666667,941.2666666666667,12.6,19.933333333333334,1749.0,1284.2,300.26666666666665,611069.5685175565,311952.7884143011,19259.533333333333,,0.22473333333333334,0,0.0,0.0,0.676,15,44
arms,oracle,60.0,2.0,60.0,60.0,1.0,512.0,180.0,12571.133333333333,4052.0666666666666,16623.2,12622.333333333334,4080.0666666666666,459.46666666666664,314.4,2017.4666666666667,1873.0,144.46666666666667,96.0,434.6,324.06666666666666,21.266666666666666,103065.59920468458,56081.26606284153,19259.533333333333,,0.2688666666666667,15,0.0,0.0,0.622,15,275
arms,oracle,60.0,3.0,60.0,60.0,1.0,512.0,180.0,10261.4,3537.0,13798.4,10313.733333333334,3565.0,509.26666666666665,328.6666666666667,2008.3333333333333,1803.8,204.53333333333333,143.53333333333333,351.2,245.93333333333334,12.466666666666667,73263.25037189768,40989.12092864558,19259.533333333333,,0.30060000000000003,15,0.0,0.0,0.706,15,337
arms_L,ma,60.0,3.0,30.0,60.0,1.0,512.0,180.0,11613.666666666666,3107.6,14721.266666666666,11667.0,3135.6,661.5333333333333,393.2,2471.5333333333333,2171.0666666666666,300.46666666666664,177.93333333333334,675.2666666666667,210.6,12.533333333333333,143332.37909998646,34548.02553491228,19259.533333333333,,0.3421333333333333,15,0.0,0.0,0.835,15,431
arms_L,ma,60.0,3.0,45.0,60.0,1.0,512.0,180.0,13220.266666666666,3696.6666666666665,16916.933333333334,13277.6,3724.6666666666665,658.4666666666667,388.8666666666667,2475.4666666666667,2151.4,324.06666666666666,218.8,747.0666666666667,247.2,21.666666666666668,166239.96382491157,43123.365540601895,19259.533333333333,,0.3372,15,0.0,0.0,0.765,15,498
arms_L,model,60.0,3.0,30.0,60.0,1.0,512.0,180.0,11509.933333333332,3241.0,14750.933333333332,11563.266666666666,3269.0,667.4,391.93333333333334,2494.2,2210.3333333333335,283.8666666666667,178.66666666666666,674.8,215.33333333333334,18.933333333333334,146500.25436487806,36220.45118704028,19259.533333333333,,0.3425333333333333,15,0.0,0.0,0.884,15,401
arms_L,model,60.0,3.0,45.0,60.0,1.0,512.0,180.0,13172.2,3665.8,16838.0,13231.733333333334,3693.8,658.2666666666667,386.4,2436.9333333333334,2141.6,295.3333333333333,202.66666666666666,739.7333333333333,259.8,26.733333333333334,167777.1527191783,43858.0282303425,19259.533333333333,,0.3476,15,0.0,0.0,1.282,15,432
arms_L,oracle,60.0,3.0,30.0,60.0,1.0,512.0,180.0,8905.8,2995.5333333333333,11901.333333333334,8951.333333333334,3023.5333333333333,528.4666666666667,346.4,2138.0666666666666,1924.7333333333333,213.33333333333334,163.8,369.53333333333336,188.26666666666668,8.266666666666667,73395.7408655568,30494.929740993997,19259.533333333333,,0.3185333333333333,15,0.0,0.0,1.463,15,350
arms_L,oracle,60.0,3.0,45.0,60.0,1.0,512.0,180.0,9687.333333333334,3345.8,13033.133333333333,9736.866666666667,3373.8,521.5333333333333,337.8,2100.4,1886.4,214.0,160.33333333333334,374.8,223.53333333333333,11.866666666666667,77472.07366477016,36867.42982779067,19259.533333333333,,0.30913333333333337,15,0.0,0.0,0.702,15,343
diag_lam0_sin_tope_hora,oracle,60.0,2.0,60.0,0.0,1.0,1000000.0,180.0,26804.466666666667,8207.133333333333,35011.6,26853.266666666666,8235.133333333333,11546.8,675.8,49222.26666666667,48818.0,404.26666666666665,1494.6666666666667,908.8666666666667,364.93333333333334,3.3333333333333335,199472.3957716497,78298.59046600942,19259.533333333333,,0.0826,6,0.0,0.0,0.108,15,560
diag_sin_tope_hora,oracle,60.0,2.0,60.0,60.0,1.0,1000000.0,180.0,12534.866666666667,4075.4,16610.266666666666,12588.666666666666,4103.4,460.93333333333334,313.8666666666667,1994.0,1847.0666666666666,146.93333333333334,91.66666666666667,432.1333333333333,327.0,24.266666666666666,104392.8623651401,56547.257636259594,19259.533333333333,,0.32846666666666663,15,0.0,0.0,0.95,15,269
diag_sin_topes,oracle,60.0,2.0,60.0,60.0,1.0,1000000.0,1000000.0,12490.4,4112.2,16602.6,12544.066666666668,4140.2,461.6666666666667,313.93333333333334,2018.0,1863.8666666666666,154.13333333333333,95.46666666666667,421.4,328.26666666666665,24.866666666666667,102174.800471189,57438.8527462001,19259.533333333333,,0.3297333333333333,15,0.0,0.0,0.944,15,308
lambda,oracle,60.0,2.0,60.0,0.0,1.0,512.0,180.0,7578.066666666667,2664.6,10242.666666666666,7626.2,2692.6,2769.733333333333,623.8666666666667,9752.0,9643.333333333334,108.66666666666667,325.06666666666666,201.33333333333334,102.13333333333334,0.5333333333333333,40424.53504694316,18209.47813694949,19259.533333333333,,0.1398,15,0.0,0.0,0.514,15,187
lambda,oracle,60.0,2.0,60.0,5.0,1.0,512.0,180.0,5551.933333333333,1925.4666666666667,7477.4,5601.4,1953.4666666666667,1459.5333333333333,471.8666666666667,2981.5333333333333,2847.4,134.13333333333333,310.8666666666667,113.26666666666667,44.8,0.13333333333333333,22023.95256154189,9325.127419722277,19259.533333333333,,0.25726666666666664,15,0.0,0.0,3.531,15,206
lambda,oracle,60.0,2.0,60.0,15.0,1.0,512.0,180.0,5981.733333333334,1970.2666666666667,7952.0,6031.2,1998.2666666666667,1102.4666666666667,447.2,2772.6666666666665,2614.2,158.46666666666667,249.73333333333332,140.66666666666666,53.333333333333336,0.26666666666666666,25296.40416853341,9198.408091448518,19259.533333333333,,0.27513333333333334,15,0.0,1.0,4.046,15,298
lambda,oracle,60.0,2.0,60.0,30.0,1.0,512.0,180.0,7655.733333333334,2583.4666666666667,10239.2,7707.2,2611.4666666666667,766.6666666666666,396.53333333333336,2481.133333333333,2304.6666666666665,176.46666666666667,188.13333333333333,180.46666666666667,147.93333333333334,0.4666666666666667,33721.2182605689,23102.774825906534,19259.533333333333,,0.27293333333333336,15,0.0,0.0,0.765,15,339
lambda,oracle,60.0,2.0,60.0,60.0,1.0,512.0,180.0,12571.133333333333,4052.0666666666666,16623.2,12622.333333333334,4080.0666666666666,459.46666666666664,314.4,2017.4666666666667,1873.0,144.46666666666667,96.0,434.6,324.06666666666666,21.266666666666666,103065.59920468458,56081.26606284153,19259.533333333333,,0.27086666666666664,15,0.0,0.0,0.626,15,275
lambda,oracle,60.0,2.0,60.0,120.0,1.0,512.0,180.0,40019.066666666666,12029.666666666666,52048.73333333333,40132.13333333333,12057.666666666666,94.73333333333333,84.66666666666667,779.2,770.9333333333333,8.266666666666667,14.4,1910.0,1478.8666666666666,410.3333333333333,724891.494072152,361314.52893920086,19259.533333333333,,0.27593333333333336,0,0.0,0.0,0.6,15,38
lambda,oracle,60.0,2.0,60.0,240.0,1.0,512.0,180.0,53124.333333333336,19352.4,72476.73333333334,53258.13333333333,19380.4,0.0,0.0,0.0,0.0,0.0,0.0,3121.4,2467.133333333333,1197.0666666666666,1658636.3340484411,839391.2655385123,19259.533333333333,,0.2236,0,0.0,0.0,0.449,15,0
sens_bodega0,ma,60.0,3.0,60.0,60.0,1.0,512.0,0.0,15781.2,3877.133333333333,19658.333333333332,15838.133333333333,3905.133333333333,663.8,387.3333333333333,2384.866666666667,2205.2,179.66666666666666,226.86666666666667,962.6,265.8,75.8,252370.5332866307,46288.79486752118,19259.533333333333,,0.3480666666666667,15,0.0,0.0,0.939,15,346
sens_bodega0,oracle,60.0,3.0,60.0,60.0,1.0,512.0,0.0,11011.333333333334,3283.5333333333333,14294.866666666667,11063.666666666666,3311.5333333333333,516.4666666666667,330.3333333333333,1970.8666666666666,1875.2,95.66666666666667,144.73333333333332,513.6666666666666,207.2,40.333333333333336,128602.63199572594,33405.59626514594,19259.533333333333,,0.2986666666666667,15,0.0,0.0,0.648,15,188
sens_mu0,oracle,60.0,2.0,60.0,60.0,0.0,512.0,180.0,12557.133333333333,3865.4666666666667,16422.6,12608.4,3893.4666666666667,460.4,313.53333333333336,1739.6666666666667,1888.0666666666666,-148.4,89.66666666666667,387.93333333333334,325.26666666666665,18.466666666666665,90897.89984316032,55365.90381466648,19259.533333333333,,0.1818,15,0.0,0.0,0.445,15,193
sens_tope_crudo,oracle,60.0,2.0,60.0,60.0,1.0,789.0,180.0,12567.333333333334,4010.4,16577.733333333334,12622.0,4038.4,461.8666666666667,314.2,2003.4,1855.9333333333334,147.46666666666667,94.2,433.6,322.0,24.133333333333333,104494.35189188692,55192.775291903876,19259.533333333333,,0.31633333333333336,15,0.0,0.0,0.965,15,276
sens_tope_sin_undo,oracle,60.0,2.0,60.0,60.0,1.0,280.0,180.0,12530.733333333334,4060.4666666666667,16591.2,12588.0,4088.4666666666667,459.73333333333335,314.4,2011.0,1862.8666666666666,148.13333333333333,93.73333333333333,439.8666666666667,336.6,24.466666666666665,106962.12504798544,59602.41549416865,19259.533333333333,,0.25933333333333336,15,0.0,0.0,0.929,15,277
