day,arm,tag,block,H,L,lam,mu,tope_hora,tope_bodega,E,F,E_all,F_all,EF,trips_served,detours_dep,detours_arr,walk_m_dep,walk_m_arr,moves,stations_touched,A,R,rebalanced,warehouse,clipped,arrivals_unknown,detours_dep_far,dep_failed,arr_failed,n_orders,seconds,E_obs,F_obs,E_sim_step,F_sim_step,stock_mae,stock_bias,stock_exact,n_station_snapshots,danadas_0530,danadas_max,danadas_fin,E_obs_con_danadas,moves_sin_undo,rel_E,rel_E_step,E_obs_medicion_csv,rel_F,rel_F_step,F_obs_medicion_csv
2025-09-03,baseline,v1,,,,,,,,52307,29199,53081,29199,81506,23299,4079,4263,2384843.3015912375,1655494.038390909,0,0,0,0,0,0,0,0,1792,0,0,0,0.35,35512.566666666666,9544.816666666666,50704.73333333333,28470.36666666667,2.711440329218107,0.9657064471879286,0.467599451303155,18225,426,1142,383,25106.833333333336,,0.4729152215600675,0.42779692071445125,35555.57,2.0591472858741833,1.982809168676193,9558.42
2025-09-03,ecobici,v1,,,,,,,,16896,9120,17641,9120,26016,23299,38,58,7059.185514970857,11392.807174586955,2211,570,3703,3807,3703,-104,95,0,0,0,0,2235,0.34,35512.566666666666,9544.816666666666,16860.61666666667,8656.183333333334,1.016076817558299,0.6179423868312757,0.541838134430727,18225,426,1142,383,25106.833333333336,1311.0,-0.5242247579964651,-0.525221118909081,35555.57,-0.044507577411125314,-0.09310114215568989,9558.42
2025-09-03,ecobici_t1,v1,,,,,,,,19809,9690,20554,9690,29499,23299,400,487,81640.26982801958,113971.05376955502,2151,565,3588,3725,3588,-137,54,0,11,0,0,2169,0.33,35512.566666666666,9544.816666666666,19035.65,8919.583333333334,0.7975857338820301,0.6080658436213991,0.5751440329218107,18225,426,1142,383,25106.833333333336,,-0.442197456862688,-0.4639742551228344,35555.57,0.015210699000679355,-0.06550501231907703,9558.42
2025-09-03,ecobici_avail,v1,,,,,,,,31647,6859,32392,6859,38506,23299,78,64,16231.318301312807,11469.452739885872,2949,634,4346,4499,4346,-153,166,0,2,0,0,3017,0.35,35512.566666666666,9544.816666666666,31349.63333333333,6663.350000000002,0.5930315500685871,0.0865843621399177,0.7729492455418381,18225,426,1142,383,25106.833333333336,,-0.10885066976291019,-0.11722423142230406,35555.57,-0.2813900738446172,-0.30188811030070395,9558.42
2025-09-15,baseline,v1,,,,,,,,49135,19727,49135,19727,68862,14542,2097,1596,887461.5434024243,432140.92819212127,0,0,0,0,0,0,0,1,608,0,0,0,0.3,28973.23333333333,6768.366666666667,47736.5,19373.283333333333,2.5857314804683225,0.18426523689681584,0.5792209213261845,18278,1938,2005,791,24461.066666666666,,0.695875618530667,0.6476069291541505,28973.23,1.9145879606601297,1.862327691072686,6768.37
2025-09-15,ecobici,v1,,,,,,,,28479,6882,28479,6882,35361,14542,129,51,30680.585140915064,9231.29965625289,1639,499,2606,2646,2606,-40,63,1,2,0,0,1655,0.32,28973.23333333333,6768.366666666667,28453.983333333334,6920.2,0.6291169712222344,-0.0719444140496772,0.7322464164569428,18278,1938,2005,791,24461.066666666666,1036.0,-0.01705827332583971,-0.017921713949771906,28973.23,0.016788885550920687,0.02243278782177872,6768.37
2025-09-15,ecobici_t1,v1,,,,,,,,29916,6963,29916,6963,36879,14542,286,82,69264.89144397833,15894.595870633528,1591,490,2524,2632,2524,-108,21,1,4,0,0,1600,0.31,28973.23333333333,6768.366666666667,29507.149999999998,6937.233333333333,0.45617682459787723,-0.0840354524565051,0.7689572163256374,18278,1938,2005,791,24461.066666666666,,0.032539228736408556,0.01842792830624132,28973.23,0.028756322303263693,0.024949396949534727,6768.37
2025-09-15,ecobici_avail,v1,,,,,,,,27208,6862,27208,6862,34070,14542,40,96,6813.128332414823,16993.094909681266,2216,628,3686,2730,2730,956,123,1,0,0,0,2256,0.32,28973.23333333333,6768.366666666667,27112.783333333333,7025.65,0.4445781814202867,0.05810263705000547,0.8373454426086006,18278,1938,2005,791,24461.066666666666,,-0.06092634926259514,-0.06421271587453697,28973.23,0.013833962896021179,0.03801261751973635,6768.37
2025-09-26,baseline,v1,,,,,,,,63733,26672,64149,26672,90405,20981,3671,2809,1833294.3931357162,908843.6736545237,0,0,0,0,0,0,0,1,1285,0,0,0,0.35,42586.5,10066.633333333333,62980.73333333334,26213.666666666668,2.7166885820731976,0.48701512163050625,0.5507341661187815,18252,1760,1889,1827,35963.28333333333,,0.4965540722999072,0.4788896324735148,42586.5,1.6495451971695272,1.6040152450835932,10066.63
2025-09-26,ecobici,v1,,,,,,,,35148,10012,35564,10012,45160,20981,128,69,34521.32784002832,15223.851075038609,2391,549,3665,3746,3665,-81,126,1,2,0,0,2425,0.34,42586.5,10066.633333333333,35191.316666666666,9891.35,0.710333114179268,0.18085689239535394,0.6881437650668419,18252,1760,1889,1827,35963.28333333333,1334.0,-0.17466802860061287,-0.17365088310458324,42586.5,-0.005427170288643328,-0.017412309312282444,10066.63
2025-09-26,ecobici_t1,v1,,,,,,,,35641,10904,36057,10904,46545,20981,410,170,109089.84389340667,36690.53784031687,2325,543,3621,3704,3621,-83,53,1,28,0,0,2352,0.34,42586.5,10066.633333333333,35240.85,10491.0,0.4996712689020381,0.1415735261889108,0.7260574183651106,18252,1760,1889,1827,35963.28333333333,,-0.16309159005788218,-0.17248776020569903,42586.5,0.08318239464369089,0.042155768727711034,10066.63
2025-09-26,ecobici_avail,v1,,,,,,,,39290,9084,39706,9084,48374,20981,108,64,25908.5949830695,14077.679163974024,2634,615,4362,3730,3730,632,174,1,4,0,0,2689,0.33,42586.5,10066.633333333333,39220.73333333333,9019.733333333334,0.5861823361823362,0.10656366425597195,0.7785996055226825,18252,1760,1889,1827,35963.28333333333,,-0.07740715954586547,-0.0790336530747225,42586.5,-0.097612906003,-0.10399703310275858,10066.63
2025-09-28,baseline,v1,,,,,,,,39123,4395,39123,4395,43518,13168,1086,267,376159.44058832695,59346.85193251935,0,0,0,0,0,0,0,0,196,0,0,0,0.3,28639.85,3073.6,38406.95,4318.233333333334,0.9847365829640571,0.21467257508616444,0.7146452212921932,18279,1208,1317,1317,22601.699999999997,,0.36603369081891146,0.34103181406327193,28639.85,0.42991931285788654,0.4049431719590492,3073.6
2025-09-28,ecobici,v1,,,,,,,,27570,2836,27570,2836,30406,13168,89,8,21407.510890729227,1592.1835298924461,1297,448,1325,1418,1325,-93,18,0,0,0,0,1310,0.31,28639.85,3073.6,27049.35,2815.316666666667,0.2843153345369003,0.031566278242792276,0.852125389791564,18279,1208,1317,1317,22601.699999999997,678.0,-0.03735529341110371,-0.055534508735206364,28639.85,-0.07730348776678811,-0.08403283879923636,3073.6
2025-09-28,ecobici_t1,v1,,,,,,,,28301,2717,28301,2717,31018,13168,135,26,29746.40570600108,5516.57706613898,1249,439,1255,1370,1255,-115,11,0,0,0,0,1256,0.31,28639.85,3073.6,27946.016666666663,2572.883333333333,0.18168389955686853,0.033973412112259974,0.8798074292904425,18279,1208,1317,1317,22601.699999999997,,-0.01183141671482213,-0.024226151091340766,28639.85,-0.11602030192608014,-0.1629088582335589,3073.6
2025-09-28,ecobici_avail,v1,,,,,,,,27779,2510,27779,2510,30289,13168,30,7,5720.651771356426,1503.6012784714637,1103,444,1174,1377,1174,-203,32,0,0,0,0,1119,0.3,28639.85,3073.6,27254.133333333335,2514.7833333333333,0.16953881503364518,-0.01581049291536736,0.9211116581869906,18279,1208,1317,1317,22601.699999999997,,-0.030057769157310482,-0.04838421523390184,28639.85,-0.1833680374804789,-0.18181177338191912,3073.6
2025-10-07,baseline,v1,,,,,,,,68550,26368,68947,26368,94918,23492,4798,4011,2736697.3644229276,1402414.0580521408,0,0,0,0,0,0,0,0,2030,0,0,0,0.34,42095.98333333334,6467.95,66710.18333333332,25018.76666666667,2.75761560376945,0.606508875739645,0.5262436993206224,18252,956,1262,994,29383.766666666666,,0.6284213972908737,0.5847161189963092,42095.98,3.0767167340502013,2.86811380215782,6545.85
2025-10-07,ecobici,v1,,,,,,,,29557,5972,29954,5972,35529,23492,113,53,24114.897223588596,8874.946698684025,2425,578,3976,4076,3976,-100,139,0,0,0,0,2455,0.35,42095.98333333334,6467.95,29048.06666666667,5840.516666666667,0.7881875958799036,0.3111987727372343,0.641135218058295,18252,956,1262,994,29383.766666666666,1371.0,-0.297866502702752,-0.3099563339178441,42095.98,-0.07667808192704023,-0.09700652190158125,6545.85
2025-10-07,ecobici_t1,v1,,,,,,,,33118,5963,33515,5963,39081,23492,695,272,199272.6785647922,57015.08555468751,2350,573,3825,4014,3825,-189,85,0,79,0,0,2376,0.36,42095.98333333334,6467.95,32068.649999999998,5575.716666666667,0.6108919570458032,0.25553364014902474,0.670556651325882,18252,956,1262,994,29383.766666666666,,-0.21327410889162432,-0.23820166532119663,42095.98,-0.07806955836084073,-0.13794685075384513,6545.85
2025-10-07,ecobici_avail,v1,,,,,,,,37748,5033,38145,5033,42781,23492,126,67,29921.024021859455,12409.152780763521,2447,600,4073,4103,4073,-30,171,0,5,0,0,2515,0.34,42095.98333333334,6467.95,36892.933333333334,5058.433333333334,0.5724852071005917,0.094071882533421,0.7892285776901161,18252,956,1262,994,29383.766666666666,,-0.10328736827226992,-0.12359967835411065,42095.98,-0.22185545652022665,-0.2179232471906347,6545.85
2025-10-11,baseline,v1,,,,,,,,11598,3933,11598,3933,15531,12498,192,124,47161.0184321368,29469.429121625868,0,0,0,0,0,0,0,0,0,0,0,0,0.29,11254.166666666668,3202.516666666667,11499.566666666666,3812.083333333333,0.6573116691285081,0.214617867498222,0.75726243229936,18279,622,834,834,6340.766666666666,,0.030551647537948798,0.021805257312106432,11254.17,0.22809665315298897,0.19033988894150936,3202.52
2025-10-11,ecobici,v1,,,,,,,,9419,3095,9419,3095,12514,12498,37,10,9264.96520772708,2090.2755579883874,1508,452,1091,1197,1091,-106,20,0,0,0,0,1523,0.31,11254.166666666668,3202.516666666667,9240.95,2987.7000000000003,0.3292302642376498,0.10635155096011817,0.7863121614967996,18279,622,834,834,6340.766666666666,540.0,-0.16306553128470946,-0.17888633839318774,11254.17,-0.03357255491774704,-0.06707745471009777,3202.52
2025-10-11,ecobici_t1,v1,,,,,,,,9590,3215,9590,3215,12805,12498,40,39,9455.513822422274,8668.819699174828,1474,448,1063,1155,1063,-92,7,0,0,0,0,1480,0.32,11254.166666666668,3202.516666666667,9416.916666666666,3015.5833333333335,0.2456370698615898,0.10886810000547076,0.8299141090869303,18279,622,834,834,6340.766666666666,,-0.14787115883006302,-0.1632506479081823,11254.17,0.003897976070902505,-0.058370760495651874,3202.52
2025-10-11,ecobici_avail,v1,,,,,,,,11324,2642,11324,2642,13966,12498,31,12,7654.721799598632,2900.738159679418,1606,515,1033,1372,1033,-339,36,0,0,0,0,1624,0.31,11254.166666666668,3202.516666666667,11123.499999999998,2657.1,0.16483396247059467,-0.025001367689698562,0.898189178839105,18279,622,834,834,6340.766666666666,,0.0062051092188077405,-0.011610514624213522,11254.17,-0.1750238093998991,-0.17030876758382738,3202.52
2025-10-13,baseline,v1,,,,,,,,66439,26258,66439,26258,92697,21865,4249,3565,2206890.637849681,1253012.9018471858,0,0,0,0,0,0,0,0,1640,0,0,0,0.33,41997.11666666667,7367.316666666667,65640.15,25396.583333333332,2.730838667323158,0.5544614037967066,0.5290223754034684,18279,1385,1659,1388,35086.01666666666,,0.5819895572196027,0.5629680132802766,41997.12,2.564119907971921,2.4471958356615593,7367.32
2025-10-13,ecobici,v1,,,,,,,,32614,7103,32614,7103,39717,21865,135,98,32417.230793799707,17866.159617809724,2016,545,3464,3580,3464,-116,132,0,0,0,0,2049,0.33,41997.11666666667,7367.316666666667,32343.2,6817.266666666667,0.713277531593632,0.2482630340828273,0.6678155260134581,18279,1385,1659,1388,35086.01666666666,1295.0,-0.2234228778404232,-0.2298709395525963,41997.12,-0.035876924886718134,-0.07466083309391243,7367.32
2025-10-13,ecobici_t1,v1,,,,,,,,35320,7640,35320,7640,42960,21865,591,310,123842.54152279063,68718.13655636099,1961,538,3361,3557,3361,-196,46,0,11,0,0,1981,0.33,41997.11666666667,7367.316666666667,34992.71666666667,6979.050000000001,0.5559932162590951,0.21264839433229388,0.6968105476229554,18279,1385,1659,1388,35086.01666666666,,-0.15898988303562114,-0.1667828783483946,41997.12,0.03701257128895868,-0.05270123224421359,7367.32
2025-10-13,ecobici_avail,v1,,,,,,,,37943,5808,37943,5808,43751,21865,150,76,34844.19887241526,13116.377317929293,2253,606,3656,3672,3656,-16,170,0,1,0,0,2311,0.33,41997.11666666667,7367.316666666667,37448.78333333334,5693.683333333334,0.5311559713332239,0.0883527545270529,0.8039827124022102,18279,1385,1659,1388,35086.01666666666,,-0.09653321438336843,-0.10830108574914059,41997.12,-0.21165327041279164,-0.22717000083703007,7367.32
2025-10-15,baseline,v1,,,,,,,,66077,27070,66077,27070,93147,23288,4391,3885,2321445.631170107,1438544.5904443539,0,0,0,0,0,0,0,0,1668,0,0,0,0.34,42072.66666666667,8725.983333333334,63486.71666666667,26513.61666666667,2.573937305104218,0.6883855790798183,0.5416051206302314,18279,1245,1622,1607,33907.16666666667,,0.5705446132881203,0.5089777210857404,42072.67,2.1022291661493737,2.0384674888598995,8725.98
2025-10-15,ecobici,v1,,,,,,,,27580,7753,27580,7753,35333,23288,56,100,12472.595155182753,16840.11546212552,2324,563,3721,3848,3721,-127,141,0,0,0,0,2373,0.34,42072.66666666667,8725.983333333334,27180.533333333333,7486.266666666667,0.7740029542097489,0.3946605394168171,0.6431971114393567,18279,1245,1622,1607,33907.16666666667,1334.0,-0.3444675085962383,-0.353962192397281,42072.67,-0.11150414757458092,-0.14207185818599236,8725.98
2025-10-15,ecobici_t1,v1,,,,,,,,32379,8057,32379,8057,40436,23288,580,362,159805.34150924275,75444.34910807706,2265,560,3578,3795,3578,-217,87,0,61,0,0,2300,0.33,42072.66666666667,8725.983333333334,30715.000000000004,7628.75,0.6026587887740029,0.34575195579626894,0.6894250232507249,18279,1245,1622,1607,33907.16666666667,,-0.23040295361992752,-0.26995357239062573,42072.67,-0.07666566709769101,-0.1257432304668624,8725.98
2025-10-15,ecobici_avail,v1,,,,,,,,37487,6008,37487,6008,43495,23288,95,71,22570.627799733997,11536.677084629855,2135,577,3511,3934,3511,-423,189,0,1,0,0,2220,0.34,42072.66666666667,8725.983333333334,37107.166666666664,5931.766666666666,0.5491000601783468,0.11165818699053559,0.7900322774768861,18279,1245,1622,1607,33907.16666666667,,-0.1089939628262214,-0.11802199369345118,42072.67,-0.311481609522518,-0.3202179697035101,8725.98
2025-10-22,baseline,v1,,,,,,,,65399,26703,65399,26703,92102,24533,4658,4136,2651197.8299173955,1471207.3803366744,0,0,0,0,0,0,0,0,1897,0,0,0,0.34,38587.816666666666,8365.9,63843.75,26030.733333333337,2.8266106124304056,0.6367458243381434,0.505340302238382,17602,1215,1538,1312,31932.333333333332,,0.6948095448088322,0.6545053728098118,38587.82,2.191886109085693,2.1115281479976256,8365.9
2025-10-22,ecobici,v1,,,,,,,,28752,8042,28752,8042,36794,24533,160,163,36542.70741595005,32387.983194972527,2326,583,3838,3897,3838,-59,169,0,1,0,0,2363,0.35,38587.816666666666,8365.9,28246.216666666667,7540.033333333333,0.8018975116464038,0.3366094761958868,0.6435632314509715,17602,1215,1538,1312,31932.333333333332,1342.0,-0.2548943556882591,-0.2680016879248156,38587.82,-0.038716695155332916,-0.09871820923829676,8365.9
2025-10-22,ecobici_t1,v1,,,,,,,,31292,7607,31292,7607,38899,24533,692,428,219728.29753185596,98167.81702132955,2285,579,3739,3880,3739,-141,79,0,106,0,0,2304,0.33,38587.816666666666,8365.9,30224.616666666665,7106.300000000001,0.6510055675491422,0.29775025565276675,0.6724235882286104,17602,1215,1538,1312,31932.333333333332,,-0.18907047086105327,-0.21673161952239678,38587.82,-0.09071349167453588,-0.15056359746112177,8365.9
2025-10-22,ecobici_avail,v1,,,,,,,,35098,6793,35098,6793,41891,24533,240,155,66415.16529128283,31008.20176842583,2443,623,3945,3974,3945,-29,192,0,11,0,0,2504,0.33,38587.816666666666,8365.9,34822.78333333333,6441.449999999999,0.5955573230314737,0.09686399272809908,0.7767867287808203,17602,1215,1538,1312,31932.333333333332,,-0.09043830328138974,-0.0975705198834347,38587.82,-0.18801324424150417,-0.23003502312960958,8365.9
2025-10-25,baseline,v1,,,,,,,,25710,5071,26130,5491,30781,13467,216,61,55261.628576564966,13515.917519860115,0,0,0,0,0,0,0,0,8,0,0,0,0.3,26297.399999999998,5190.383333333333,25377.083333333336,4876.533333333333,0.8357193790795897,0.16301903351434371,0.7730239701607152,18231,1252,1472,1472,21058.4,,-0.022336808962102637,-0.03499648887976234,26297.4,-0.023000870199054,-0.06046759552120435,5190.38
2025-10-25,ecobici,v1,,,,,,,,23091,5045,23511,5465,28136,13467,12,4,2269.4678273579907,836.2119095850954,1117,387,977,1001,977,-24,22,0,0,0,0,1132,0.3,26297.399999999998,5190.383333333333,22774.233333333334,4828.033333333334,0.2960890790411936,0.12714606988097196,0.8134496187811968,18231,1252,1472,1472,21058.4,398.0,-0.12192840356841353,-0.13397395433262088,26297.4,-0.028010134126252695,-0.06981179938540175,5190.38
2025-10-25,ecobici_t1,v1,,,,,,,,23648,5380,24068,5800,29028,13467,36,16,8712.818199649519,2928.816420435437,1077,383,956,954,954,2,2,0,0,0,0,1077,0.3,26297.399999999998,5190.383333333333,23231.433333333334,5086.866666666667,0.2194065054028852,0.12418408205803302,0.8392847347923866,18231,1252,1472,1472,21058.4,,-0.10074760242457421,-0.1165882051711068,26297.4,0.03653230493573052,-0.01994393477681477,5190.38
2025-10-25,ecobici_avail,v1,,,,,,,,25971,4337,26391,4757,30308,13467,17,9,3180.908168053236,1790.481298297761,935,406,789,1042,789,-253,34,0,0,0,0,959,0.29,26297.399999999998,5190.383333333333,25739.88333333333,4164.316666666667,0.13257638088969337,-0.007734079315451703,0.9311612089298448,18231,1252,1472,1472,21058.4,,-0.012411873417143818,-0.021200448206540056,26297.4,-0.16441624414381723,-0.1976861053936286,5190.38
2025-11-07,baseline,v1,,,,,,,,58848,17894,58848,17894,76742,21292,3703,2368,1819887.9834972913,671458.2591432856,0,0,0,0,0,0,0,0,1351,0,0,0,0.32,32922.86666666667,3373.166666666667,57877.98333333334,17152.433333333334,2.7790360523004543,0.4481645604245309,0.5287488374637562,18279,1393,1573,873,27489.800000000003,,0.7874506675198392,0.7579873563055465,32922.87,4.304807549780127,4.0849646721675965,3373.17
2025-11-07,ecobici,v1,,,,,,,,27650,3467,27650,3467,31117,21292,161,27,43844.42067832072,4100.739865027871,2263,565,3559,3639,3559,-80,128,0,0,0,0,2291,0.32,32922.86666666667,3373.166666666667,27970.13333333333,3610.6500000000005,0.7663985994857486,0.09458941955249194,0.6570381311887958,18279,1393,1573,873,27489.800000000003,1366.0,-0.16015818792612233,-0.1504344498150223,32922.87,0.027817579919956426,0.07040367607095219,3373.17
2025-11-07,ecobici_t1,v1,,,,,,,,30493,3408,30493,3408,33901,21292,461,118,125025.63660933536,21366.23823566673,2181,557,3422,3559,3422,-137,49,0,30,0,0,2200,0.32,32922.86666666667,3373.166666666667,30004.183333333334,3283.5,0.5132665900760436,0.04847092291700859,0.6973029159144374,18279,1393,1573,873,27489.800000000003,,-0.07380483270999089,-0.0886521627318804,32922.87,0.010326597163891406,-0.026582341024754274,3373.17
2025-11-07,ecobici_avail,v1,,,,,,,,30187,3136,30187,3136,33323,21292,83,30,19474.71655063615,3735.8652636928286,2655,645,4195,3877,3877,318,137,0,0,0,0,2697,0.33,32922.86666666667,3373.166666666667,30489.2,3320.3,0.5534219596258001,0.1103999124678593,0.7943541769243394,18279,1393,1573,873,27489.800000000003,,-0.08309928459044681,-0.07392025400785274,32922.87,-0.07030979791491683,-0.015672711102327225,3373.17
2025-11-12,baseline,v1,,,,,,,,61932,24545,61932,24545,86477,22632,4220,3767,2346174.7611612757,1320789.358817902,0,0,0,0,0,0,0,0,1725,0,0,0,0.34,41379.51666666666,6445.866666666667,60757.066666666666,23870.13333333333,2.8725144869901147,0.7608226337916146,0.4748324054084763,17602,1345,1686,1483,33523.183333333334,,0.49668253737457074,0.4682884567283895,41379.52,2.807866539798113,2.7031689558166465,6445.87
2025-11-12,ecobici,v1,,,,,,,,29399,6151,29399,6151,35550,22632,111,146,23407.544537013284,22827.06762387308,2899,629,4245,4381,4245,-136,185,0,0,0,0,2945,0.33,41379.51666666666,6445.866666666667,30090.033333333333,6131.5666666666675,0.9027383251903193,0.38916032269060336,0.5921486194750597,17602,1345,1686,1483,33523.183333333334,1649.0,-0.28952770916045006,-0.27282782020572977,41379.52,-0.04574507694853552,-0.04875992884328964,6445.87
2025-11-12,ecobici_t1,v1,,,,,,,,32165,5791,32165,5791,37956,22632,647,341,177059.63937323392,68784.20891511277,2830,620,4121,4325,4121,-204,94,0,66,0,0,2865,0.33,41379.51666666666,6445.866666666667,31760.333333333332,5392.783333333333,0.6639018293375752,0.336893534825588,0.6607771844108624,17602,1345,1686,1483,33523.183333333334,,-0.22268304245538545,-0.23246243813867645,41379.52,-0.1015948204534172,-0.16337342793314588,6445.87
2025-11-12,ecobici_avail,v1,,,,,,,,36846,5025,36846,5025,41871,22632,140,136,31840.47901901161,20995.552483187355,3073,642,4386,4542,4386,-156,218,0,1,0,0,3145,0.34,41379.51666666666,6445.866666666667,37655.399999999994,5143.3166666666675,0.6736166344733553,0.1456084535848199,0.7338370639700034,17602,1345,1686,1483,33523.183333333334,,-0.10955943983557073,-0.08999903736591097,41379.52,-0.22043066357769323,-0.20207523167300998,6445.87
2025-11-15,baseline,v1,,,,,,,,17723,7815,17723,7815,25538,11983,438,319,113991.18843269457,78411.02888131245,0,0,0,0,0,0,0,0,4,0,0,0,0.29,15893.833333333332,6090.333333333333,17242.683333333334,7857.433333333334,0.8143224465233327,0.2582745226762952,0.7416707697357624,18279,1539,1724,1724,11880.583333333332,,0.11508656397135165,0.08486624791585849,15893.83,0.28318099720869144,0.29014832247824446,6090.33
2025-11-15,ecobici,v1,,,,,,,,14727,6056,14727,6056,20783,11983,73,25,20089.545885014,5993.647039294095,1151,403,984,1108,984,-124,36,0,0,0,0,1171,0.3,15893.833333333332,6090.333333333333,14357.516666666666,6091.166666666668,0.30061819574374965,0.09557415613545599,0.8188631763225559,18279,1539,1724,1724,11880.583333333332,548.0,-0.07341421725407121,-0.09666117886391992,15893.83,-0.005637348804115762,0.00013682885446907929,6090.33
2025-11-15,ecobici_t1,v1,,,,,,,,15108,6108,15108,6108,21216,11983,109,70,29317.230486753324,17309.474246394424,1104,400,958,1055,958,-97,23,0,0,0,0,1114,0.3,15893.833333333332,6090.333333333333,14746.1,6038.166666666667,0.23431259915750313,0.09940368729142732,0.8427156846654631,18279,1539,1724,1724,11880.583333333332,,-0.0494426559567127,-0.07221249331501726,15893.83,0.0029007717147392542,-0.008565486289748682,6090.33
2025-11-15,ecobici_avail,v1,,,,,,,,15777,5186,15777,5186,20963,11983,25,26,6462.047141211802,5774.907121172191,1003,418,816,1155,816,-339,68,0,0,0,0,1020,0.3,15893.833333333332,6090.333333333333,15383.666666666668,5268.166666666667,0.13862902784616227,-0.028338530554187866,0.9348432627605449,18279,1539,1724,1724,11880.583333333332,,-0.007350859347965068,-0.032098402944538085,15893.83,-0.1484866728695747,-0.13499534781894798,6090.33
2025-11-19,baseline,v1,,,,,,,,74780,23509,74780,23509,98289,22404,4839,3336,2732798.909811356,1100220.238802975,0,0,0,0,0,0,0,8,2020,0,0,0,0.33,47124.01666666666,7291.933333333333,72885.61666666667,23246.483333333334,2.710373821156687,0.3927962731507783,0.47505965231223723,17602,2207,2364,1651,41895.48333333334,,0.5868766138709881,0.546676659212341,47124.02,2.2239735232540068,2.187972554146591,7291.93
2025-11-19,ecobici,v1,,,,,,,,44056,7085,44056,7085,51141,22404,429,116,113175.86030511087,23169.94762128854,2806,620,3994,4129,3994,-135,233,8,19,0,0,2895,0.33,47124.01666666666,7291.933333333333,44330.183333333334,7098.883333333332,0.9163731394159754,0.00181797523008749,0.5981706624247245,17602,2207,2364,1651,41895.48333333334,1603.0,-0.06510516046134995,-0.05928682508317582,47124.02,-0.02837839073313891,-0.026474460362592604,7291.93
2025-11-19,ecobici_t1,v1,,,,,,,,47374,6971,47374,6971,54345,22404,992,236,258944.46748194826,51960.972043108035,2708,617,3849,4095,3849,-246,93,8,66,0,0,2755,0.35,47124.01666666666,7291.933333333333,46584.23333333334,6508.549999999999,0.6925349392114533,-0.07680945347119646,0.6475400522667879,17602,2207,2364,1651,41895.48333333334,,0.0053047968109680215,-0.011454527256271496,47124.02,-0.04401210470017097,-0.10743149964801298,7291.93
2025-11-19,ecobici_avail,v1,,,,,,,,42553,7374,42553,7374,49927,22404,225,190,60702.495919553054,41456.57363352478,3165,650,4470,4186,4186,284,351,8,13,0,0,3283,0.35,47124.01666666666,7291.933333333333,42696.65,7573.466666666665,0.7297466197023066,0.09981820247699125,0.7116804908533121,17602,2207,2364,1651,41895.48333333334,,-0.09699972519320467,-0.09395138572299111,47124.02,0.011254445551705529,0.03860887373261759,7291.93
2025-11-24,baseline,v1,,,,,,,,75511,21127,75511,21127,96638,19449,4184,2500,2366279.37873748,756000.3279402957,0,0,0,0,0,0,0,0,1732,0,0,0,0.31,47824.98333333334,4739.716666666667,74208.88333333333,20722.483333333334,2.9020565844790367,0.404613112146347,0.4857970685149415,17602,2052,2147,1157,40533.16666666667,,0.5789027980145661,0.5516760939801685,47824.98,3.457439439066329,3.372093268584971,4739.72
2025-11-24,ecobici,v1,,,,,,,,46369,4953,46369,4953,51322,19449,435,69,118255.67595451602,15472.146121936428,2252,578,3596,3861,3596,-265,213,0,17,0,0,2311,0.32,47824.98333333334,4739.716666666667,47025.76666666666,4971.349999999999,0.9312578116123168,-0.13203045108510397,0.6225997045790251,17602,2052,2147,1157,40533.16666666667,1520.0,-0.030443990396929996,-0.01671127956483012,47824.98,0.0449991736496203,0.0488707130876316,4739.72
2025-11-24,ecobici_t1,v1,,,,,,,,49748,4439,49748,4439,54187,19449,803,133,206740.0527918134,26917.622703872363,2182,569,3466,3829,3466,-363,107,0,40,0,0,2230,0.32,47824.98333333334,4739.716666666667,49893.95,4270.816666666667,0.677423020111351,-0.19406885581183955,0.6705488012725827,17602,2052,2147,1157,40533.16666666667,,0.040209458166739126,0.04326121040641575,47824.98,-0.06344612722982748,-0.09892996416804109,4739.72
2025-11-24,ecobici_avail,v1,,,,,,,,43516,4705,43516,4705,48221,19449,145,108,43013.836081356945,23723.6808156655,3102,640,4776,4315,4315,461,314,0,10,0,0,3192,0.32,47824.98333333334,4739.716666666667,44348.75,4836.15,0.6910578343370072,0.1190773775707306,0.7387796841268037,17602,2052,2147,1157,40533.16666666667,,-0.09009900334518332,-0.0726865560852261,47824.98,-0.007324629109335048,0.020345801260975335,4739.72
