day,flota_inicio,replay_neto,E_sim,F_sim,E_neutral,F_neutral,EF_neutral,neutralizacion_bicis,E_neutral_dia,F_neutral_dia,residuo_neto_dia
2025-08-01,7242,105,44211,11839,56333,18845,75178,2624,45137,11105,19
2025-08-04,7250,219,79190,24221,90337,30933,121270,2753,82869,22017,27
2025-08-06,7293,137,113401,26284,124273,34226,158499,2756,116493,24671,30
2025-08-08,7238,34,76143,16376,94273,23199,117472,3000,76477,16011,1
2025-08-09,7057,2,59834,15496,63893,16912,80805,926,59834,15408,0
2025-08-11,7254,-9,97388,25769,107180,37900,145080,2931,97388,25771,-4
2025-08-12,7202,311,111447,25700,133897,35053,168950,2920,118782,22511,35
2025-08-13,7221,83,85900,20816,93853,28743,122596,2465,87869,19713,8
2025-08-16,6897,74,65009,12531,74537,14624,89161,1001,66659,12048,1
2025-08-18,7003,49,88559,16937,99272,25552,124824,2909,89379,16719,14
2025-08-23,7140,-53,57787,11475,64057,11943,76000,1398,57063,11763,-3
2025-08-26,7105,188,91908,23412,102145,33014,135159,2821,96761,21674,19
2025-08-27,7096,130,101719,25643,113612,33840,147452,3159,104501,24640,27
2025-08-28,7119,52,86481,15848,103049,25401,128450,3296,87613,15714,5
2025-08-31,7297,-291,78454,16899,79332,19028,98360,1240,70582,18073,0
