day,franja,metrica,causa,diferencia_min,desacuerdos_min
2025-08-01,manana,E,hueco_o_blanco,0.0,0
2025-08-01,manana,E,desvio,364.0,872
2025-08-01,manana,E,par_eliminado,48.0,310
2025-08-01,manana,E,danada_no_aplicable,-37.0,41
2025-08-01,manana,E,escalon_foto,-225.0,5803
2025-08-01,manana,F,hueco_o_blanco,0.0,0
2025-08-01,manana,F,desvio,14.0,172
2025-08-01,manana,F,par_eliminado,-14.0,46
2025-08-01,manana,F,danada_no_aplicable,0.0,0
2025-08-01,manana,F,escalon_foto,-257.0,2055
2025-08-01,tarde,E,hueco_o_blanco,0.0,0
2025-08-01,tarde,E,desvio,363.0,1027
2025-08-01,tarde,E,par_eliminado,-38.0,384
2025-08-01,tarde,E,danada_no_aplicable,-77.0,153
2025-08-01,tarde,E,escalon_foto,-610.0,6296
2025-08-01,tarde,F,hueco_o_blanco,0.0,0
2025-08-01,tarde,F,desvio,170.0,398
2025-08-01,tarde,F,par_eliminado,-27.0,97
2025-08-01,tarde,F,danada_no_aplicable,6.0,6
2025-08-01,tarde,F,escalon_foto,-57.0,2205
2025-08-01,noche,E,hueco_o_blanco,462.0,3996
2025-08-01,noche,E,desvio,1106.0,2272
2025-08-01,noche,E,par_eliminado,-162.0,544
2025-08-01,noche,E,danada_no_aplicable,-32.0,152
2025-08-01,noche,E,escalon_foto,-1805.0,8225
2025-08-01,noche,F,hueco_o_blanco,132.0,796
2025-08-01,noche,F,desvio,117.0,269
2025-08-01,noche,F,par_eliminado,154.0,326
2025-08-01,noche,F,danada_no_aplicable,0.0,0
2025-08-01,noche,F,escalon_foto,-260.0,2136
2025-08-01,ajuste_definicion,E,escalon_minuto_vs_feed_oficial,82.28333333333285,0
2025-08-01,ajuste_definicion,F,escalon_minuto_vs_feed_oficial,58.850000000000364,0
2025-08-04,manana,E,hueco_o_blanco,-11.0,11
2025-08-04,manana,E,desvio,743.0,2891
2025-08-04,manana,E,par_eliminado,-44.0,630
2025-08-04,manana,E,danada_no_aplicable,-182.0,212
2025-08-04,manana,E,escalon_foto,-635.0,11801
2025-08-04,manana,F,hueco_o_blanco,-11.0,11
2025-08-04,manana,F,desvio,374.0,948
2025-08-04,manana,F,par_eliminado,-29.0,135
2025-08-04,manana,F,danada_no_aplicable,0.0,0
2025-08-04,manana,F,escalon_foto,-266.0,3442
2025-08-04,tarde,E,hueco_o_blanco,-20.0,20
2025-08-04,tarde,E,desvio,588.0,2044
2025-08-04,tarde,E,par_eliminado,62.0,850
2025-08-04,tarde,E,danada_no_aplicable,-106.0,212
2025-08-04,tarde,E,escalon_foto,-1059.0,9663
2025-08-04,tarde,F,hueco_o_blanco,-20.0,20
2025-08-04,tarde,F,desvio,246.0,422
2025-08-04,tarde,F,par_eliminado,-119.0,239
2025-08-04,tarde,F,danada_no_aplicable,0.0,0
2025-08-04,tarde,F,escalon_foto,-408.0,2446
2025-08-04,noche,E,hueco_o_blanco,1734.0,8520
2025-08-04,noche,E,desvio,3172.0,8506
2025-08-04,noche,E,par_eliminado,-46.0,558
2025-08-04,noche,E,danada_no_aplicable,-107.0,287
2025-08-04,noche,E,escalon_foto,-2518.0,13092
2025-08-04,noche,F,hueco_o_blanco,1220.0,2338
2025-08-04,noche,F,desvio,2045.0,2889
2025-08-04,noche,F,par_eliminado,67.0,97
2025-08-04,noche,F,danada_no_aplicable,0.0,0
2025-08-04,noche,F,escalon_foto,-1350.0,4450
2025-08-04,ajuste_definicion,E,escalon_minuto_vs_feed_oficial,159.81666666665114,0
2025-08-04,ajuste_definicion,F,escalon_minuto_vs_feed_oficial,101.4333333333343,0
2025-08-06,manana,E,hueco_o_blanco,0.0,0
2025-08-06,manana,E,desvio,1337.0,5989
2025-08-06,manana,E,par_eliminado,-15.0,535
2025-08-06,manana,E,danada_no_aplicable,-105.0,183
2025-08-06,manana,E,escalon_foto,-1551.0,14483
2025-08-06,manana,F,hueco_o_blanco,0.0,0
2025-08-06,manana,F,desvio,789.0,2271
2025-08-06,manana,F,par_eliminado,44.0,114
2025-08-06,manana,F,danada_no_aplicable,0.0,0
2025-08-06,manana,F,escalon_foto,-760.0,3222
2025-08-06,tarde,E,hueco_o_blanco,0.0,0
2025-08-06,tarde,E,desvio,1747.0,3477
2025-08-06,tarde,E,par_eliminado,-131.0,997
2025-08-06,tarde,E,danada_no_aplicable,-69.0,165
2025-08-06,tarde,E,escalon_foto,-2569.0,13473
2025-08-06,tarde,F,hueco_o_blanco,0.0,0
2025-08-06,tarde,F,desvio,446.0,880
2025-08-06,tarde,F,par_eliminado,10.0,284
2025-08-06,tarde,F,danada_no_aplicable,0.0,0
2025-08-06,tarde,F,escalon_foto,-842.0,2782
2025-08-06,noche,E,hueco_o_blanco,2095.0,11415
2025-08-06,noche,E,desvio,4698.0,11466
2025-08-06,noche,E,par_eliminado,-46.0,1116
2025-08-06,noche,E,danada_no_aplicable,-69.0,69
2025-08-06,noche,E,escalon_foto,-4183.0,17819
2025-08-06,noche,F,hueco_o_blanco,1274.0,2450
2025-08-06,noche,F,desvio,2880.0,3904
2025-08-06,noche,F,par_eliminado,37.0,203
2025-08-06,noche,F,danada_no_aplicable,0.0,0
2025-08-06,noche,F,escalon_foto,-816.0,4246
2025-08-06,ajuste_definicion,E,escalon_minuto_vs_feed_oficial,229.75,0
2025-08-06,ajuste_definicion,F,escalon_minuto_vs_feed_oficial,37.6833333333343,0
2025-08-08,manana,E,hueco_o_blanco,0.0,0
2025-08-08,manana,E,desvio,694.0,3050
2025-08-08,manana,E,par_eliminado,0.0,668
2025-08-08,manana,E,danada_no_aplicable,-44.0,140
2025-08-08,manana,E,escalon_foto,-483.0,9459
2025-08-08,manana,F,hueco_o_blanco,0.0,0
2025-08-08,manana,F,desvio,369.0,691
2025-08-08,manana,F,par_eliminado,-31.0,129
2025-08-08,manana,F,danada_no_aplicable,0.0,0
2025-08-08,manana,F,escalon_foto,-93.0,2663
2025-08-08,tarde,E,hueco_o_blanco,0.0,0
2025-08-08,tarde,E,desvio,970.0,4072
2025-08-08,tarde,E,par_eliminado,-105.0,1201
2025-08-08,tarde,E,danada_no_aplicable,-115.0,211
2025-08-08,tarde,E,escalon_foto,-1008.0,9910
2025-08-08,tarde,F,hueco_o_blanco,0.0,0
2025-08-08,tarde,F,desvio,129.0,361
2025-08-08,tarde,F,par_eliminado,-98.0,386
2025-08-08,tarde,F,danada_no_aplicable,0.0,0
2025-08-08,tarde,F,escalon_foto,-526.0,2124
2025-08-08,noche,E,hueco_o_blanco,969.0,5695
2025-08-08,noche,E,desvio,1883.0,5595
2025-08-08,noche,E,par_eliminado,-124.0,710
2025-08-08,noche,E,danada_no_aplicable,-268.0,496
2025-08-08,noche,E,escalon_foto,-2329.0,12755
2025-08-08,noche,F,hueco_o_blanco,150.0,1242
2025-08-08,noche,F,desvio,519.0,699
2025-08-08,noche,F,par_eliminado,16.0,156
2025-08-08,noche,F,danada_no_aplicable,0.0,0
2025-08-08,noche,F,escalon_foto,-984.0,3416
2025-08-08,ajuste_definicion,E,escalon_minuto_vs_feed_oficial,55.983333333337214,0
2025-08-08,ajuste_definicion,F,escalon_minuto_vs_feed_oficial,84.40000000000146,0
2025-08-09,manana,E,hueco_o_blanco,0.0,0
2025-08-09,manana,E,desvio,10.0,562
2025-08-09,manana,E,par_eliminado,9.0,479
2025-08-09,manana,E,danada_no_aplicable,-83.0,87
2025-08-09,manana,E,escalon_foto,-117.0,6819
2025-08-09,manana,F,hueco_o_blanco,0.0,0
2025-08-09,manana,F,desvio,37.0,205
2025-08-09,manana,F,par_eliminado,-41.0,113
2025-08-09,manana,F,danada_no_aplicable,0.0,0
2025-08-09,manana,F,escalon_foto,-76.0,1406
2025-08-09,tarde,E,hueco_o_blanco,0.0,0
2025-08-09,tarde,E,desvio,151.0,919
2025-08-09,tarde,E,par_eliminado,-76.0,1224
2025-08-09,tarde,E,danada_no_aplicable,-261.0,355
2025-08-09,tarde,E,escalon_foto,-1827.0,13167
2025-08-09,tarde,F,hueco_o_blanco,0.0,0
2025-08-09,tarde,F,desvio,71.0,259
2025-08-09,tarde,F,par_eliminado,-47.0,457
2025-08-09,tarde,F,danada_no_aplicable,0.0,0
2025-08-09,tarde,F,escalon_foto,-339.0,3597
2025-08-09,noche,E,hueco_o_blanco,77.0,1625
2025-08-09,noche,E,desvio,85.0,219
2025-08-09,noche,E,par_eliminado,55.0,61
2025-08-09,noche,E,danada_no_aplicable,-17.0,19
2025-08-09,noche,E,escalon_foto,-190.0,3058
2025-08-09,noche,F,hueco_o_blanco,-113.0,1063
2025-08-09,noche,F,desvio,80.0,98
2025-08-09,noche,F,par_eliminado,-18.0,18
2025-08-09,noche,F,danada_no_aplicable,0.0,0
2025-08-09,noche,F,escalon_foto,-565.0,2167
2025-08-09,ajuste_definicion,E,escalon_minuto_vs_feed_oficial,212.91666666665697,0
2025-08-09,ajuste_definicion,F,escalon_minuto_vs_feed_oficial,103.53333333333285,0
2025-08-11,manana,E,hueco_o_blanco,0.0,0
2025-08-11,manana,E,desvio,1289.0,3825
2025-08-11,manana,E,par_eliminado,-159.0,1101
2025-08-11,manana,E,danada_no_aplicable,-100.0,172
2025-08-11,manana,E,escalon_foto,-147.0,15079
2025-08-11,manana,F,hueco_o_blanco,0.0,0
2025-08-11,manana,F,desvio,774.0,1516
2025-08-11,manana,F,par_eliminado,-33.0,195
2025-08-11,manana,F,danada_no_aplicable,1.0,1
2025-08-11,manana,F,escalon_foto,-68.0,3322
2025-08-11,tarde,E,hueco_o_blanco,0.0,0
2025-08-11,tarde,E,desvio,1520.0,3100
2025-08-11,tarde,E,par_eliminado,45.0,797
2025-08-11,tarde,E,danada_no_aplicable,-130.0,208
2025-08-11,tarde,E,escalon_foto,-2582.0,14490
2025-08-11,tarde,F,hueco_o_blanco,0.0,0
2025-08-11,tarde,F,desvio,274.0,686
2025-08-11,tarde,F,par_eliminado,46.0,286
2025-08-11,tarde,F,danada_no_aplicable,0.0,0
2025-08-11,tarde,F,escalon_foto,-57.0,3281
2025-08-11,noche,E,hueco_o_blanco,983.0,5023
2025-08-11,noche,E,desvio,1602.0,4578
2025-08-11,noche,E,par_eliminado,-95.0,517
2025-08-11,noche,E,danada_no_aplicable,-128.0,188
2025-08-11,noche,E,escalon_foto,-4280.0,13788
2025-08-11,noche,F,hueco_o_blanco,-81.0,997
2025-08-11,noche,F,desvio,641.0,881
2025-08-11,noche,F,par_eliminado,29.0,293
2025-08-11,noche,F,danada_no_aplicable,0.0,0
2025-08-11,noche,F,escalon_foto,-264.0,3076
2025-08-11,ajuste_definicion,E,escalon_minuto_vs_feed_oficial,184.18333333331975,0
2025-08-11,ajuste_definicion,F,escalon_minuto_vs_feed_oficial,107.98333333333721,0
2025-08-12,manana,E,hueco_o_blanco,0.0,0
2025-08-12,manana,E,desvio,2038.0,4544
2025-08-12,manana,E,par_eliminado,-164.0,876
2025-08-12,manana,E,danada_no_aplicable,-112.0,196
2025-08-12,manana,E,escalon_foto,-908.0,14160
2025-08-12,manana,F,hueco_o_blanco,0.0,0
2025-08-12,manana,F,desvio,711.0,1461
2025-08-12,manana,F,par_eliminado,62.0,178
2025-08-12,manana,F,danada_no_aplicable,0.0,0
2025-08-12,manana,F,escalon_foto,-602.0,3058
2025-08-12,tarde,E,hueco_o_blanco,0.0,0
2025-08-12,tarde,E,desvio,1795.0,4475
2025-08-12,tarde,E,par_eliminado,-118.0,1070
2025-08-12,tarde,E,danada_no_aplicable,-79.0,163
2025-08-12,tarde,E,escalon_foto,-2521.0,15403
2025-08-12,tarde,F,hueco_o_blanco,0.0,0
2025-08-12,tarde,F,desvio,498.0,860
2025-08-12,tarde,F,par_eliminado,-18.0,220
2025-08-12,tarde,F,danada_no_aplicable,0.0,0
2025-08-12,tarde,F,escalon_foto,-461.0,2613
2025-08-12,noche,E,hueco_o_blanco,1526.0,6974
2025-08-12,noche,E,desvio,2731.0,8917
2025-08-12,noche,E,par_eliminado,37.0,513
2025-08-12,noche,E,danada_no_aplicable,-318.0,366
2025-08-12,noche,E,escalon_foto,-5369.0,17813
2025-08-12,noche,F,hueco_o_blanco,645.0,1509
2025-08-12,noche,F,desvio,1697.0,2293
2025-08-12,noche,F,par_eliminado,-15.0,83
2025-08-12,noche,F,danada_no_aplicable,0.0,0
2025-08-12,noche,F,escalon_foto,-1241.0,4521
2025-08-12,ajuste_definicion,E,escalon_minuto_vs_feed_oficial,225.64999999999418,0
2025-08-12,ajuste_definicion,F,escalon_minuto_vs_feed_oficial,176.4333333333343,0
2025-08-13,manana,E,hueco_o_blanco,0.0,0
2025-08-13,manana,E,desvio,828.0,4300
2025-08-13,manana,E,par_eliminado,-284.0,1626
2025-08-13,manana,E,danada_no_aplicable,-246.0,270
2025-08-13,manana,E,escalon_foto,-1312.0,16840
2025-08-13,manana,F,hueco_o_blanco,0.0,0
2025-08-13,manana,F,desvio,839.0,1723
2025-08-13,manana,F,par_eliminado,-111.0,271
2025-08-13,manana,F,danada_no_aplicable,0.0,0
2025-08-13,manana,F,escalon_foto,-654.0,2972
2025-08-13,tarde,E,hueco_o_blanco,0.0,0
2025-08-13,tarde,E,desvio,616.0,2104
2025-08-13,tarde,E,par_eliminado,-282.0,1724
2025-08-13,tarde,E,danada_no_aplicable,-16.0,126
2025-08-13,tarde,E,escalon_foto,-1974.0,9118
2025-08-13,tarde,F,hueco_o_blanco,0.0,0
2025-08-13,tarde,F,desvio,277.0,501
2025-08-13,tarde,F,par_eliminado,-176.0,572
2025-08-13,tarde,F,danada_no_aplicable,7.0,7
2025-08-13,tarde,F,escalon_foto,-585.0,2561
2025-08-13,noche,E,hueco_o_blanco,1012.0,4562
2025-08-13,noche,E,desvio,2506.0,4052
2025-08-13,noche,E,par_eliminado,-67.0,417
2025-08-13,noche,E,danada_no_aplicable,-70.0,74
2025-08-13,noche,E,escalon_foto,-1923.0,12627
2025-08-13,noche,F,hueco_o_blanco,152.0,924
2025-08-13,noche,F,desvio,610.0,784
2025-08-13,noche,F,par_eliminado,28.0,82
2025-08-13,noche,F,danada_no_aplicable,0.0,0
2025-08-13,noche,F,escalon_foto,191.0,3459
2025-08-13,ajuste_definicion,E,escalon_minuto_vs_feed_oficial,612.1000000000058,0
2025-08-13,ajuste_definicion,F,escalon_minuto_vs_feed_oficial,135.0666666666657,0
2025-08-16,manana,E,hueco_o_blanco,0.0,0
2025-08-16,manana,E,desvio,-56.0,376
2025-08-16,manana,E,par_eliminado,169.0,499
2025-08-16,manana,E,danada_no_aplicable,-51.0,55
2025-08-16,manana,E,escalon_foto,39.0,5139
2025-08-16,manana,F,hueco_o_blanco,0.0,0
2025-08-16,manana,F,desvio,-17.0,125
2025-08-16,manana,F,par_eliminado,-24.0,166
2025-08-16,manana,F,danada_no_aplicable,0.0,0
2025-08-16,manana,F,escalon_foto,-68.0,1280
2025-08-16,tarde,E,hueco_o_blanco,0.0,0
2025-08-16,tarde,E,desvio,318.0,1090
2025-08-16,tarde,E,par_eliminado,-137.0,1407
2025-08-16,tarde,E,danada_no_aplicable,-176.0,208
2025-08-16,tarde,E,escalon_foto,-1458.0,12596
2025-08-16,tarde,F,hueco_o_blanco,0.0,0
2025-08-16,tarde,F,desvio,-40.0,400
2025-08-16,tarde,F,par_eliminado,-31.0,395
2025-08-16,tarde,F,danada_no_aplicable,0.0,0
2025-08-16,tarde,F,escalon_foto,-446.0,2984
2025-08-16,noche,E,hueco_o_blanco,32.0,3722
2025-08-16,noche,E,desvio,573.0,1415
2025-08-16,noche,E,par_eliminado,49.0,273
2025-08-16,noche,E,danada_no_aplicable,-19.0,69
2025-08-16,noche,E,escalon_foto,-1392.0,7914
2025-08-16,noche,F,hueco_o_blanco,29.0,875
2025-08-16,noche,F,desvio,51.0,87
2025-08-16,noche,F,par_eliminado,-20.0,128
2025-08-16,noche,F,danada_no_aplicable,0.0,0
2025-08-16,noche,F,escalon_foto,-314.0,2314
2025-08-16,ajuste_definicion,E,escalon_minuto_vs_feed_oficial,173.54999999998836,0
2025-08-16,ajuste_definicion,F,escalon_minuto_vs_feed_oficial,64.95000000000073,0
2025-08-18,manana,E,hueco_o_blanco,0.0,0
2025-08-18,manana,E,desvio,636.0,3040
2025-08-18,manana,E,par_eliminado,-24.0,904
2025-08-18,manana,E,danada_no_aplicable,-83.0,161
2025-08-18,manana,E,escalon_foto,-784.0,14528
2025-08-18,manana,F,hueco_o_blanco,0.0,0
2025-08-18,manana,F,desvio,584.0,1176
2025-08-18,manana,F,par_eliminado,-5.0,189
2025-08-18,manana,F,danada_no_aplicable,0.0,0
2025-08-18,manana,F,escalon_foto,-14.0,2448
2025-08-18,tarde,E,hueco_o_blanco,0.0,0
2025-08-18,tarde,E,desvio,1275.0,3243
2025-08-18,tarde,E,par_eliminado,-89.0,1291
2025-08-18,tarde,E,danada_no_aplicable,-125.0,195
2025-08-18,tarde,E,escalon_foto,-2079.0,11243
2025-08-18,tarde,F,hueco_o_blanco,0.0,0
2025-08-18,tarde,F,desvio,214.0,456
2025-08-18,tarde,F,par_eliminado,26.0,214
2025-08-18,tarde,F,danada_no_aplicable,0.0,0
2025-08-18,tarde,F,escalon_foto,-439.0,1879
2025-08-18,noche,E,hueco_o_blanco,775.0,5643
2025-08-18,noche,E,desvio,2438.0,6326
2025-08-18,noche,E,par_eliminado,-137.0,587
2025-08-18,noche,E,danada_no_aplicable,-139.0,213
2025-08-18,noche,E,escalon_foto,-4449.0,15547
2025-08-18,noche,F,hueco_o_blanco,255.0,1015
2025-08-18,noche,F,desvio,503.0,1047
2025-08-18,noche,F,par_eliminado,26.0,140
2025-08-18,noche,F,danada_no_aplicable,0.0,0
2025-08-18,noche,F,escalon_foto,-1096.0,4246
2025-08-18,ajuste_definicion,E,escalon_minuto_vs_feed_oficial,-19.88333333331684,0
2025-08-18,ajuste_definicion,F,escalon_minuto_vs_feed_oficial,89.0,0
2025-08-23,manana,E,hueco_o_blanco,0.0,0
2025-08-23,manana,E,desvio,201.0,657
2025-08-23,manana,E,par_eliminado,83.0,899
2025-08-23,manana,E,danada_no_aplicable,-68.0,70
2025-08-23,manana,E,escalon_foto,398.0,6286
2025-08-23,manana,F,hueco_o_blanco,0.0,0
2025-08-23,manana,F,desvio,-25.0,167
2025-08-23,manana,F,par_eliminado,-17.0,83
2025-08-23,manana,F,danada_no_aplicable,0.0,0
2025-08-23,manana,F,escalon_foto,87.0,1237
2025-08-23,tarde,E,hueco_o_blanco,0.0,0
2025-08-23,tarde,E,desvio,234.0,1130
2025-08-23,tarde,E,par_eliminado,74.0,862
2025-08-23,tarde,E,danada_no_aplicable,-144.0,162
2025-08-23,tarde,E,escalon_foto,-1664.0,13000
2025-08-23,tarde,F,hueco_o_blanco,0.0,0
2025-08-23,tarde,F,desvio,-39.0,357
2025-08-23,tarde,F,par_eliminado,8.0,174
2025-08-23,tarde,F,danada_no_aplicable,0.0,0
2025-08-23,tarde,F,escalon_foto,-606.0,2540
2025-08-23,noche,E,hueco_o_blanco,50.0,1706
2025-08-23,noche,E,desvio,141.0,217
2025-08-23,noche,E,par_eliminado,-19.0,109
2025-08-23,noche,E,danada_no_aplicable,-37.0,37
2025-08-23,noche,E,escalon_foto,-159.0,4079
2025-08-23,noche,F,hueco_o_blanco,-90.0,558
2025-08-23,noche,F,desvio,7.0,75
2025-08-23,noche,F,par_eliminado,6.0,152
2025-08-23,noche,F,danada_no_aplicable,0.0,0
2025-08-23,noche,F,escalon_foto,-283.0,1783
2025-08-23,ajuste_definicion,E,escalon_minuto_vs_feed_oficial,120.25,0
2025-08-23,ajuste_definicion,F,escalon_minuto_vs_feed_oficial,39.20000000000073,0
2025-08-26,manana,E,hueco_o_blanco,0.0,0
2025-08-26,manana,E,desvio,1590.0,4076
2025-08-26,manana,E,par_eliminado,-36.0,666
2025-08-26,manana,E,danada_no_aplicable,-180.0,194
2025-08-26,manana,E,escalon_foto,-1335.0,12833
2025-08-26,manana,F,hueco_o_blanco,0.0,0
2025-08-26,manana,F,desvio,768.0,1574
2025-08-26,manana,F,par_eliminado,-11.0,165
2025-08-26,manana,F,danada_no_aplicable,0.0,0
2025-08-26,manana,F,escalon_foto,-404.0,2980
2025-08-26,tarde,E,hueco_o_blanco,0.0,0
2025-08-26,tarde,E,desvio,1649.0,4279
2025-08-26,tarde,E,par_eliminado,-286.0,986
2025-08-26,tarde,E,danada_no_aplicable,-145.0,343
2025-08-26,tarde,E,escalon_foto,-1380.0,11082
2025-08-26,tarde,F,hueco_o_blanco,0.0,0
2025-08-26,tarde,F,desvio,214.0,540
2025-08-26,tarde,F,par_eliminado,-100.0,292
2025-08-26,tarde,F,danada_no_aplicable,6.0,16
2025-08-26,tarde,F,escalon_foto,-560.0,2386
2025-08-26,noche,E,hueco_o_blanco,478.0,5476
2025-08-26,noche,E,desvio,3097.0,9883
2025-08-26,noche,E,par_eliminado,-106.0,570
2025-08-26,noche,E,danada_no_aplicable,-322.0,506
2025-08-26,noche,E,escalon_foto,-7985.0,16035
2025-08-26,noche,F,hueco_o_blanco,484.0,1034
2025-08-26,noche,F,desvio,1662.0,2600
2025-08-26,noche,F,par_eliminado,-29.0,145
2025-08-26,noche,F,danada_no_aplicable,-25.0,25
2025-08-26,noche,F,escalon_foto,-1232.0,4712
2025-08-26,ajuste_definicion,E,escalon_minuto_vs_feed_oficial,-14.08333333331393,0
2025-08-26,ajuste_definicion,F,escalon_minuto_vs_feed_oficial,63.63333333333139,0
2025-08-27,manana,E,hueco_o_blanco,0.0,0
2025-08-27,manana,E,desvio,1767.0,4365
2025-08-27,manana,E,par_eliminado,40.0,716
2025-08-27,manana,E,danada_no_aplicable,-136.0,150
2025-08-27,manana,E,escalon_foto,-272.0,12812
2025-08-27,manana,F,hueco_o_blanco,0.0,0
2025-08-27,manana,F,desvio,244.0,1164
2025-08-27,manana,F,par_eliminado,99.0,127
2025-08-27,manana,F,danada_no_aplicable,0.0,0
2025-08-27,manana,F,escalon_foto,-417.0,2363
2025-08-27,tarde,E,hueco_o_blanco,0.0,0
2025-08-27,tarde,E,desvio,1651.0,4111
2025-08-27,tarde,E,par_eliminado,-29.0,897
2025-08-27,tarde,E,danada_no_aplicable,12.0,146
2025-08-27,tarde,E,escalon_foto,-520.0,9592
2025-08-27,tarde,F,hueco_o_blanco,0.0,0
2025-08-27,tarde,F,desvio,318.0,504
2025-08-27,tarde,F,par_eliminado,-54.0,82
2025-08-27,tarde,F,danada_no_aplicable,-4.0,4
2025-08-27,tarde,F,escalon_foto,-814.0,2544
2025-08-27,noche,E,hueco_o_blanco,1231.0,6249
2025-08-27,noche,E,desvio,3610.0,12056
2025-08-27,noche,E,par_eliminado,-164.0,844
2025-08-27,noche,E,danada_no_aplicable,-217.0,417
2025-08-27,noche,E,escalon_foto,-5343.0,19335
2025-08-27,noche,F,hueco_o_blanco,743.0,1385
2025-08-27,noche,F,desvio,2739.0,3651
2025-08-27,noche,F,par_eliminado,-102.0,210
2025-08-27,noche,F,danada_no_aplicable,0.0,0
2025-08-27,noche,F,escalon_foto,-2585.0,6235
2025-08-27,ajuste_definicion,E,escalon_minuto_vs_feed_oficial,-12.10000000000582,0
2025-08-27,ajuste_definicion,F,escalon_minuto_vs_feed_oficial,99.58333333333212,0
2025-08-28,manana,E,hueco_o_blanco,0.0,0
2025-08-28,manana,E,desvio,1193.0,4189
2025-08-28,manana,E,par_eliminado,-191.0,1095
2025-08-28,manana,E,danada_no_aplicable,-142.0,210
2025-08-28,manana,E,escalon_foto,-2972.0,16978
2025-08-28,manana,F,hueco_o_blanco,0.0,0
2025-08-28,manana,F,desvio,525.0,1409
2025-08-28,manana,F,par_eliminado,4.0,212
2025-08-28,manana,F,danada_no_aplicable,0.0,0
2025-08-28,manana,F,escalon_foto,-35.0,2377
2025-08-28,tarde,E,hueco_o_blanco,0.0,0
2025-08-28,tarde,E,desvio,786.0,2844
2025-08-28,tarde,E,par_eliminado,-447.0,1509
2025-08-28,tarde,E,danada_no_aplicable,-115.0,175
2025-08-28,tarde,E,escalon_foto,-3069.0,13361
2025-08-28,tarde,F,hueco_o_blanco,0.0,0
2025-08-28,tarde,F,desvio,126.0,310
2025-08-28,tarde,F,par_eliminado,-127.0,265
2025-08-28,tarde,F,danada_no_aplicable,0.0,0
2025-08-28,tarde,F,escalon_foto,-492.0,1996
2025-08-28,noche,E,hueco_o_blanco,653.0,3785
2025-08-28,noche,E,desvio,2266.0,6104
2025-08-28,noche,E,par_eliminado,-69.0,483
2025-08-28,noche,E,danada_no_aplicable,-191.0,265
2025-08-28,noche,E,escalon_foto,-3513.0,11939
2025-08-28,noche,F,hueco_o_blanco,303.0,573
2025-08-28,noche,F,desvio,339.0,523
2025-08-28,noche,F,par_eliminado,-14.0,106
2025-08-28,noche,F,danada_no_aplicable,0.0,0
2025-08-28,noche,F,escalon_foto,-805.0,2909
2025-08-28,ajuste_definicion,E,escalon_minuto_vs_feed_oficial,201.75,0
2025-08-28,ajuste_definicion,F,escalon_minuto_vs_feed_oficial,132.85000000000218,0
2025-08-31,manana,E,hueco_o_blanco,0.0,0
2025-08-31,manana,E,desvio,368.0,1162
2025-08-31,manana,E,par_eliminado,-11.0,903
2025-08-31,manana,E,danada_no_aplicable,-197.0,199
2025-08-31,manana,E,escalon_foto,304.0,10054
2025-08-31,manana,F,hueco_o_blanco,0.0,0
2025-08-31,manana,F,desvio,-7.0,341
2025-08-31,manana,F,par_eliminado,-8.0,270
2025-08-31,manana,F,danada_no_aplicable,0.0,0
2025-08-31,manana,F,escalon_foto,3.0,2357
2025-08-31,tarde,E,hueco_o_blanco,0.0,0
2025-08-31,tarde,E,desvio,217.0,1379
2025-08-31,tarde,E,par_eliminado,-218.0,1594
2025-08-31,tarde,E,danada_no_aplicable,-294.0,322
2025-08-31,tarde,E,escalon_foto,-4271.0,16745
2025-08-31,tarde,F,hueco_o_blanco,0.0,0
2025-08-31,tarde,F,desvio,208.0,928
2025-08-31,tarde,F,par_eliminado,-110.0,568
2025-08-31,tarde,F,danada_no_aplicable,0.0,0
2025-08-31,tarde,F,escalon_foto,-851.0,4411
2025-08-31,noche,E,hueco_o_blanco,-138.0,2394
2025-08-31,noche,E,desvio,264.0,516
2025-08-31,noche,E,par_eliminado,29.0,41
2025-08-31,noche,E,danada_no_aplicable,-38.0,38
2025-08-31,noche,E,escalon_foto,-2315.0,7485
2025-08-31,noche,F,hueco_o_blanco,-74.0,666
2025-08-31,noche,F,desvio,47.0,113
2025-08-31,noche,F,par_eliminado,0.0,0
2025-08-31,noche,F,danada_no_aplicable,0.0,0
2025-08-31,noche,F,escalon_foto,114.0,1780
2025-08-31,ajuste_definicion,E,escalon_minuto_vs_feed_oficial,105.93333333331975,0
2025-08-31,ajuste_definicion,F,escalon_minuto_vs_feed_oficial,66.19999999999709,0
