day,franja,metrica,t0_menos_t1
2025-08-01,manana,E,-534
2025-08-01,manana,F,159
2025-08-01,tarde,E,62
2025-08-01,tarde,F,-82
2025-08-01,noche,E,-2773
2025-08-01,noche,F,448
2025-08-04,manana,E,-1921
2025-08-04,manana,F,336
2025-08-04,tarde,E,-1355
2025-08-04,tarde,F,-6
2025-08-04,noche,E,-10681
2025-08-04,noche,F,-1013
2025-08-06,manana,E,-2613
2025-08-06,manana,F,240
2025-08-06,tarde,E,-3095
2025-08-06,tarde,F,619
2025-08-06,noche,E,-18102
2025-08-06,noche,F,-1652
2025-08-08,manana,E,-2136
2025-08-08,manana,F,-577
2025-08-08,tarde,E,-2026
2025-08-08,tarde,F,211
2025-08-08,noche,E,-8048
2025-08-08,noche,F,-454
2025-08-09,manana,E,-304
2025-08-09,manana,F,-37
2025-08-09,tarde,E,-567
2025-08-09,tarde,F,257
2025-08-09,noche,E,-1176
2025-08-09,noche,F,-182
2025-08-11,manana,E,-2348
2025-08-11,manana,F,-508
2025-08-11,tarde,E,-1598
2025-08-11,tarde,F,9
2025-08-11,noche,E,-4483
2025-08-11,noche,F,-259
2025-08-12,manana,E,-3729
2025-08-12,manana,F,-211
2025-08-12,tarde,E,-2925
2025-08-12,tarde,F,162
2025-08-12,noche,E,-11613
2025-08-12,noche,F,174
2025-08-13,manana,E,-2369
2025-08-13,manana,F,-477
2025-08-13,tarde,E,-897
2025-08-13,tarde,F,1020
2025-08-13,noche,E,-6053
2025-08-13,noche,F,-572
2025-08-16,manana,E,-527
2025-08-16,manana,F,-11
2025-08-16,tarde,E,-420
2025-08-16,tarde,F,164
2025-08-16,noche,E,-2196
2025-08-16,noche,F,232
2025-08-18,manana,E,-2243
2025-08-18,manana,F,-1031
2025-08-18,tarde,E,-1895
2025-08-18,tarde,F,79
2025-08-18,noche,E,-6308
2025-08-18,noche,F,424
2025-08-23,manana,E,-828
2025-08-23,manana,F,-97
2025-08-23,tarde,E,-227
2025-08-23,tarde,F,258
2025-08-23,noche,E,-661
2025-08-23,noche,F,-95
2025-08-26,manana,E,-2917
2025-08-26,manana,F,-1026
2025-08-26,tarde,E,-2617
2025-08-26,tarde,F,14
2025-08-26,noche,E,-7404
2025-08-26,noche,F,189
2025-08-27,manana,E,-2814
2025-08-27,manana,F,310
2025-08-27,tarde,E,-2765
2025-08-27,tarde,F,862
2025-08-27,noche,E,-13640
2025-08-27,noche,F,663
2025-08-28,manana,E,-2265
2025-08-28,manana,F,-345
2025-08-28,tarde,E,-210
2025-08-28,tarde,F,382
2025-08-28,noche,E,-7197
2025-08-28,noche,F,1477
2025-08-31,manana,E,-1255
2025-08-31,manana,F,-277
2025-08-31,tarde,E,-3335
2025-08-31,tarde,F,-1421
2025-08-31,noche,E,-2239
2025-08-31,noche,F,-81
