block,hora,E,E_obs,E_obs_con_danadas,F,F_obs,dE,dF,stock_abs_err,stock_err_mean
0,05:30,2610.6,2513.58,2035.7677777777778,749.2666666666667,824.1266666666667,97.02,-74.85999999999999,0.1075615763546798,-0.03061576354679803
1,06:30,3218.133333333333,3119.692222222222,2485.5988888888887,437.0,463.25444444444446,98.44111111111114,-26.25444444444445,0.2752545155993432,-0.01561576354679803
2,07:30,4830.133333333333,4760.777777777778,3762.8122222222223,454.53333333333336,425.49111111111114,69.35555555555554,29.04222222222223,0.32804217164252636,-0.007054882254409301
3,08:30,7090.066666666667,7696.738888888888,6235.177777777778,1117.0,1043.4977777777779,-606.6722222222222,73.5022222222222,0.49204355108877723,0.04884717706177948
4,09:30,6245.4,7238.623333333334,5916.371111111111,1414.5333333333333,1470.7522222222221,-993.2233333333334,-56.21888888888892,0.5714602423884126,0.12136663710710414
5,10:30,4748.933333333333,5475.373333333334,4462.108888888889,1139.2666666666667,1181.618888888889,-726.44,-42.3522222222222,0.5236476500147798,0.15095083259434428
6,11:30,3586.6666666666665,4072.715555555556,3179.733333333333,969.0666666666667,1038.891111111111,-486.04888888888894,-69.82444444444444,0.495516799684698,0.12961868164351167
7,12:30,3135.6666666666665,3525.1355555555556,2561.122222222222,748.8,804.911111111111,-389.4688888888888,-56.111111111111114,0.4067149472854468,0.11023253522514534
8,13:30,3397.266666666667,3821.688888888889,2888.0533333333337,637.9333333333333,709.5055555555555,-424.42222222222244,-71.57222222222221,0.40261627906976744,0.1281286953094206
9,14:30,3943.866666666667,4400.736666666667,3417.695555555555,614.4666666666667,692.2488888888889,-456.86999999999983,-77.7822222222222,0.4184568387859677,0.07888253843121798
10,15:30,4150.733333333334,4847.695555555556,3756.297777777778,622.8666666666667,680.5066666666665,-696.9622222222224,-57.639999999999894,0.4735169491525424,0.15507981868348444
11,16:30,4645.666666666667,5294.044444444444,4084.788888888889,570.2,624.0300000000001,-648.3777777777775,-53.83000000000003,0.5645630111341019,0.08091930239432456
12,17:30,5452.466666666666,6221.751111111111,4684.486666666666,535.6,573.4611111111111,-769.2844444444439,-37.8611111111111,0.844992938548954,0.2264755148290472
13,18:30,5568.466666666666,7083.246666666668,4785.2155555555555,635.9333333333333,665.2222222222223,-1514.7800000000002,-29.28888888888893,1.2319668900275917,0.23098147418210485
14,19:30,5252.266666666666,7259.057777777777,5058.758888888889,781.0666666666667,730.3933333333333,-2006.7911111111105,50.67333333333332,1.1352842644595527,0.29283673268302296
15,20:30,4325.133333333333,6102.736666666667,4209.668888888888,940.5333333333333,874.8655555555556,-1777.6033333333332,65.6677777777778,0.8264853680165534,0.4613262390383289
16,21:30,3713.266666666667,4723.772222222222,3522.203333333333,1360.4,1241.55,-1010.5055555555554,118.84999999999997,0.5343383584589615,0.28554537392846585
17,22:30,4278.333333333333,5207.202222222221,3970.4266666666667,1842.6,1755.3344444444442,-928.8688888888886,87.2655555555557,0.49977830328111145,0.2607892403192433
18,23:30,4391.6,5682.805555555556,4310.182222222222,2058.4666666666667,1970.7733333333333,-1291.2055555555555,87.69333333333331,0.5243127401714455,0.26995270469997046
