short_name,E,E_obs,E_obs_con_danadas,F,F_obs,dE,dF,stock_err_mean,abs_dEF
086,1754,3977.083333333334,3941.183333333334,633,622.8500000000004,-2223.083333333334,10.149999999999693,0.549766081871345,2233.2333333333336
474,739,2808.0833333333335,2171.65,286,324.1833333333333,-2069.0833333333335,-38.18333333333331,1.9888304093567253,2107.266666666667
261,1019,3020.533333333333,2532.1499999999996,269,210.65000000000003,-2001.5333333333328,58.349999999999966,6.687836257309941,2059.8833333333328
463,9237,11145.45,622.4500000000004,318,291.0,-1908.4500000000003,27.0,0.3804093567251462,1935.4500000000003
019,2485,4282.866666666668,4076.6333333333337,461,558.7666666666668,-1797.8666666666672,-97.76666666666674,1.2901754385964912,1895.633333333334
459,6208,8043.316666666667,1728.4000000000003,664,632.5666666666666,-1835.3166666666668,31.433333333333366,0.3273684210526316,1866.7500000000002
242,1922,3439.1499999999996,2521.433333333333,1343,1029.283333333333,-1517.1499999999996,313.7166666666669,0.4330994152046784,1830.8666666666666
008,3436,5140.65,4492.333333333333,1277,1339.3333333333335,-1704.6499999999996,-62.33333333333357,0.3370175438596491,1766.9833333333331
013,1366,2997.4833333333336,1996.8166666666668,265,319.0333333333333,-1631.4833333333333,-54.033333333333275,0.7631578947368421,1685.5166666666667
031,911,2149.516666666667,2031.0333333333333,686,247.48333333333338,-1238.5166666666669,438.51666666666665,1.1667251461988304,1677.0333333333335
020,2831,4152.25,4152.25,573,307.5333333333334,-1321.2499999999998,265.4666666666666,0.5267251461988305,1586.7166666666662
018,1565,2816.933333333333,2816.933333333333,987,653.8666666666666,-1251.933333333333,333.1333333333335,1.4703508771929825,1585.0666666666664
458,3233,4700.616666666666,4537.599999999999,1007,928.4833333333333,-1467.6166666666663,78.5166666666666,0.32877192982456144,1546.133333333333
012,2266,3448.8166666666666,3364.633333333333,470,814.5,-1182.8166666666666,-344.5,0.3004093567251462,1527.3166666666666
675,2928,4376.8,3232.3,0,0.0,-1448.8000000000004,0.0,0.6679532163742691,1448.8000000000004
265,1453,1736.6333333333332,1011.4333333333333,1990,843.2333333333335,-283.6333333333331,1146.7666666666664,1.0391812865497077,1430.3999999999996
668,1678,3105.2666666666664,3105.2666666666664,0,0.0,-1427.2666666666664,0.0,0.3617543859649123,1427.2666666666664
041,2833,4196.283333333334,4196.283333333334,1417,1366.5333333333333,-1363.2833333333335,50.46666666666665,0.9005847953216375,1413.7500000000002
230,2514,3824.5,3243.35,911,846.9666666666666,-1310.5,64.03333333333345,0.37239766081871345,1374.5333333333335
021,2264,3516.766666666667,3024.766666666667,192,308.4166666666664,-1252.7666666666669,-116.4166666666664,0.7690058479532164,1369.1833333333334
