run,day,split,tag,arm,damage,f,H,L,lam,mu,tope_hora,tope_bodega,max_move,retiro,E,F,E_all,F_all,EF,E_manana,F_manana,EF_manana,moves_manana,E_tarde,F_tarde,EF_tarde,moves_tarde,E_noche,F_noche,EF_noche,moves_noche,trips_served,detours_dep,detours_arr,walk_m_dep,walk_m_arr,moves,stations_touched,A,R,rebalanced,warehouse,clipped,arrivals_unknown,recorte_bodega,recorte_por_movimiento,danos_aplicados,danos_no_aplicables,taller_aplicado,taller_no_aplicable,bikes_moved,detours_dep_far,dep_failed,arr_failed,reparaciones_no_aplicables,recorte_fuera_de_servicio,bodega_min,bodega_max,n_orders,label,E_obs,F_obs,E_obs_manana,F_obs_manana,E_obs_tarde,F_obs_tarde,E_obs_noche,F_obs_noche,stock_mae,stock_bias,stock_exact,n_station_snapshots,danadas_mae,danadas_bias,danadas_sim_fin,danadas_0530,danadas_obs_max,danadas_obs_fin,E_obs_con_danadas,rel_E,rel_E_manana,rel_E_tarde,rel_E_noche,E_obs_medicion_csv,rel_F,rel_F_manana,rel_F_tarde,rel_F_noche,F_obs_medicion_csv
v1|baseline|auto|2025-09-03,2025-09-03,evaluacion,v1,baseline,auto,,,,,,,,,,201747,61686,202732,61686,263433,63847,27492,91339,0,68684,17777,86461,0,69216,16417,85633,0,57328,11928,7866,5691475.093,2772991.823,0,0,0,0,0,0,0,1,0,0,2707,773,531,106,0,3646,0,0,386,0,0,0,0,baseline|auto,79055.15000000001,16906.283333333333,35512.566666666666,9544.816666666668,22898.18333333333,3504.433333333334,20644.4,3857.0333333333324,4.183202614379085,0.06873638344226579,0.3759694989106754,45900,0.28058823529411764,-0.28058823529411764,704,426,1223,985,55398.316666666666,1.5519779546304064,0.7978706129379554,1.9995392647597228,2.352773633527736,79267.43,2.6487026026812517,1.8803067633567259,4.07271741508375,3.256380119435491,17029.45
v1|baseline|auto|2025-09-15,2025-09-15,evaluacion,v1,baseline,auto,,,,,,,,,,159495,50784,159495,50784,210279,48123,18647,66770,0,46769,11690,58459,0,64603,20447,85050,0,41531,5478,3837,2217058.911,1298354.357,0,0,0,0,0,0,0,1,0,0,1664,305,440,17,0,1257,0,0,48,0,0,0,0,baseline|auto,68787.98333333334,18852.983333333334,28973.233333333334,6768.366666666666,22407.166666666668,5768.250000000001,17407.583333333332,6316.366666666665,3.9227761485826003,-0.06240903660258499,0.3922233083523406,46035,0.17428043879656782,-0.17428043879656782,1463,1938,2005,1703,55319.833333333336,1.3186462558019458,0.6609468279342887,1.08723399507598,2.711198663417764,68787.98,1.6936850843235243,1.7550221372955568,1.0266111905690631,2.2371458275063203,18852.98
v1|baseline|auto|2025-09-26,2025-09-26,evaluacion,v1,baseline,auto,,,,,,,,,,222967,59886,224006,59886,282853,68881,25276,94157,0,63964,13447,77411,0,90122,21163,111285,0,56810,11055,5256,5389541.126,1994394.315,0,0,0,0,0,0,0,1,0,0,1738,542,539,46,0,3343,0,0,148,0,0,0,0,baseline|auto,132338.15,32065.299999999996,42586.5,10066.633333333333,35953.5,8411.25,53798.15,13587.416666666666,3.757918552036199,-0.02767142359902541,0.4051079011486251,45968,0.2461277410372433,-0.2461277410372433,1610,1760,1957,1957,106880.79999999999,0.684827844427325,0.6174374508353586,0.7790757506223316,0.6751877155627098,132406.75,0.8676263749286615,1.5108692412888785,0.5986922276712736,0.5575440511748003,32065.3
v1|baseline|auto|2025-09-28,2025-09-28,evaluacion,v1,baseline,auto,,,,,,,,,,153899,16689,153899,16689,170588,39895,4216,44111,0,61360,6357,67717,0,52644,6116,58760,0,37009,3602,1074,1132094.045,232642.559,0,0,0,0,0,0,0,1,0,0,1030,151,322,18,0,420,0,0,14,0,0,0,0,baseline|auto,78701.98333333334,10229.666666666668,28639.85,3073.6,31494.15,4408.483333333333,18567.983333333334,2747.583333333333,2.2543045481602326,-0.054608787671685886,0.5041116426728984,45359,0.09678343878833308,-0.09678343878833308,1410,1208,1530,1529,61843.43333333335,0.955465332406913,0.39298913925876017,0.948298334770108,1.8352028895616916,78701.98,0.6314314575254976,0.37168141592920356,0.4419925219935808,1.225956143277426,10229.67
v1|baseline|auto|2025-10-07,2025-10-07,evaluacion,v1,baseline,auto,,,,,,,,,,257649,62597,258659,62597,320246,76103,25050,101153,0,75900,14661,90561,0,105646,22886,128532,0,67224,16907,8877,8736575.157,3779719.065,0,0,0,0,0,0,0,0,0,0,2168,803,568,94,0,5919,0,0,272,0,0,0,0,baseline|auto,121911.66666666666,21653.816666666666,42095.98333333334,6467.950000000001,28122.716666666664,3287.7166666666662,51692.96666666667,11898.150000000001,3.711448089809416,0.029784178922635105,0.3851710033939605,45964,0.3089374292924898,-0.3089374292924898,626,956,1262,1062,82816.34999999999,1.1134072484175703,0.8078446914373064,1.6988857762082021,1.0437209704221528,122231.37,1.8908067784816998,2.8729427407447488,3.4593258745938167,0.9234923076276562,21731.72
v1|baseline|auto|2025-10-11,2025-10-11,evaluacion,v1,baseline,auto,,,,,,,,,,89472,19325,89472,19325,108797,13430,3761,17191,0,35043,7257,42300,0,40999,8307,49306,0,39391,1636,1087,478391.674,262229.955,0,0,0,0,0,0,0,1,0,0,1547,105,292,7,0,146,0,0,18,0,0,0,0,baseline|auto,53217.46666666666,13094.033333333336,11254.166666666666,3202.5166666666664,24385.483333333334,5736.266666666666,17577.816666666666,4155.250000000001,1.4705791573888314,-0.08787671685883727,0.6117418814347759,45359,0.045922529156286515,-0.045922529156286515,1105,622,1246,1185,34222.71666666667,0.6812525211020946,0.1933358015549797,0.4370434869379255,1.3324284680786105,53217.47,0.4758630521280682,0.17438889206925812,0.2651085491144066,0.9991576920762886,13094.03
v1|baseline|auto|2025-10-13,2025-10-13,evaluacion,v1,baseline,auto,,,,,,,,,,232095,63144,232095,63144,295239,69397,24776,94173,0,64671,13296,77967,0,98027,25072,123099,0,64565,14871,8090,7098894.355,3389841.678,0,0,0,0,0,0,0,3,0,0,2406,869,679,69,0,4823,0,0,264,0,0,0,0,baseline|auto,103045.11666666667,18122.0,41997.11666666667,7367.316666666667,24377.3,2792.3999999999996,36670.7,7962.283333333335,3.8799852289512557,0.16975844990876704,0.3852854287948562,46036,0.3887175254148927,-0.3887175254148927,844,1385,1659,1380,81052.79999999999,1.2523629212899785,0.6524229639574463,1.6529189040623857,1.6731695877089885,103045.12,2.484383622116764,2.362961186682623,3.761495487752472,2.1488454944875524,18122.0
v1|baseline|auto|2025-10-15,2025-10-15,evaluacion,v1,baseline,auto,,,,,,,,,,243536,61782,243536,61782,305318,75439,25897,101336,0,75193,13554,88747,0,92904,22331,115235,0,63833,15710,8251,7706856.926,3341408.857,0,0,0,0,0,0,0,1,0,0,1866,713,638,122,0,5106,0,0,262,0,0,0,0,baseline|auto,100858.08333333331,20975.25,42072.66666666667,8725.983333333334,26722.649999999994,3670.533333333333,32062.766666666666,8578.733333333334,3.7917061663616924,0.07676536078837717,0.39156506977667055,45359,0.29019599197513174,-0.29019599197513174,602,1245,1728,931,74043.98333333334,1.414640373395952,0.7930643806747054,1.8138302151919818,1.89756654395597,100858.08,1.9454714484928666,1.9678030556250583,2.6926513858113266,1.6030649435425586,20975.25
v1|baseline|auto|2025-10-22,2025-10-22,evaluacion,v1,baseline,auto,,,,,,,,,,239543,64195,239543,64195,303738,70600,25485,96085,0,67517,14011,81528,0,101426,24699,126125,0,70082,17024,9127,8572687.288,3815606.343,0,0,0,0,0,0,0,2,0,0,2662,991,768,131,0,5629,0,0,356,0,0,0,0,baseline|auto,103413.85,19928.216666666664,38587.816666666666,8365.9,23314.066666666666,2662.8499999999995,41511.96666666667,8899.466666666667,3.872857078913209,0.06577592766662191,0.3686943288124972,44682,0.36236068215388745,-0.36236068215388745,798,1215,1538,1302,76666.06666666668,1.316353177064774,0.8295930192128863,1.8959769638358532,1.4432954674114051,103413.85,2.2213118250253205,2.0462950788319247,4.261655744784725,1.7753348515266831,19928.22
v1|baseline|auto|2025-10-25,2025-10-25,evaluacion,v1,baseline,auto,,,,,,,,,,163750,13638,164561,13638,177388,28320,5010,33330,0,48166,5390,53556,0,87264,3238,90502,0,54710,4316,690,1514618.094,148511.136,0,0,0,0,0,0,0,0,0,0,1617,253,431,11,0,764,0,0,23,0,0,0,0,baseline|auto,124275.46666666667,15759.833333333332,26297.4,5190.383333333333,35861.78333333333,5498.883333333334,62116.283333333326,5070.566666666666,1.252238508987199,-0.09378523578961331,0.6676394508191285,45231,0.11450111649090226,-0.11450111649090226,1760,1252,1978,1978,99201.46666666665,0.3176373776105983,0.0769125464874854,0.34310108207111845,0.4048490237530311,124275.47,-0.1346355185651286,-0.03475337402825094,-0.01980098989794912,-0.3614125968826626,15962.08
v1|baseline|auto|2025-11-07,2025-11-07,evaluacion,v1,baseline,auto,,,,,,,,,,230298,45353,230298,45353,275651,59224,16654,75878,0,72166,9713,81879,0,98908,18986,117894,0,63666,14301,6201,6670562.808,2151875.133,0,0,0,0,0,0,0,0,0,0,2769,975,863,138,0,4280,0,0,315,0,0,0,0,baseline|auto,98169.2,8708.583333333332,32922.86666666667,3373.1666666666665,27061.8,1589.8333333333328,38184.53333333333,3745.583333333333,3.9163341343504046,0.02506669018276417,0.38157807711810227,45359,0.3653299234991953,-0.3653299234991953,1012,1393,1644,1534,73431.45,1.3459292731325099,0.7988713012030139,1.6667110096150293,1.590263422537572,98169.2,4.207850492330365,3.937200454567914,5.109445434531923,4.068903375086213,8708.58
v1|baseline|auto|2025-11-12,2025-11-12,evaluacion,v1,baseline,auto,,,,,,,,,,256701,63435,256701,63435,320136,68678,23194,91872,0,73594,13992,87586,0,114429,26249,140678,0,66498,17190,8620,8927050.71,3501469.063,0,0,0,0,0,0,0,0,0,0,2847,1017,925,115,0,6119,0,0,364,0,0,0,0,baseline|auto,119556.13333333333,19196.966666666667,41379.51666666666,6445.866666666667,27446.616666666665,2943.25,50730.0,9807.85,3.679263720031815,0.02231564594932394,0.3616634473355301,44005,0.412862174752869,-0.412862174752869,927,1345,1686,1465,87631.21666666667,1.1471169470184717,0.6597100578345729,1.6813505246851919,1.2556475458308693,119556.13,2.304428303777159,2.5982748634784043,3.753928480421303,1.6763255963335493,19196.97
v1|baseline|auto|2025-11-15,2025-11-15,evaluacion,v1,baseline,auto,,,,,,,,,,103104,26986,103104,26986,130090,18752,7512,26264,0,43332,7874,51206,0,41020,11600,52620,0,37201,2257,1373,717921.508,332439.899,0,0,0,0,0,0,0,0,0,0,1514,163,370,17,0,262,0,0,30,0,0,0,0,baseline|auto,66458.65,16926.05,15893.833333333334,6090.333333333334,29860.283333333333,5147.666666666667,20704.533333333336,5688.05,1.6247482207600377,0.0023947003267535023,0.5890067588738195,44682,0.07745848440087731,-0.07745848440087731,1477,1539,2015,1593,49744.0,0.551400758215823,0.17982865471933554,0.4511583669947316,0.981208624198243,66458.65,0.5943471749167704,0.2334300257238245,0.5296250728485397,1.03936322641327,16926.05
v1|baseline|auto|2025-11-19,2025-11-19,evaluacion,v1,baseline,auto,,,,,,,,,,245986,55590,245986,55590,301576,72199,21855,94054,0,75818,10000,85818,0,97969,23735,121704,0,65368,15415,7437,7710957.889,3139743.453,0,0,0,0,0,0,0,25,0,0,2350,1025,1162,104,0,4998,0,0,224,0,0,0,0,baseline|auto,124556.03333333334,20095.633333333335,47124.01666666666,7291.9333333333325,33543.799999999996,2763.4500000000003,43888.21666666667,10040.25,3.482983608793507,-0.008593448064200787,0.37024575442744445,43987,0.47161661399959076,-0.47161661399959076,982,2207,2364,1680,103551.85,0.9749023264228334,0.5321062402363127,1.2602686636576659,1.2322392532847655,124556.03,1.7662726064866496,1.9971475328902262,2.618665074454033,1.3639849605338512,20095.63
v1|baseline|auto|2025-11-24,2025-11-24,evaluacion,v1,baseline,auto,,,,,,,,,,243257,53816,243257,53816,297073,71471,19523,90994,0,73688,13486,87174,0,98098,20807,118905,0,59282,15002,6453,7716578.264,2557561.717,0,0,0,0,0,0,0,0,0,0,2340,878,1063,175,0,5041,0,0,242,0,0,0,0,baseline|auto,111365.68333333335,14041.9,47824.98333333334,4739.716666666667,28216.283333333336,3084.683333333333,35324.416666666664,6217.499999999999,3.9736620838541077,0.038881945233496196,0.3605726621974776,44005,0.37184410862402,-0.37184410862402,780,2052,2147,1241,88092.76666666666,1.1843084217594855,0.4944281214246806,1.6115416807198204,1.7770593050604753,111365.68,2.8325297858551903,3.119022585738247,3.3719236442422513,2.3465219139525537,14041.9
v1|baseline|fixed|2025-09-03,2025-09-03,evaluacion,v1,baseline,fixed,,,,,,,,,,174642,69676,175635,69676,244318,52307,29199,81506,0,60669,20369,81038,0,61666,20108,81774,0,57328,10567,8713,5043970.172,3116613.31,0,0,0,0,0,0,0,1,0,0,0,0,0,0,0,3275,0,0,0,0,0,0,0,baseline|fixed,79055.15000000001,16906.283333333333,35512.566666666666,9544.816666666668,22898.18333333333,3504.433333333334,20644.4,3857.0333333333324,4.517734204793029,0.8659259259259259,0.29381263616557735,45900,0.8498039215686275,-0.6698474945533769,426,426,1223,985,55398.316666666666,1.2091160411434294,0.4729152215600675,1.6495114969091436,1.987057022727713,79267.43,3.1213079555234398,2.059147285874183,4.812351973214879,4.213333218103725,17029.45
v1|baseline|fixed|2025-09-15,2025-09-15,evaluacion,v1,baseline,fixed,,,,,,,,,,173723,56587,173723,56587,230310,49135,19727,68862,0,58208,13510,71718,0,66380,23350,89730,0,41531,6393,4293,2598180.457,1518732.18,0,0,0,0,0,0,0,1,0,0,0,0,0,0,0,1510,0,0,0,0,0,0,0,baseline|fixed,68787.98333333334,18852.983333333334,28973.233333333334,6768.366666666666,22407.166666666668,5768.250000000001,17407.583333333332,6316.366666666665,4.134462908656457,-0.31993048767242316,0.32896709025741283,46035,0.9689801238188335,0.4621049201694363,1938,1938,2005,1703,55319.833333333336,1.5254847079637697,0.6958756185306668,1.597740306300811,2.813280610461916,68787.98,2.0014878281863435,1.9145879606601302,1.3421314956875998,2.696745491870327,18852.98
v1|baseline|fixed|2025-09-26,2025-09-26,evaluacion,v1,baseline,fixed,,,,,,,,,,219248,65739,220287,65739,284987,63733,26672,90405,0,70889,15093,85982,0,84626,23974,108600,0,56810,10885,5813,5270557.765,2274359.286,0,0,0,0,0,0,0,1,0,0,0,0,0,0,0,3374,0,0,0,0,0,0,0,baseline|fixed,132338.15,32065.299999999996,42586.5,10066.633333333333,35953.5,8411.25,53798.15,13587.416666666666,4.001718586843022,0.21025495997215454,0.3573572920292377,45968,0.7970544726766446,-0.012508701705534284,1760,1760,1957,1957,106880.79999999999,0.6567255927334635,0.4965540722999072,0.9716856495195183,0.5730280688090575,132406.75,1.0501601419603126,1.6495451971695272,0.7943825234061525,0.7644266447509646,32065.3
v1|baseline|fixed|2025-09-28,2025-09-28,evaluacion,v1,baseline,fixed,,,,,,,,,,141790,19398,141790,19398,161188,39123,4395,43518,0,56450,7575,64025,0,46217,7428,53645,0,37009,3274,1314,1047664.454,292588.788,0,0,0,0,0,0,0,1,0,0,0,0,0,0,0,422,0,0,0,0,0,0,0,baseline|fixed,78701.98333333334,10229.666666666668,28639.85,3073.6,31494.15,4408.483333333333,18567.983333333334,2747.583333333333,2.4453581428161995,0.32710156749487423,0.47099803787561456,45359,0.44848872329636896,-0.22586476774179326,1208,1208,1530,1529,61843.43333333335,0.8016064398207668,0.36603369081891146,0.7923963656742601,1.4890694466011836,78701.98,0.8962494704943137,0.42991931285788654,0.7182780170050928,1.7034666828424982,10229.67
v1|baseline|fixed|2025-10-07,2025-10-07,evaluacion,v1,baseline,fixed,,,,,,,,,,251810,67804,252808,67804,319614,68550,26368,94918,0,78451,16270,94721,0,104809,25166,129975,0,67224,16611,9565,8624853.391,4137669.588,0,0,0,0,0,0,0,0,0,0,0,0,0,0,0,5947,0,0,0,0,0,0,0,baseline|fixed,121911.66666666666,21653.816666666666,42095.98333333334,6467.950000000001,28122.716666666664,3287.7166666666662,51692.96666666667,11898.150000000001,3.8747715603515793,0.24236358889565748,0.3449221129579671,45964,0.7626620833695936,-0.07225219737185623,956,956,1262,1062,82816.34999999999,1.0655119143642255,0.6284213972908737,1.7895953627050023,1.027529212549225,122231.37,2.1312724700572416,3.076716734050201,3.948723278060255,1.1151187369464999,21731.72
v1|baseline|fixed|2025-10-11,2025-10-11,evaluacion,v1,baseline,fixed,,,,,,,,,,71918,21572,71918,21572,93490,11598,3933,15531,0,26635,8104,34739,0,33685,9535,43220,0,39391,1339,1242,388336.72,306325.258,0,0,0,0,0,0,0,1,0,0,0,0,0,0,0,111,0,0,0,0,0,0,0,baseline|fixed,53217.46666666666,13094.033333333336,11254.166666666666,3202.5166666666664,24385.483333333334,5736.266666666666,17577.816666666666,4155.250000000001,1.8103353248528407,0.5339403426001456,0.5003417182918495,45359,0.6646090081350999,-0.45441918913556295,622,622,1246,1185,34222.71666666667,0.3513984130523564,0.030551647537948964,0.09224818864228648,0.9163358361722969,53217.47,0.6474679306859864,0.22809665315298916,0.4127655618055879,1.294687443595451,13094.03
v1|baseline|fixed|2025-10-13,2025-10-13,evaluacion,v1,baseline,fixed,,,,,,,,,,237636,69446,237636,69446,307082,66439,26258,92697,0,70583,14904,85487,0,100614,28284,128898,0,64565,15381,8864,7476234.582,3843628.966,0,0,0,0,0,0,0,3,0,0,0,0,0,0,0,5164,0,0,0,0,0,0,0,baseline|fixed,103045.11666666667,18122.0,41997.11666666667,7367.316666666667,24377.3,2792.3999999999996,36670.7,7962.283333333335,4.099943522460683,0.28440785472239116,0.33441219914849246,46036,0.8507906855504388,-0.00805891041793379,1385,1385,1659,1380,81052.79999999999,1.3061354840201873,0.5819895572196027,1.8954396098009212,1.74371637301715,103045.12,2.832137733142037,2.564119907971921,4.337344220025785,2.552247366228699,18122.0
v1|baseline|fixed|2025-10-15,2025-10-15,evaluacion,v1,baseline,fixed,,,,,,,,,,231246,68888,231246,68888,300134,66077,27070,93147,0,69294,15543,84837,0,95875,26275,122150,0,63833,15061,8960,7372479.275,3717499.559,0,0,0,0,0,0,0,1,0,0,0,0,0,0,0,4895,0,0,0,0,0,0,0,baseline|fixed,100858.08333333331,20975.25,42072.66666666667,8725.983333333334,26722.649999999994,3670.533333333333,32062.766666666666,8578.733333333334,4.025000551158535,0.38647236491104303,0.34282060891994975,45359,0.7294252518794506,-0.12465001433012192,1245,1245,1728,931,74043.98333333334,1.2927859855886616,0.5705446132881203,1.5930811502601732,1.9902285413090783,100858.08,2.284251677572377,2.1022291661493737,3.2345344909005056,2.062806474926368,20975.25
v1|baseline|fixed|2025-10-22,2025-10-22,evaluacion,v1,baseline,fixed,,,,,,,,,,234945,72741,234945,72741,307686,65399,26703,92102,0,71030,16008,87038,0,98516,30030,128546,0,70082,16991,10060,8566744.348,4312445.335,0,0,0,0,0,0,0,2,0,0,0,0,0,0,0,5655,0,0,0,0,0,0,0,baseline|fixed,103413.85,19928.216666666664,38587.816666666666,8365.9,23314.066666666666,2662.8499999999995,41511.96666666667,8899.466666666667,4.136587440132492,0.3500962356206079,0.32238932903630096,44682,0.7972785461707175,-0.08513495367261985,1215,1215,1538,1302,76666.06666666668,1.271891047475749,0.6948095448088322,2.046658526611974,1.3731951991353497,103413.85,2.6501510002985724,2.191886109085693,5.011604108380121,2.3743595121805052,19928.22
v1|baseline|fixed|2025-10-25,2025-10-25,evaluacion,v1,baseline,fixed,,,,,,,,,,129095,15340,129906,15340,144435,25710,5071,30781,0,37550,6051,43601,0,65835,4218,70053,0,54710,2619,872,859670.01,199242.833,0,0,0,0,0,0,0,0,0,0,0,0,0,0,0,379,0,0,0,0,0,0,0,baseline|fixed,124275.46666666667,15759.833333333332,26297.4,5190.383333333333,35861.78333333333,5498.883333333334,62116.283333333326,5070.566666666666,1.4836948110808958,0.5390771815790055,0.5741858459905816,45231,0.6144458446640578,-0.4925383033760032,1252,1252,1978,1978,99201.46666666665,0.03878105198558894,-0.022336808962102772,0.047075647381358166,0.05986701822951966,124275.47,-0.02663945261688462,-0.023000870199054,0.10040523378989051,-0.16814031304850854,15962.08
v1|baseline|fixed|2025-11-07,2025-11-07,evaluacion,v1,baseline,fixed,,,,,,,,,,233515,52474,233515,52474,285989,58848,17894,76742,0,76834,11561,88395,0,97833,23019,120852,0,63666,14436,6967,6805580.427,2512299.032,0,0,0,0,0,0,0,0,0,0,0,0,0,0,0,4453,0,0,0,0,0,0,0,baseline|fixed,98169.2,8708.583333333332,32922.86666666667,3373.1666666666665,27061.8,1589.8333333333328,38184.53333333333,3745.583333333333,4.173218104455565,0.2578319627857757,0.3259772040829824,45359,0.8630922198461165,-0.00337309023567539,1393,1393,1644,1534,73431.45,1.3786992254189705,0.7874506675198392,1.8392050787456857,1.5621106626068495,98169.2,5.025549505755817,4.3048075497801275,6.271831428870954,5.145638196097627,8708.58
v1|baseline|fixed|2025-11-12,2025-11-12,evaluacion,v1,baseline,fixed,,,,,,,,,,247505,72504,247505,72504,320009,61932,24545,86477,0,73877,15663,89540,0,111696,32296,143992,0,66498,16712,9608,8712306.764,4023892.577,0,0,0,0,0,0,0,0,0,0,0,0,0,0,0,6087,0,0,0,0,0,0,0,baseline|fixed,119556.13333333333,19196.966666666667,41379.51666666666,6445.866666666667,27446.616666666665,2943.25,50730.0,9807.85,3.9064424497216224,0.414793773434837,0.32175889103510963,44005,0.861902056584479,-0.13457561640722646,1345,1345,1686,1465,87631.21666666667,1.070199103127011,0.49668253737457074,1.691661449468271,1.2017740981667653,119556.13,2.7768466893207084,2.807866539798113,4.321668223902149,2.2928725459708295,19196.97
v1|baseline|fixed|2025-11-15,2025-11-15,evaluacion,v1,baseline,fixed,,,,,,,,,,90567,30108,90567,30108,120675,17723,7815,25538,0,34944,8918,43862,0,37900,13375,51275,0,37201,1970,1665,636959.813,411131.915,0,0,0,0,0,0,0,0,0,0,0,0,0,0,0,241,0,0,0,0,0,0,0,baseline|fixed,66458.65,16926.05,15893.833333333334,6090.333333333334,29860.283333333333,5147.666666666667,20704.533333333336,5688.05,1.8880533548184952,0.4252719215791594,0.509332617161273,44682,0.5440222013338705,-0.23955955418289243,1539,1539,2015,1593,49744.0,0.36275714297536904,0.11508656397135153,0.1702501148403928,0.8305169882280207,66458.65,0.7787965886902143,0.2831809972086912,0.7324354076280515,1.3514209614894384,16926.05
v1|baseline|fixed|2025-11-19,2025-11-19,evaluacion,v1,baseline,fixed,,,,,,,,,,261173,64958,261173,64958,326131,74780,23509,98289,0,79078,11690,90768,0,107315,29759,137074,0,65368,16399,8430,8376937.065,3693969.158,0,0,0,0,0,0,0,25,0,0,0,0,0,0,0,5569,0,0,0,0,0,0,0,baseline|fixed,124556.03333333334,20095.633333333335,47124.01666666666,7291.9333333333325,33543.799999999996,2763.4500000000003,43888.21666666667,10040.25,3.700275081274013,-0.04846886580125946,0.3305067406279128,43987,1.056675836042467,0.43176393025211995,2207,2207,2364,1680,103551.85,1.0968313859277792,0.5868766138709881,1.3574550289472276,1.445189350368531,124556.03,2.2324435325087206,2.223973523254007,3.230219472036765,1.963970020666816,20095.63
v1|baseline|fixed|2025-11-24,2025-11-24,evaluacion,v1,baseline,fixed,,,,,,,,,,266364,61303,266364,61303,327667,75511,21127,96638,0,83727,14261,97988,0,107126,25915,133041,0,59282,16669,7184,8740486.739,2958447.568,0,0,0,0,0,0,0,0,0,0,0,0,0,0,0,5823,0,0,0,0,0,0,0,baseline|fixed,111365.68333333335,14041.9,47824.98333333334,4739.716666666667,28216.283333333336,3084.683333333333,35324.416666666664,6217.499999999999,4.181729348937621,-0.18404726735598229,0.3112828087717305,44005,1.1681399840927167,0.6666969662538348,2052,2052,2147,1241,88092.76666666666,1.3917960365109476,0.5789027980145661,1.9673291485944577,2.0326332352739964,111365.68,3.365719738781789,3.457439439066329,3.6231649926248517,3.1680739847205475,14041.9
v1|ecobici_stock|fixed|2025-09-03,2025-09-03,evaluacion,v1,ecobici_stock,fixed,,,,,,,,,,39513,15702,40565,15702,55215,16896,9120,26016,2211,11127,2986,14113,2680,11490,3596,15086,959,57328,189,197,38265.679,32161.93,5850,663,8741,8443,8443,298,292,1,0,0,0,0,0,0,17184,0,0,0,0,0,-515,344,5899,ecobici_stock|fixed,79055.15000000001,16906.283333333333,35512.566666666666,9544.816666666668,22898.18333333333,3504.433333333334,20644.4,3857.0333333333324,1.2365359477124183,0.791437908496732,0.43117647058823527,45900,0.8498039215686275,-0.6698474945533769,426,426,1223,985,55398.316666666666,-0.5001843649654704,-0.5242247579964651,-0.5140662541642677,-0.44343260157718317,79267.43,-0.07123288481501451,-0.044507577411125494,-0.14793642338751878,-0.06767723034110823,17029.45
v1|ecobici_stock|fixed|2025-09-15,2025-09-15,evaluacion,v1,ecobici_stock,fixed,,,,,,,,,,72545,18496,72545,18496,91041,28479,6882,35361,1639,27869,5437,33306,1697,16197,6177,22374,561,41531,889,216,196822.786,41516.183,3897,621,6100,5853,5853,247,306,1,0,0,0,0,0,0,11953,6,0,0,0,0,-338,320,3980,ecobici_stock|fixed,68787.98333333334,18852.983333333334,28973.233333333334,6768.366666666666,22407.166666666668,5768.250000000001,17407.583333333332,6316.366666666665,1.1049201694362984,-0.32955360052134247,0.509742587161942,46035,0.9689801238188335,0.4621049201694363,1938,1938,2005,1703,55319.833333333336,0.05461733989875648,-0.017058273325839837,0.2437538585125294,-0.06954344610347017,68787.98,-0.01893511106553429,0.016788885550920823,-0.057426429159623954,-0.022064372450406353,18852.98
v1|ecobici_stock|fixed|2025-09-26,2025-09-26,evaluacion,v1,ecobici_stock,fixed,,,,,,,,,,102385,32069,103110,32069,134454,35148,10012,45160,2391,31661,8594,40255,1864,35576,13463,49039,930,56810,736,281,190060.359,78635.218,5185,622,7237,7013,7013,224,286,1,0,0,0,0,0,0,14250,20,0,0,0,0,-426,293,5287,ecobici_stock|fixed,132338.15,32065.299999999996,42586.5,10066.633333333333,35953.5,8411.25,53798.15,13587.416666666666,1.0123564218586842,0.16933518969718064,0.5262791507135398,45968,0.7970544726766446,-0.012508701705534284,1760,1760,1957,1957,106880.79999999999,-0.22633798341596884,-0.17466802860061287,-0.11939032361244385,-0.3387133200676975,132406.75,0.00011538953323388106,-0.005427170288643328,0.02172685391588646,-0.00915675655784453,32065.3
v1|ecobici_stock|fixed|2025-09-28,2025-09-28,evaluacion,v1,ecobici_stock,fixed,,,,,,,,,,61679,8898,61679,8898,70577,27570,2836,30406,1297,23780,3038,26818,1480,10329,3024,13353,608,37009,210,40,48317.324,8572.086,3385,611,3661,3616,3616,45,91,1,0,0,0,0,0,0,7277,2,0,0,0,0,-239,110,3435,ecobici_stock|fixed,78701.98333333334,10229.666666666668,28639.85,3073.6,31494.15,4408.483333333333,18567.983333333334,2747.583333333333,0.5654666108159351,0.260345245706475,0.6798871227319826,45359,0.44848872329636896,-0.22586476774179326,1208,1208,1530,1529,61843.43333333335,-0.2162967515219333,-0.03735529341110371,-0.24493913949098486,-0.4437198798289888,78701.98,-0.13017693636156288,-0.07730348776678811,-0.3108741101437001,0.10060356070486197,10229.67
v1|ecobici_stock|fixed|2025-10-07,2025-10-07,evaluacion,v1,ecobici_stock,fixed,,,,,,,,,,97383,21364,98227,21364,118747,29557,5972,35529,2425,24575,2540,27115,1922,43251,12852,56103,1083,67224,1203,703,278899.805,182992.32,5430,654,8598,8266,8266,332,620,0,0,0,0,0,0,0,16864,15,0,0,0,0,-430,509,5548,ecobici_stock|fixed,121911.66666666666,21653.816666666666,42095.98333333334,6467.950000000001,28122.716666666664,3287.7166666666662,51692.96666666667,11898.150000000001,1.0425550430771908,0.25628752937081195,0.5265425115307633,45964,0.7626620833695936,-0.07225219737185623,956,956,1262,1062,82816.34999999999,-0.20120032263797552,-0.297866502702752,-0.12615127865195563,-0.16330977328314814,122231.37,-0.013384091642043044,-0.07667808192704036,-0.22742734319157662,0.08016792526569243,21731.72
v1|ecobici_stock|fixed|2025-10-11,2025-10-11,evaluacion,v1,ecobici_stock,fixed,,,,,,,,,,30849,11401,30849,11401,42250,9419,3095,12514,1508,13678,4766,18444,1825,7752,3540,11292,469,39391,114,35,26032.827,7799.601,3802,619,3161,3153,3153,8,64,1,0,0,0,0,0,0,6314,0,0,0,0,0,-136,57,3846,ecobici_stock|fixed,53217.46666666666,13094.033333333336,11254.166666666666,3202.5166666666664,24385.483333333334,5736.266666666666,17577.816666666666,4155.250000000001,0.757071364007143,0.47157124275226525,0.5638351815516215,45359,0.6646090081350999,-0.45441918913556295,622,622,1246,1185,34222.71666666667,-0.4203218993262863,-0.16306553128470933,-0.43909252020840267,-0.5589895976842023,53217.47,-0.12929807724128822,-0.033572554917746904,-0.1691460183162103,-0.14806570001804964,13094.03
v1|ecobici_stock|fixed|2025-10-13,2025-10-13,evaluacion,v1,ecobici_stock,fixed,,,,,,,,,,86674,19733,86674,19733,106407,32614,7103,39717,2016,22744,2326,25070,2144,31316,10304,41620,1212,64565,1294,866,339776.034,202785.443,5372,651,8533,8191,8191,342,563,3,0,0,0,0,0,0,16724,63,0,0,0,0,-409,408,5476,ecobici_stock|fixed,103045.11666666667,18122.0,41997.11666666667,7367.316666666667,24377.3,2792.3999999999996,36670.7,7962.283333333335,1.1269224085498306,0.2400947084890086,0.4946129116343731,46036,0.8507906855504388,-0.00805891041793379,1385,1385,1659,1380,81052.79999999999,-0.15887328964481093,-0.2234228778404232,-0.06700085735499826,-0.1460212103941293,103045.12,0.0888974726851341,-0.035876924886718134,-0.16702478154992112,0.29410114770260604,18122.0
v1|ecobici_stock|fixed|2025-10-15,2025-10-15,evaluacion,v1,ecobici_stock,fixed,,,,,,,,,,74860,19931,74860,19931,94791,27580,7753,35333,2324,17234,3128,20362,2516,30046,9050,39096,1185,63833,888,394,205307.759,61253.393,6025,655,8953,8649,8649,304,467,1,0,0,0,0,0,0,17602,15,0,0,0,0,-359,335,6149,ecobici_stock|fixed,100858.08333333331,20975.25,42072.66666666667,8725.983333333334,26722.649999999994,3670.533333333333,32062.766666666666,8578.733333333334,1.071893119336846,0.3284023016380432,0.4992834939041866,45359,0.7294252518794506,-0.12465001433012192,1245,1245,1728,931,74043.98333333334,-0.2577689608418428,-0.3444675085962383,-0.3550789311688772,-0.06290058146364993,100858.08,-0.049784865496239616,-0.11150414757458092,-0.14780776635547957,0.05493429488424861,20975.25
v1|ecobici_stock|fixed|2025-10-22,2025-10-22,evaluacion,v1,ecobici_stock,fixed,,,,,,,,,,82729,21210,82729,21210,103939,28752,8042,36794,2326,21021,2511,23532,2851,32956,10657,43613,948,70082,1324,887,344258.342,234589.503,6125,660,9311,8928,8928,383,614,2,0,0,0,0,0,0,18239,53,0,0,0,0,-412,414,6247,ecobici_stock|fixed,103413.85,19928.216666666664,38587.816666666666,8365.9,23314.066666666666,2662.8499999999995,41511.96666666667,8899.466666666667,1.155297435208809,0.3125419632066604,0.4908016651000403,44682,0.7972785461707175,-0.08513495367261985,1215,1215,1538,1302,76666.06666666668,-0.2000201133600577,-0.2548943556882591,-0.09835549925509918,-0.20610843941385576,103413.85,0.06432002194543265,-0.038716695155332916,-0.057025367557316214,0.19748748988703435,19928.22
v1|ecobici_stock|fixed|2025-10-25,2025-10-25,evaluacion,v1,ecobici_stock,fixed,,,,,,,,,,79696,13427,80507,13427,93123,23091,5045,28136,1117,22632,4738,27370,1268,33973,3644,37617,955,54710,142,95,34337.6,17712.136,3340,588,2666,2775,2666,-109,91,0,0,0,0,0,0,0,5441,3,0,0,0,0,-114,34,3402,ecobici_stock|fixed,124275.46666666667,15759.833333333332,26297.4,5190.383333333333,35861.78333333333,5498.883333333334,62116.283333333326,5070.566666666666,0.6690544095863457,0.5020450575932436,0.6161039994693904,45231,0.6144458446640578,-0.4925383033760032,1252,1252,1978,1978,99201.46666666665,-0.35871494078745503,-0.12192840356841365,-0.3689103581482051,-0.45307416707964654,124275.47,-0.1480239850252223,-0.028010134126252695,-0.13837051765055342,-0.28134265072279874,15962.08
v1|ecobici_stock|fixed|2025-11-07,2025-11-07,evaluacion,v1,ecobici_stock,fixed,,,,,,,,,,83108,8217,83108,8217,91325,27650,3467,31117,2263,24207,1575,25782,2123,31251,3175,34426,1063,63666,1059,209,256810.411,34385.893,5449,643,7935,7829,7829,106,363,0,0,0,0,0,0,0,15764,19,0,0,0,0,-497,261,5536,ecobici_stock|fixed,98169.2,8708.583333333332,32922.86666666667,3373.1666666666665,27061.8,1589.8333333333328,38184.53333333333,3745.583333333333,1.1238563460393747,0.18234528979915782,0.4798165744394718,45359,0.8630922198461165,-0.00337309023567539,1393,1393,1644,1534,73431.45,-0.15342082852870348,-0.16015818792612233,-0.10549187415471252,-0.18157962735348343,98169.2,-0.05644814024477753,0.027817579919956564,-0.009330118461054287,-0.15233497230070966,8708.58
v1|ecobici_stock|fixed|2025-11-12,2025-11-12,evaluacion,v1,ecobici_stock,fixed,,,,,,,,,,90976,20615,90976,20615,111591,29399,6151,35550,2899,22438,2347,24785,2360,39139,12117,51256,943,66498,1177,973,301859.687,232959.162,6202,667,9019,8683,8683,336,494,0,0,0,0,0,0,0,17702,49,0,0,0,0,-534,447,6312,ecobici_stock|fixed,119556.13333333333,19196.966666666667,41379.51666666666,6445.866666666667,27446.616666666665,2943.25,50730.0,9807.85,1.200704465401659,0.38852403136007274,0.46771957732075903,44005,0.861902056584479,-0.13457561640722646,1345,1345,1686,1465,87631.21666666667,-0.23905200458139048,-0.28952770916045006,-0.18248575871828762,-0.2284841316775084,119556.13,0.07386757282834612,-0.04574507694853552,-0.2025821795634078,0.23543895960888467,19196.97
v1|ecobici_stock|fixed|2025-11-15,2025-11-15,evaluacion,v1,ecobici_stock,fixed,,,,,,,,,,51344,16144,51344,16144,67488,14727,6056,20783,1151,20723,4671,25394,1488,15894,5417,21311,682,37201,293,162,72752.177,38968.149,3321,595,2848,2890,2848,-42,87,0,0,0,0,0,0,0,5738,0,0,0,0,0,-251,0,3378,ecobici_stock|fixed,66458.65,16926.05,15893.833333333334,6090.333333333334,29860.283333333333,5147.666666666667,20704.533333333336,5688.05,0.6175641197797771,0.2639989257419095,0.6370798084239738,44682,0.5440222013338705,-0.23955955418289243,1539,1539,2015,1593,49744.0,-0.22742938654336187,-0.07341421725407132,-0.3060012268247064,-0.2323420313747715,66458.65,-0.046203928264420775,-0.005637348804115911,-0.09259858835718454,-0.047652534699941136,16926.05
v1|ecobici_stock|fixed|2025-11-19,2025-11-19,evaluacion,v1,ecobici_stock,fixed,,,,,,,,,,117966,21919,117966,21919,139885,44056,7085,51141,2806,31105,2824,33929,2565,42805,12010,54815,925,65368,2221,914,613659.177,274121.812,6296,664,8825,8412,8412,413,682,25,0,0,0,0,0,0,17237,156,0,0,0,0,-569,532,6524,ecobici_stock|fixed,124556.03333333334,20095.633333333335,47124.01666666666,7291.9333333333325,33543.799999999996,2763.4500000000003,43888.21666666667,10040.25,1.215995635073999,-0.07115738740991656,0.4693432150408075,43987,1.056675836042467,0.43176393025211995,2207,2207,2364,1680,103551.85,-0.052908182421780234,-0.06510516046134995,-0.07270494100251003,-0.024681264105437577,124556.03,0.09073447133622718,-0.02837839073313879,0.021911017025819074,0.19618535395034983,20095.63
v1|ecobici_stock|fixed|2025-11-24,2025-11-24,evaluacion,v1,ecobici_stock,fixed,,,,,,,,,,122608,16736,122608,16736,139344,46369,4953,51322,2252,37939,3348,41287,2010,38300,8435,46735,965,59282,2488,681,652677.739,140972.534,5227,654,8431,8060,8060,371,785,0,0,0,0,0,0,0,16491,84,0,0,0,0,-617,507,5409,ecobici_stock|fixed,111365.68333333335,14041.9,47824.98333333334,4739.716666666667,28216.283333333336,3084.683333333333,35324.416666666664,6217.499999999999,1.354868764913078,-0.31607771844108623,0.45433473468923985,44005,1.1681399840927167,0.6666969662538348,2052,2052,2147,1241,88092.76666666666,0.10094955941694173,-0.030443990396929996,0.3445782193142611,0.08423588028110875,111365.68,0.19186150022432866,0.0449991736496203,0.08536262501283236,0.35665460394049076,14041.9
v1|ecobici_t1|auto|2025-09-03,2025-09-03,evaluacion,v1,ecobici_t1,auto,,,,,,,,,,76312,16769,77361,16769,93081,34740,9787,44527,1158,21994,3297,25291,1430,19578,3685,23263,503,57328,1605,716,420216.122,151993.449,3091,612,7641,6830,6830,811,180,1,0,0,3285,195,615,22,14471,108,0,0,80,0,-393,819,3115,ecobici_t1|auto,79055.15000000001,16906.283333333333,35512.566666666666,9544.816666666668,22898.18333333333,3504.433333333334,20644.4,3857.0333333333324,0.606644880174292,0.1329193899782135,0.7171459694989106,45900,0.07660130718954249,-0.07660130718954249,892,426,1223,985,55398.316666666666,-0.034699194170145886,-0.021754740340743203,-0.03948712088513561,-0.0516556548022709,79267.43,-0.008120255092534601,0.025373282881284515,-0.05919169052533471,-0.044602501058671806,17029.45
v1|ecobici_t1|auto|2025-09-15,2025-09-15,evaluacion,v1,ecobici_t1,auto,,,,,,,,,,68209,18569,68209,18569,86778,29141,6908,36049,948,21730,5609,27339,686,17338,6052,23390,396,41531,442,354,95487.969,94037.034,2030,567,5385,4860,4860,525,53,1,0,0,1887,82,450,7,10245,1,0,0,12,0,-279,588,2037,ecobici_t1|auto,68787.98333333334,18852.983333333334,28973.233333333334,6768.366666666666,22407.166666666668,5768.250000000001,17407.583333333332,6316.366666666665,0.2862604540023895,0.04783317041381557,0.8260454002389487,46035,0.044726838275225375,-0.044726838275225375,1640,1938,2005,1703,55319.833333333336,-0.008416925533747593,0.0057904019457039,-0.03022098584530252,-0.0039973000272868885,68787.98,-0.015063044840825381,0.020630285002290184,-0.027608026697872125,-0.04185423054393059,18852.98
v1|ecobici_t1|auto|2025-09-26,2025-09-26,evaluacion,v1,ecobici_t1,auto,,,,,,,,,,122869,35403,123659,35403,158272,39975,10968,50943,1213,33047,9226,42273,675,49847,15209,65056,539,56810,1483,950,416861.639,293666.142,2427,552,6079,5420,5420,659,194,1,0,0,2109,171,573,12,11499,127,0,0,47,0,-339,709,2468,ecobici_t1|auto,132338.15,32065.299999999996,42586.5,10066.633333333333,35953.5,8411.25,53798.15,13587.416666666666,0.5440958927949878,0.0997432996867386,0.7480421162547859,45968,0.07620518621649844,-0.07620518621649844,1846,1760,1957,1957,106880.79999999999,-0.07155268529898592,-0.06132225000880561,-0.08084053012919465,-0.07344397530398353,132406.75,0.10409071488493807,0.08954003158950859,0.09686431862089463,0.11934449153322013,32065.3
v1|ecobici_t1|auto|2025-09-28,2025-09-28,evaluacion,v1,ecobici_t1,auto,,,,,,,,,,73259,9177,73259,9177,82436,28495,2807,31302,593,28416,3395,31811,582,16348,2975,19323,303,37009,259,86,51411.415,19001.424,1478,533,2876,2541,2541,335,25,1,0,0,1113,68,325,15,5417,0,0,0,1,0,-161,382,1481,ecobici_t1|auto,78701.98333333334,10229.666666666668,28639.85,3073.6,31494.15,4408.483333333333,18567.983333333334,2747.583333333333,0.19876981414934192,0.04700279988535903,0.8550673515730065,45359,0.04876650719813047,-0.04876650719813047,1477,1208,1530,1529,61843.43333333335,-0.06915941762585827,-0.0050576382208705195,-0.09773719881311295,-0.11955974396788739,78701.98,-0.10290332040796388,-0.08673867777199373,-0.22989387884722248,0.08276970671195912,10229.67
v1|ecobici_t1|auto|2025-10-07,2025-10-07,evaluacion,v1,ecobici_t1,auto,,,,,,,,,,119871,22317,120430,22317,142188,42148,6197,48345,1218,28808,2628,31436,855,48915,13492,62407,639,67224,3745,1550,1184917.755,479138.456,2712,598,7479,6631,6631,848,536,0,0,0,2686,285,631,31,14110,538,0,0,73,0,-393,986,2756,ecobici_t1|auto,121911.66666666666,21653.816666666666,42095.98333333334,6467.950000000001,28122.716666666664,3287.7166666666662,51692.96666666667,11898.150000000001,0.7514359063615003,0.15879818988773822,0.6967844399965191,45964,0.10714907318771212,-0.10714907318771212,882,956,1262,1062,82816.34999999999,-0.016738895648488582,0.0012356681694491703,0.02436760791839112,-0.053739741512223785,122231.37,0.03062662548326743,-0.041891171082027646,-0.20066104642026117,0.13395780016220996,21731.72
v1|ecobici_t1|auto|2025-10-11,2025-10-11,evaluacion,v1,ecobici_t1,auto,,,,,,,,,,49836,11872,49836,11872,61708,11304,3264,14568,483,23372,5218,28590,570,15160,3390,18550,269,39391,130,117,28805.96,26749.195,1322,477,2045,1764,1764,281,4,1,0,0,1610,42,296,3,3809,0,0,0,7,0,-89,310,1324,ecobici_t1|auto,53217.46666666666,13094.033333333336,11254.166666666666,3202.5166666666664,24385.483333333334,5736.266666666666,17577.816666666666,4155.250000000001,0.12890495822218304,0.014925373134328358,0.8938909587953879,45359,0.021142441411847703,-0.021142441411847703,1153,622,1246,1185,34222.71666666667,-0.0635405418271193,0.004427989633469139,-0.04156092866726038,-0.13754931642060206,53217.47,-0.0933274952204696,0.019198442891267882,-0.09034912370415132,-0.18416461103423398,13094.03
v1|ecobici_t1|auto|2025-10-13,2025-10-13,evaluacion,v1,ecobici_t1,auto,,,,,,,,,,97070,19715,97070,19715,116785,41566,7653,49219,1161,24411,1978,26389,961,31093,10084,41177,776,64565,2761,1251,758942.94,331075.364,2898,600,7667,6791,6791,876,277,3,0,0,3025,250,737,11,14458,244,0,0,50,0,-366,887,2929,ecobici_t1|auto,103045.11666666667,18122.0,41997.11666666667,7367.316666666667,24377.3,2792.3999999999996,36670.7,7962.283333333335,0.6971500564775394,0.19115474845772873,0.7168085845859762,46036,0.12090537839951343,-0.12090537839951343,1191,1385,1659,1380,81052.79999999999,-0.05798544229898006,-0.010265387266665574,0.0013824336575420874,-0.1521023596495294,103045.12,0.08790420483390354,0.0387771214757069,-0.29164876092250386,0.2664708825148563,18122.0
v1|ecobici_t1|auto|2025-10-15,2025-10-15,evaluacion,v1,ecobici_t1,auto,,,,,,,,,,97294,21150,97294,21150,118444,41973,8246,50219,1195,25818,3310,29128,1078,29503,9594,39097,737,63833,2063,873,540516.991,176449.176,3010,600,7776,6870,6870,906,207,1,0,0,2345,234,718,42,14646,159,0,0,68,0,-323,906,3042,ecobici_t1|auto,100858.08333333331,20975.25,42072.66666666667,8725.983333333334,26722.649999999994,3670.533333333333,32062.766666666666,8578.733333333334,0.6947904495249013,0.1942944068431844,0.7191957494653762,45359,0.10643973632575673,-0.10643973632575673,807,1245,1728,931,74043.98333333334,-0.03533760721541884,-0.0023689172701200664,-0.033853304219454074,-0.07983611312394542,100858.08,0.00833124754174563,-0.05500621706436144,-0.09822369137999916,0.11834691990270511,20975.25
v1|ecobici_t1|auto|2025-10-22,2025-10-22,evaluacion,v1,ecobici_t1,auto,,,,,,,,,,98283,21061,98283,21061,119344,37981,7869,45850,1221,24092,1973,26065,1143,36210,11219,47429,687,70082,3768,1710,1248105.297,523367.488,3051,611,8192,7052,7052,1140,426,2,0,0,3336,317,863,36,15244,541,0,0,79,0,-336,1160,3086,ecobici_t1|auto,103413.85,19928.216666666664,38587.816666666666,8365.9,23314.066666666666,2662.8499999999995,41511.96666666667,8899.466666666667,0.8384360592632379,0.23233069244886084,0.6715455888277159,44682,0.12353968040821807,-0.12353968040821807,1100,1215,1538,1302,76666.06666666668,-0.0496147276211069,-0.0157256025109825,0.03336755206441895,-0.12772140402887844,103413.85,0.05684318633629218,-0.059395880897452714,-0.2590645361173178,0.2606373415635393,19928.22
v1|ecobici_t1|auto|2025-10-25,2025-10-25,evaluacion,v1,ecobici_t1,auto,,,,,,,,,,116394,14319,117205,14319,130713,25870,5316,31186,319,33238,5079,38317,363,57286,3924,61210,499,54710,447,164,107291.164,29406.072,1181,450,1785,1460,1460,325,11,0,0,0,1755,115,437,5,3245,8,0,0,6,0,-110,365,1190,ecobici_t1|auto,124275.46666666667,15759.833333333332,26297.4,5190.383333333333,35861.78333333333,5498.883333333334,62116.283333333326,5070.566666666666,0.15319139528199685,0.047953836970219536,0.8757268245230041,45231,0.0532157148858084,-0.0532157148858084,1875,1252,1978,1978,99201.46666666665,-0.06341932867414975,-0.016252557287032232,-0.0731637718332468,-0.07776195023473437,124275.47,-0.09142440169629537,0.02420180911493373,-0.07635792721552571,-0.22612199819875475,15962.08
v1|ecobici_t1|auto|2025-11-07,2025-11-07,evaluacion,v1,ecobici_t1,auto,,,,,,,,,,92169,8031,92169,8031,100200,32567,3391,35958,1202,26074,1556,27630,923,33528,3084,36612,630,63666,1962,483,540969.567,79766.635,2755,588,7083,6127,6127,956,114,0,0,0,3513,231,972,29,13210,184,0,0,70,0,-433,966,2779,ecobici_t1|auto,98169.2,8708.583333333332,32922.86666666667,3373.1666666666665,27061.8,1589.8333333333328,38184.53333333333,3745.583333333333,0.5412817742895566,0.14136114111863135,0.7332172226019092,45359,0.09151436319142839,-0.09151436319142839,1402,1393,1644,1534,73431.45,-0.06112100332894632,-0.010809103298011774,-0.03650163699384369,-0.12194815352813006,98169.2,-0.07780637876424587,0.005286822471466027,-0.021281056714539982,-0.1766302534095712,8708.58
v1|ecobici_t1|auto|2025-11-12,2025-11-12,evaluacion,v1,ecobici_t1,auto,,,,,,,,,,110240,19175,110240,19175,129415,39594,5914,45508,1483,25669,2295,27964,979,44977,10966,55943,637,66498,3579,1417,1105985.151,403775.563,3099,632,8004,6809,6809,1195,195,0,0,0,3549,315,1012,28,14813,469,0,0,61,0,-485,1202,3142,ecobici_t1|auto,119556.13333333333,19196.966666666667,41379.51666666666,6445.866666666667,27446.616666666665,2943.25,50730.0,9807.85,0.8169071696398137,0.24860811271446426,0.6815589137598,44005,0.1489603454152937,-0.1489603454152937,1239,1345,1686,1465,87631.21666666667,-0.07792267174916997,-0.04314977096155859,-0.0647663312478708,-0.11340429726000394,119556.13,-0.0011442780022538534,-0.08251282475591595,-0.22024972394461903,0.11808398374771226,19196.97
v1|ecobici_t1|auto|2025-11-15,2025-11-15,evaluacion,v1,ecobici_t1,auto,,,,,,,,,,61298,15140,61298,15140,76438,15997,6006,22003,468,27629,4318,31947,511,17672,4816,22488,312,37201,208,91,49890.672,20189.491,1291,491,2022,1705,1705,317,5,0,0,0,1613,64,380,7,3727,3,0,0,9,0,-161,321,1293,ecobici_t1|auto,66458.65,16926.05,15893.833333333334,6090.333333333334,29860.283333333333,5147.666666666667,20704.533333333336,5688.05,0.16330961013383466,0.03019112841860257,0.8763707980842398,44682,0.03368246721274786,-0.03368246721274786,1545,1539,2015,1593,49744.0,-0.07765204378963453,0.006490987070457057,-0.07472411793368783,-0.1464671183122538,66458.65,-0.10552078009931433,-0.013847080072245733,-0.161173347147575,-0.1533126466891114,16926.05
v1|ecobici_t1|auto|2025-11-19,2025-11-19,evaluacion,v1,ecobici_t1,auto,,,,,,,,,,113840,20770,113840,20770,134610,45436,7011,52447,1444,32097,2733,34830,1056,36307,11026,47333,575,65368,3951,1406,1356259.838,407515.964,3075,630,7778,6515,6515,1263,290,25,0,0,2982,393,1228,38,14293,698,0,0,55,0,-479,1263,3117,ecobici_t1|auto,124556.03333333334,20095.633333333335,47124.01666666666,7291.9333333333325,33543.799999999996,2763.4500000000003,43888.21666666667,10040.25,0.7692045377043217,0.24063927978720986,0.6679928160592903,43987,0.1911246504649101,-0.1911246504649101,1379,2207,2364,1680,103551.85,-0.08603383590946088,-0.03582072976942747,-0.04313166665672929,-0.17273922803121416,124556.03,0.0335578707812144,-0.03852659102752803,-0.011018835151712631,0.09817982619954682,20095.63
v1|ecobici_t1|auto|2025-11-24,2025-11-24,evaluacion,v1,ecobici_t1,auto,,,,,,,,,,108496,12951,108496,12951,121447,46809,4263,51072,1380,28559,2204,30763,974,33128,6484,39612,615,59282,2723,642,841426.42,106569.496,2969,612,7894,6714,6714,1180,236,0,0,0,2989,229,1189,49,14608,383,0,0,57,0,-496,1203,3001,ecobici_t1|auto,111365.68333333335,14041.9,47824.98333333334,4739.716666666667,28216.283333333336,3084.683333333333,35324.416666666664,6217.499999999999,0.6481081695261902,0.1621633905238041,0.6989660265878878,44005,0.09851153278036587,-0.09851153278036587,1118,2052,2147,1241,88092.76666666666,-0.025768111391585306,-0.021243778095061273,0.012146059869685063,-0.062178427103066036,111365.68,-0.0776889167420363,-0.1005791485426345,-0.2855020234383863,0.04286288701246497,14041.9
v1|ecobici_undo|auto|2025-09-03,2025-09-03,evaluacion,v1,ecobici_undo,auto,,,,,,,,,,65007,15954,66035,15954,80961,31176,9230,40406,2080,18892,2857,21749,2542,14939,3867,18806,927,57328,366,252,78962.452,40371.167,5549,663,8908,7878,7878,1030,411,1,0,0,3451,29,636,1,16786,5,0,0,10,0,-350,1052,5661,ecobici_undo|auto,79055.15000000001,16906.283333333333,35512.566666666666,9544.816666666668,22898.18333333333,3504.433333333334,20644.4,3857.0333333333324,0.6844444444444444,0.2301525054466231,0.7042047930283224,45900,0.0120479302832244,-0.0120479302832244,967,426,1223,985,55398.316666666666,-0.1777006305092079,-0.12211358045086385,-0.1749563830027272,-0.2763655034779408,79267.43,-0.05632718407456002,-0.03298299775270705,-0.18474693959080415,0.0025840239908049216,17029.45
v1|ecobici_undo|auto|2025-09-15,2025-09-15,evaluacion,v1,ecobici_undo,auto,,,,,,,,,,60940,17988,60940,17988,78928,27374,6862,34236,1563,19963,5353,25316,1649,13603,5773,19376,533,41531,119,113,24764.921,25189.041,3745,622,6239,5623,5623,616,208,1,0,0,1958,11,457,0,11862,0,0,0,1,0,-251,685,3809,ecobici_undo|auto,68787.98333333334,18852.983333333334,28973.233333333334,6768.366666666666,22407.166666666668,5768.250000000001,17407.583333333332,6316.366666666665,0.4252851091560769,0.0933637449766482,0.8079504724666015,46035,0.006060606060606061,-0.006060606060606061,1693,1938,2005,1703,55319.833333333336,-0.11408945215479743,-0.055196923137102415,-0.10907968432718704,-0.21855896137219885,68787.98,-0.04588044862926205,0.013833962896021314,-0.07198890478047949,-0.08602519380867668,18852.98
v1|ecobici_undo|auto|2025-09-26,2025-09-26,evaluacion,v1,ecobici_undo,auto,,,,,,,,,,107091,31869,107816,31869,138960,38707,9817,48524,2281,28820,8584,37404,1756,39564,13468,53032,886,56810,413,267,103067.67,71694.052,4923,621,7386,6574,6574,812,333,1,0,0,2252,28,585,0,13960,18,0,0,3,0,-279,867,5068,ecobici_undo|auto,132338.15,32065.299999999996,42586.5,10066.633333333333,35953.5,8411.25,53798.15,13587.416666666666,0.5757265924121128,0.171271319178559,0.722981204316046,45968,0.015140967629655413,-0.015140967629655413,1933,1760,1957,1957,106880.79999999999,-0.19077756489719702,-0.09109694386718796,-0.19840905614196114,-0.2645843769720706,132406.75,-0.006121882533455033,-0.02479809535793164,0.020537969980680637,-0.0087887690203558,32065.3
v1|ecobici_undo|auto|2025-09-28,2025-09-28,evaluacion,v1,ecobici_undo,auto,,,,,,,,,,69749,8913,69749,8913,78662,27747,2862,30609,1222,26801,3017,29818,1398,15201,3034,18235,578,37009,189,56,36523.003,12838.381,3198,610,3718,3334,3334,384,188,1,0,0,1172,9,340,0,7052,1,0,0,0,0,-162,436,3279,ecobici_undo|auto,78701.98333333334,10229.666666666668,28639.85,3073.6,31494.15,4408.483333333333,18567.983333333334,2747.583333333333,0.3037985846248815,0.044842258427214,0.8232324345774819,45359,0.005555678035230054,-0.005555678035230054,1520,1208,1530,1529,61843.43333333335,-0.11375803955808826,-0.0311750934449726,-0.14901656339351915,-0.1813327421125432,78701.98,-0.12871061292319735,-0.06884435190005203,-0.31563765316113995,0.1042431227442299,10229.67
v1|ecobici_undo|auto|2025-10-07,2025-10-07,evaluacion,v1,ecobici_undo,auto,,,,,,,,,,97656,21671,98446,21671,119327,37184,5955,43139,2285,23659,2463,26122,1794,36813,13253,50066,1035,67224,671,665,154972.515,172992.054,5114,653,8759,7766,7766,993,641,0,0,0,2927,44,659,3,16525,15,0,0,11,0,-301,1150,5276,ecobici_undo|auto,121911.66666666666,21653.816666666666,42095.98333333334,6467.950000000001,28122.716666666664,3287.7166666666662,51692.96666666667,11898.150000000001,0.6747454529631886,0.22944043164215472,0.7092942302671656,45964,0.015120529109738056,-0.015120529109738056,1033,956,1262,1062,82816.34999999999,-0.19896099634981607,-0.11668532112525391,-0.15872281186680035,-0.2878528284634467,122231.37,0.0007935475578208755,-0.07930642630199687,-0.25084785286647765,0.11387064375554169,21731.72
v1|ecobici_undo|auto|2025-10-11,2025-10-11,evaluacion,v1,ecobici_undo,auto,,,,,,,,,,43925,10744,43925,10744,54669,11137,3120,14257,1445,21296,4390,25686,1722,11492,3234,14726,425,39391,107,44,24821.825,9445.0,3592,617,3194,2858,2858,336,109,1,0,0,1649,3,299,0,6052,0,0,0,0,0,-84,371,3672,ecobici_undo|auto,53217.46666666666,13094.033333333336,11254.166666666666,3202.5166666666664,24385.483333333334,5736.266666666666,17577.816666666666,4155.250000000001,0.2554289115721246,0.03787561454176679,0.825018188231663,45359,0.001278687801759298,-0.001278687801759298,1182,622,1246,1185,34222.71666666667,-0.17461309695313057,-0.010410958904109535,-0.12669354513511796,-0.34622142112833504,53217.47,-0.1794736024805193,-0.025766194295111584,-0.23469387755102036,-0.2217074784910657,13094.03
v1|ecobici_undo|auto|2025-10-13,2025-10-13,evaluacion,v1,ecobici_undo,auto,,,,,,,,,,83545,19499,83545,19499,103044,37796,7076,44872,1894,20833,2309,23142,2010,24916,10114,35030,1161,64565,807,764,234706.172,162893.643,5065,651,8743,7714,7714,1029,554,3,0,0,3231,44,746,2,16457,69,0,0,3,0,-309,1063,5205,ecobici_undo|auto,103045.11666666667,18122.0,41997.11666666667,7367.316666666667,24377.3,2792.3999999999996,36670.7,7962.283333333335,0.7136371535320184,0.26086106525328007,0.6970848900860196,46036,0.02330784603353897,-0.02330784603353897,1341,1385,1659,1380,81052.79999999999,-0.18923862961644472,-0.10003345467764259,-0.14539346030938616,-0.32054746705135156,103045.12,0.07598499061913697,-0.03954175988996445,-0.17311273456524842,0.27023864594954944,18122.0
v1|ecobici_undo|auto|2025-10-15,2025-10-15,evaluacion,v1,ecobici_undo,auto,,,,,,,,,,80855,20647,80855,20647,101502,37349,7866,45215,2180,21602,3294,24896,2396,21904,9487,31391,1141,63833,418,394,87775.251,60639.417,5717,654,9124,8104,8104,1020,467,1,0,0,2547,32,758,2,17228,3,0,0,7,0,-246,1033,5884,ecobici_undo|auto,100858.08333333331,20975.25,42072.66666666667,8725.983333333334,26722.649999999994,3670.533333333333,32062.766666666666,8578.733333333334,0.6558786569368813,0.25719261888489603,0.7038955885270839,45359,0.014793095085870499,-0.014793095085870499,908,1245,1728,931,74043.98333333334,-0.19832900519459257,-0.11227400212331057,-0.19162208837821082,-0.3168399898948209,100858.08,-0.015649396312320474,-0.09855431766047382,-0.10258273093828314,0.10587421608473664,20975.25
v1|ecobici_undo|auto|2025-10-22,2025-10-22,evaluacion,v1,ecobici_undo,auto,,,,,,,,,,81421,21112,81421,21112,102533,34327,7798,42125,2209,18799,2578,21377,2705,28295,10736,39031,899,70082,875,826,219173.287,215242.076,5813,659,9593,8346,8346,1247,605,2,0,0,3576,77,893,6,17939,37,0,0,11,0,-277,1272,5960,ecobici_undo|auto,103413.85,19928.216666666664,38587.816666666666,8365.9,23314.066666666666,2662.8499999999995,41511.96666666667,8899.466666666667,0.7614251824000716,0.27684526207421334,0.6792220580994583,44682,0.03128776688599436,-0.03128776688599436,1242,1215,1538,1302,76666.06666666668,-0.2126683224732471,-0.1104187029671282,-0.19366276725639167,-0.31838931585189495,103413.85,0.05940237167901811,-0.06788271435231112,-0.03186435585932346,0.20636442633266405,19928.22
v1|ecobici_undo|auto|2025-10-25,2025-10-25,evaluacion,v1,ecobici_undo,auto,,,,,,,,,,108985,13381,109796,13381,122366,25218,4981,30199,1044,31691,4707,36398,1187,52076,3693,55769,811,54710,299,163,69359.083,30052.221,3042,584,2728,2329,2329,399,181,0,0,0,1848,22,442,0,5057,5,0,0,1,0,-107,444,3172,ecobici_undo|auto,124275.46666666667,15759.833333333332,26297.4,5190.383333333333,35861.78333333333,5498.883333333334,62116.283333333326,5070.566666666666,0.23183215051623887,0.05916296345426809,0.840905573611019,45231,0.010170016139373439,-0.010170016139373439,1958,1252,1978,1978,99201.46666666665,-0.12303688794570347,-0.04104588286294468,-0.11630161541510994,-0.16163689767873524,124275.47,-0.15094279761841806,-0.04034062994704949,-0.14400802587191958,-0.27167903653109104,15962.08
v1|ecobici_undo|auto|2025-11-07,2025-11-07,evaluacion,v1,ecobici_undo,auto,,,,,,,,,,75598,8386,75598,8386,83984,29448,3358,32806,2117,21511,1844,23355,1980,24639,3184,27823,936,63666,517,177,126268.749,25545.244,5033,643,8212,7132,7132,1080,366,0,0,0,3711,33,999,2,15344,20,0,0,11,0,-343,1098,5165,ecobici_undo|auto,98169.2,8708.583333333332,32922.86666666667,3373.1666666666665,27061.8,1589.8333333333328,38184.53333333333,3745.583333333333,0.6253665204259353,0.21270310192023634,0.7180052470292555,45359,0.012125487775303688,-0.012125487775303688,1514,1393,1644,1534,73431.45,-0.2299214010096853,-0.10554568962200543,-0.2051156981427695,-0.35473874238784286,98169.2,-0.03704199879429285,-0.004496269578536444,0.15987000733829582,-0.14993214230093213,8708.58
v1|ecobici_undo|auto|2025-11-12,2025-11-12,evaluacion,v1,ecobici_undo,auto,,,,,,,,,,88526,20203,88526,20203,108729,35211,6038,41249,2731,20371,2330,22701,2194,32944,11835,44779,842,66498,792,930,206879.144,208064.662,5767,666,9326,7968,7968,1358,502,0,0,0,3800,64,1040,0,17294,32,0,0,12,0,-367,1370,5930,ecobici_undo|auto,119556.13333333333,19196.966666666667,41379.51666666666,6445.866666666667,27446.616666666665,2943.25,50730.0,9807.85,0.7726849221679355,0.3275991364617657,0.6626746960572663,44005,0.03195091466878764,-0.03195091466878764,1413,1345,1686,1465,87631.21666666667,-0.2595444706029302,-0.14907174282283778,-0.2577955874342739,-0.3506012221565149,119556.13,0.052405848840702235,-0.06327569088201226,-0.2083581075341884,0.20668648072717258,19196.97
v1|ecobici_undo|auto|2025-11-15,2025-11-15,evaluacion,v1,ecobici_undo,auto,,,,,,,,,,57983,14433,57983,14433,72416,15351,5891,21242,1090,26355,3997,30352,1385,16277,4545,20822,650,37201,149,52,35170.888,10217.67,3125,593,2931,2591,2591,340,114,0,0,0,1670,7,387,0,5522,2,0,0,1,0,-155,352,3197,ecobici_undo|auto,66458.65,16926.05,15893.833333333334,6090.333333333334,29860.283333333333,5147.666666666667,20704.533333333336,5688.05,0.2458708204646166,0.02502126135804127,0.8384360592632379,44682,0.0034018172866031064,-0.0034018172866031064,1587,1539,2015,1593,49744.0,-0.1275326838568041,-0.034153707412728246,-0.11738948670391047,-0.21384366708740127,66458.65,-0.14729071460854715,-0.032729461988944324,-0.22353169720909155,-0.20095639103031798,16926.05
v1|ecobici_undo|auto|2025-11-19,2025-11-19,evaluacion,v1,ecobici_undo,auto,,,,,,,,,,98258,20871,98258,20871,119129,42601,7020,49621,2659,26185,2758,28943,2456,29472,11093,40565,814,65368,931,693,244356.044,198634.444,5929,664,9179,7763,7763,1416,651,25,0,0,3296,79,1261,5,16942,58,0,0,11,0,-406,1416,6127,ecobici_undo|auto,124556.03333333334,20095.633333333335,47124.01666666666,7291.9333333333325,33543.799999999996,2763.4500000000003,43888.21666666667,10040.25,0.79607611339714,0.23895696455771023,0.6402800827517221,43987,0.03994361970582218,-0.03994361970582218,1616,2207,2364,1680,103551.85,-0.21113415889662515,-0.09598113629957258,-0.21937884199166452,-0.3284757905785646,124556.03,0.03858383827995791,-0.037292350451183384,-0.001972172465577547,0.1048529668085954,20095.63
v1|ecobici_undo|auto|2025-11-24,2025-11-24,evaluacion,v1,ecobici_undo,auto,,,,,,,,,,89603,14380,89603,14380,103983,43223,4717,47940,2123,22236,2586,24822,1936,24144,7077,31221,897,59282,503,479,132998.817,78146.503,4956,654,8825,7473,7473,1352,630,0,0,0,3189,29,1233,5,16298,26,0,0,4,0,-409,1389,5085,ecobici_undo|auto,111365.68333333335,14041.9,47824.98333333334,4739.716666666667,28216.283333333336,3084.683333333333,35324.416666666664,6217.499999999999,0.7460743097375299,0.24585842517895692,0.6860356777638905,44005,0.011385069878422907,-0.011385069878422907,1221,2052,2147,1241,88092.76666666666,-0.1954164216655012,-0.09622550835529137,-0.21194440326123754,-0.3165067599606504,111365.68,0.024077938170760392,-0.00479283220164366,-0.16166435236464025,0.13823884197828726,14041.9
v1|ecobici|auto|2025-09-03,2025-09-03,evaluacion,v1,ecobici,auto,,,,,,,,,,68320,16660,69355,16660,84980,32210,9525,41735,1198,19878,3004,22882,1440,16232,4131,20363,442,57328,354,250,75983.02,39866.448,3080,613,7648,6664,6664,984,339,1,0,0,3415,65,636,1,14312,5,0,0,38,0,-378,997,3115,ecobici|auto,79055.15000000001,16906.283333333333,35512.566666666666,9544.816666666668,22898.18333333333,3504.433333333334,20644.4,3857.0333333333324,0.6178867102396515,0.19156862745098038,0.7642265795206972,45900,0.02259259259259259,-0.02259259259259259,959,426,1223,985,55398.316666666666,-0.13579317729458495,-0.09299712683866836,-0.13189619846115874,-0.21373350642304942,79267.43,-0.014567562158842296,-0.0020761704869485024,-0.14280007228938596,0.07103041197466127,17029.45
v1|ecobici|auto|2025-09-15,2025-09-15,evaluacion,v1,ecobici,auto,,,,,,,,,,62319,18019,62319,18019,80338,27728,6880,34608,970,20516,5313,25829,705,14075,5826,19901,350,41531,103,111,21243.701,25576.385,2025,566,5365,4777,4777,588,156,1,0,0,1937,32,457,0,10142,0,0,0,6,0,-261,652,2037,ecobici|auto,68787.98333333334,18852.983333333334,28973.233333333334,6768.366666666666,22407.166666666668,5768.250000000001,17407.583333333332,6316.366666666665,0.38251330509395026,0.07535570761377212,0.848528293689584,46035,0.018855218855218854,-0.018855218855218854,1677,1938,2005,1703,55319.833333333336,-0.09404234605898952,-0.04297874935141286,-0.08440008033144163,-0.19144434178590744,68787.98,-0.044236146533837714,0.016493393285430872,-0.0789234169808869,-0.07763429397702241,18852.98
v1|ecobici|auto|2025-09-26,2025-09-26,evaluacion,v1,ecobici,auto,,,,,,,,,,113664,31854,114420,31854,145518,39527,9933,49460,1234,30733,8334,39067,692,43404,13587,56991,505,56810,416,240,110914.658,65334.809,2431,552,6106,5365,5365,741,222,1,0,0,2211,69,585,0,11471,28,0,0,20,0,-303,791,2468,ecobici|auto,132338.15,32065.299999999996,42586.5,10066.633333333333,35953.5,8411.25,53798.15,13587.416666666666,0.5162721893491125,0.12643578141315698,0.777171075530804,45968,0.03395840584754612,-0.03395840584754612,1909,1760,1957,1957,106880.79999999999,-0.1411093475313052,-0.07184201566224038,-0.14520144074985744,-0.19320645784288124,132406.75,-0.006589677938456702,-0.013274878393637054,-0.009184128399465002,-3.0665628124016245e-05,32065.3
v1|ecobici|auto|2025-09-28,2025-09-28,evaluacion,v1,ecobici,auto,,,,,,,,,,71213,9320,71213,9320,80533,27892,2927,30819,614,28001,3445,31446,586,15320,2948,18268,266,37009,146,37,28920.46,7733.262,1466,533,2829,2493,2493,336,120,1,0,0,1145,36,339,1,5322,0,0,0,0,0,-169,383,1481,ecobici|auto,78701.98333333334,10229.666666666668,28639.85,3073.6,31494.15,4408.483333333333,18567.983333333334,2747.583333333333,0.25137238475275026,0.024383253599065235,0.8695517978791419,45359,0.02455962433034238,-0.02455962433034238,1494,1208,1530,1529,61843.43333333335,-0.09515622117951712,-0.026112217766503618,-0.11091424915420804,-0.17492386087521622,78701.98,-0.08892437029554574,-0.04769651223321184,-0.21855210975807995,0.0729428892056657,10229.67
v1|ecobici|auto|2025-10-07,2025-10-07,evaluacion,v1,ecobici,auto,,,,,,,,,,105347,21974,106137,21974,127321,38630,5993,44623,1261,25597,2844,28441,882,41120,13137,54257,566,67224,693,629,165604.746,162835.72,2709,598,7514,6609,6609,905,523,0,0,0,2869,102,654,8,14123,22,0,0,32,0,-342,1059,2756,ecobici|auto,121911.66666666666,21653.816666666666,42095.98333333334,6467.950000000001,28122.716666666664,3287.7166666666662,51692.96666666667,11898.150000000001,0.6083021495083109,0.18144634931685666,0.7650987729527456,45964,0.0380732747367505,-0.0380732747367505,1001,956,1262,1062,82816.34999999999,-0.13587433524273032,-0.08233525051281623,-0.08981055054543677,-0.20453395013763961,122231.37,0.014786461816969956,-0.07343130358150583,-0.13496195434521416,0.10412122893054788,21731.72
v1|ecobici|auto|2025-10-11,2025-10-11,evaluacion,v1,ecobici,auto,,,,,,,,,,47680,11467,47680,11467,59147,11154,3178,14332,492,22762,4856,27618,577,13764,3433,17197,234,39391,81,35,19859.708,7788.86,1303,477,2022,1741,1741,281,50,1,0,0,1621,31,299,0,3763,0,0,0,7,0,-95,310,1324,ecobici|auto,53217.46666666666,13094.033333333336,11254.166666666666,3202.5166666666664,24385.483333333334,5736.266666666666,17577.816666666666,4155.250000000001,0.19537467757225688,0.00868625851539937,0.8793403734650235,45359,0.015388346303930862,-0.015388346303930862,1161,622,1246,1185,34222.71666666667,-0.1040535563511728,-0.008900407256571586,-0.06657581115540735,-0.2169675983649846,53217.47,-0.12425761351862574,-0.0076554376505976315,-0.1534563711589419,-0.17381625654292782,13094.03
v1|ecobici|auto|2025-10-13,2025-10-13,evaluacion,v1,ecobici,auto,,,,,,,,,,87358,19775,87358,19775,107133,38983,7270,46253,1194,22083,2433,24516,990,26292,10072,36364,710,64565,840,753,253161.979,159478.578,2894,600,7620,6665,6665,955,450,3,0,0,3183,92,745,3,14285,81,0,0,14,0,-337,988,2929,ecobici|auto,103045.11666666667,18122.0,41997.11666666667,7367.316666666667,24377.3,2792.3999999999996,36670.7,7962.283333333335,0.656182118342167,0.22082717872968982,0.7450907985055174,46036,0.050699452602311235,-0.050699452602311235,1305,1385,1659,1380,81052.79999999999,-0.15223542050431957,-0.07176960958034027,-0.09411624749254427,-0.2830243218700488,103045.12,0.0912150976713387,-0.013209241718490894,-0.12870648904168447,0.264963777140979,18122.0
v1|ecobici|auto|2025-10-15,2025-10-15,evaluacion,v1,ecobici,auto,,,,,,,,,,85561,21139,85561,21139,106700,38546,8208,46754,1237,23138,3447,26585,1109,23877,9484,33361,654,63833,395,355,81681.345,50652.304,3000,599,7722,6788,6788,934,343,1,0,0,2497,82,753,7,14510,4,0,0,42,0,-266,944,3042,ecobici|auto,100858.08333333331,20975.25,42072.66666666667,8725.983333333334,26722.649999999994,3670.533333333333,32062.766666666666,8578.733333333334,0.5821777376044446,0.19760135805463083,0.7662426420335545,45359,0.040565268193743245,-0.040565268193743245,898,1245,1728,931,74043.98333333334,-0.15166938363062935,-0.0838232264811676,-0.13414275904522924,-0.25530443931330526,100858.08,0.00780681994255134,-0.05936102712397268,-0.06089941516219247,0.10552451410853192,20975.25
v1|ecobici|auto|2025-10-22,2025-10-22,evaluacion,v1,ecobici,auto,,,,,,,,,,86121,20813,86121,20813,106934,35567,7910,43477,1251,20234,2693,22927,1183,30320,10210,40530,613,70082,947,786,248983.899,203484.917,3047,610,8174,7004,7004,1170,492,2,0,0,3531,122,891,8,15178,53,0,0,34,0,-315,1190,3086,ecobici|auto,103413.85,19928.216666666664,38587.816666666666,8365.9,23314.066666666666,2662.8499999999995,41511.96666666667,8899.466666666667,0.6896960744818943,0.21863390179490622,0.7399624009668323,44682,0.053645763394655564,-0.053645763394655564,1222,1215,1538,1302,76666.06666666668,-0.1672198646506247,-0.07828420801211433,-0.1321119438622176,-0.26960820132989766,103413.85,0.04439852035597783,-0.054495033409435886,0.011322455264096946,0.1472597608845473,19928.22
v1|ecobici|auto|2025-10-25,2025-10-25,evaluacion,v1,ecobici,auto,,,,,,,,,,112466,14275,113277,14275,126741,25531,5192,30723,325,33015,5084,38099,391,53920,3999,57919,432,54710,259,151,58336.667,29434.534,1148,443,1757,1406,1406,351,93,0,0,0,1808,62,442,0,3163,3,0,0,5,0,-110,392,1190,ecobici|auto,124275.46666666667,15759.833333333332,26297.4,5190.383333333333,35861.78333333333,5498.883333333334,62116.283333333326,5070.566666666666,0.1924122836107979,0.040436868519378305,0.8759036943689062,45231,0.033848466759523334,-0.033848466759523334,1922,1252,1978,1978,99201.46666666665,-0.09502653245585618,-0.029143565523587937,-0.0793820905913305,-0.13195063988857447,124275.47,-0.0942163093941348,0.0003114734621399424,-0.07544865169595052,-0.21133075198695725,15962.08
v1|ecobici|auto|2025-11-07,2025-11-07,evaluacion,v1,ecobici,auto,,,,,,,,,,80231,8339,80231,8339,88570,29949,3296,33245,1240,23424,1808,25232,957,26858,3235,30093,552,63666,523,157,134558.868,22157.106,2749,588,7030,6032,6032,998,262,0,0,0,3633,111,993,8,13062,27,0,0,48,0,-371,1006,2779,ecobici|auto,98169.2,8708.583333333332,32922.86666666667,3373.1666666666665,27061.8,1589.8333333333328,38184.53333333333,3745.583333333333,0.575167001036178,0.17154258250843274,0.7600696664388544,45359,0.04334310721135828,-0.04334310721135828,1479,1393,1644,1534,73431.45,-0.1827273727401262,-0.09032830271969032,-0.13442564796133294,-0.2966262081680541,98169.2,-0.042438973043835926,-0.022876624339147146,0.13722612433169135,-0.1363161056355262,8708.58
v1|ecobici|auto|2025-11-12,2025-11-12,evaluacion,v1,ecobici,auto,,,,,,,,,,92293,20660,92293,20660,112953,35863,6129,41992,1518,21897,2633,24530,1007,34533,11898,46431,571,66498,787,904,209957.801,201350.522,3096,628,7951,6672,6672,1279,385,0,0,0,3743,121,1038,2,14623,39,0,0,33,0,-404,1289,3142,ecobici|auto,119556.13333333333,19196.966666666667,41379.51666666666,6445.866666666667,27446.616666666665,2943.25,50730.0,9807.85,0.7027610498806953,0.2791728212703102,0.7210771503238268,44005,0.06424269969321668,-0.06424269969321668,1379,1345,1686,1465,87631.21666666667,-0.22803625856083223,-0.13331515472027014,-0.20219674920466815,-0.31927853341218215,119556.13,0.07621169316680236,-0.04915811682938939,-0.10541068546674594,0.21310990686032102,19196.97
v1|ecobici|auto|2025-11-15,2025-11-15,evaluacion,v1,ecobici,auto,,,,,,,,,,59558,15677,59558,15677,75235,15530,5941,21471,480,26868,4683,31551,530,17160,5053,22213,266,37201,142,35,33920.256,6652.504,1276,491,1992,1681,1681,311,59,0,0,0,1641,36,386,1,3673,3,0,0,8,0,-165,316,1293,ecobici|auto,66458.65,16926.05,15893.833333333334,6090.333333333334,29860.283333333333,5147.666666666667,20704.533333333336,5688.05,0.20001342822613133,0.015420079674141713,0.879817376124614,44682,0.019784253166823328,-0.019784253166823328,1566,1539,2015,1593,49744.0,-0.10383373721855613,-0.02289147782683015,-0.10020947557429963,-0.17119600216377745,66458.65,-0.07379453564180652,-0.024519730720814502,-0.09026743508385682,-0.11164634628739202,16926.05
v1|ecobici|auto|2025-11-19,2025-11-19,evaluacion,v1,ecobici,auto,,,,,,,,,,102448,20265,102448,20265,122713,43667,7115,50782,1477,28363,2767,31130,1063,30418,10383,40801,520,65368,944,655,248259.516,188528.122,3060,628,7694,6374,6374,1320,515,25,0,0,3237,138,1259,7,14068,53,0,0,25,0,-441,1320,3117,ecobici|auto,124556.03333333334,20095.633333333335,47124.01666666666,7291.9333333333325,33543.799999999996,2763.4500000000003,43888.21666666667,10040.25,0.7335803760201878,0.18264487234864846,0.6878395889694683,43987,0.07459021983767931,-0.07459021983767931,1573,2207,2364,1680,103551.85,-0.17749468043967365,-0.07335997462015999,-0.1544488102123193,-0.30692103005628313,124556.03,0.008428033287496866,-0.02426425547865667,0.0012846261014310832,0.03413759617539404,20095.63
v1|ecobici|auto|2025-11-24,2025-11-24,evaluacion,v1,ecobici,auto,,,,,,,,,,94191,14206,94191,14206,108397,44172,4713,48885,1413,24376,2604,26980,1004,25643,6889,32532,542,59282,515,451,137555.784,71142.245,2959,611,7793,6511,6511,1282,540,0,0,0,3132,86,1225,13,14304,34,0,0,30,0,-433,1306,3001,ecobici|auto,111365.68333333335,14041.9,47824.98333333334,4739.716666666667,28216.283333333336,3084.683333333333,35324.416666666664,6217.499999999999,0.6994432450857857,0.20377229860243154,0.7244858538802409,44005,0.03963186001590728,-0.03963186001590728,1198,2052,2147,1241,88092.76666666666,-0.1542188115698718,-0.0763823231860336,-0.1361016717888076,-0.27407152276635843,111365.68,0.011686452688026575,-0.005636764504207456,-0.15582906943446373,0.1080016083634903,14041.9
