paso,procesos,threads_por_proceso,duracion_min,corridas_guardadas
1,2,1,95.2,465
2,2,1,123.67,1005
2,2,1,66.7,1275
3,2,1,164.73,2339
3,2,1,0.01,2339
1,2,1,0.0,2339
2,2,1,19.93,2414
3,2,1,158.94,3174
4,2,1,102.34,3654
3,2,1,0.02,3654
5,2,1,100.76,4166
6,2,1,39.92,4364
1,2,1,0.0,4364
2,2,1,0.02,4364
3,2,1,0.02,4364
4,2,1,0.0,4364
5,2,1,0.0,4364
6,2,1,0.0,4364
3,2,1,0.02,4364
1,2,1,0.0,4364
2,2,1,0.02,4364
3,2,1,0.02,4364
4,2,1,0.0,4364
5,2,1,0.0,4364
6,2,1,0.0,4364
3,2,1,0.02,4364
1,2,1,0.0,4364
2,2,1,0.02,4364
3,2,1,0.02,4364
4,2,1,0.0,4364
5,2,1,0.0,4364
6,2,1,0.0,4364
1,2,1,0.0,4364
2,2,1,0.02,4364
3,2,1,0.02,4364
4,2,1,0.0,4364
5,2,1,0.0,4364
6,2,1,0.0,4364
