split,tag,arm,damage,f,H,L,lam,mu,tope_hora,tope_bodega,max_move,retiro,E,F,EF,E_all,F_all,EF_manana,EF_tarde,EF_noche,moves,moves_manana,moves_tarde,moves_noche,bikes_moved,stations_touched,A,R,warehouse,clipped,recorte_bodega,recorte_por_movimiento,recorte_fuera_de_servicio,bodega_min,bodega_max,danos_no_aplicables,taller_no_aplicable,detours_dep,detours_arr,detours_dep_far,walk_m_dep,walk_m_arr,trips_served,gana_a_ecobici,fallbacks,non_optimal,decision_s_mean,decision_s_max,n_dias,recorte_bodega_max,recorte_por_movimiento_max
evaluacion,diag_como_run1,daily,fixed,0.0,5.0,60.0,60.0,1.0,474.0,1000000.0,1000000.0,sigma,26112.133333333335,10728.2,36840.333333333336,26322.666666666668,10729.933333333332,13719.066666666668,11607.333333333334,11513.933333333332,2180.733333333333,994.4666666666667,745.0666666666667,441.2,12937.2,583.2,7196.133333333333,5741.066666666667,1455.0666666666666,229.26666666666668,0.0,0.0,0.0,0.0,1462.4,0.0,0.0,1356.1333333333334,1203.4,2.4,289262.42686666665,212851.21506666666,56299.86666666667,15.0,0.0,0.0,0.24706666666666666,0.73,15,0,0
evaluacion,diag_como_run1,oracle,fixed,60.0,5.0,60.0,60.0,1.0,474.0,1000000.0,1000000.0,sigma,11580.666666666666,6314.533333333334,17895.2,11807.0,6316.266666666666,9888.933333333332,4180.6,3825.6666666666665,1677.6666666666667,845.2,533.0666666666667,299.4,10551.666666666666,554.8666666666667,5916.533333333334,4635.133333333333,1281.4,98.73333333333333,0.0,0.0,0.0,0.0,1291.0,0.0,0.0,612.4,921.8,7.333333333333333,123135.44399999999,164009.74706666666,56299.86666666667,15.0,0.0,0.0,0.26833333333333337,0.639,15,0,0
evaluacion,diag_mm_sin_tope,daily,auto,0.0,5.0,60.0,60.0,1.0,246.0,632.0,1000000.0,sigma,38810.8,6735.266666666666,45546.066666666666,39023.13333333333,6735.266666666666,15868.266666666666,15205.333333333334,14472.466666666667,2504.3333333333335,1040.9333333333334,903.8666666666667,559.5333333333333,12783.4,616.1333333333333,6684.266666666666,6099.133333333333,585.1333333333333,304.8666666666667,237.93333333333334,0.0,0.0,0.0,585.6,171.8,21.866666666666667,2733.5333333333333,517.8666666666667,66.26666666666667,624289.6895333334,85946.86293333332,56299.86666666667,15.0,0.0,0.0,0.3466666666666667,1.145,15,522,0
evaluacion,diag_mm_sin_tope,oracle,auto,60.0,5.0,60.0,60.0,1.0,246.0,632.0,1000000.0,sigma,21012.8,3982.733333333333,24995.533333333333,21233.733333333334,3982.733333333333,11281.933333333332,7341.733333333334,6371.866666666667,1956.8666666666666,894.4,657.0666666666667,405.4,10861.466666666667,593.4666666666667,5727.733333333334,5133.733333333334,594.0,127.06666666666666,95.86666666666666,0.0,0.0,0.0,594.8,101.86666666666666,14.933333333333334,1591.3333333333333,288.6,60.93333333333333,367772.76046666666,46652.03853333333,56299.86666666667,15.0,0.0,0.0,0.36173333333333335,1.648,15,186,0
evaluacion,eval,baseline,auto,,,,,,,,,,202899.93333333332,47927.066666666666,250827.0,203156.26666666666,47927.066666666666,74580.46666666666,74558.0,101688.53333333334,0.0,0.0,0.0,0.0,0.0,0.0,0.0,0.0,0.0,0.0,0.0,0.0,0.0,0.0,0.0,637.5333333333333,78.0,11112.8,5615.933333333333,3450.2,5352084.256533334,2181252.623533333,56299.86666666667,0.0,0.0,0.0,,,15,0,0
evaluacion,eval,baseline,fixed,,,,,,,,,,197678.46666666667,53902.53333333333,251581.0,197934.53333333333,53902.53333333333,72476.73333333334,76249.26666666666,102855.0,0.0,0.0,0.0,0.0,0.0,0.0,0.0,0.0,0.0,0.0,0.0,0.0,0.0,0.0,0.0,0.0,0.0,11020.466666666667,6236.666666666667,3527.0,5368064.132133334,2487923.0235333336,56299.86666666667,0.0,0.0,0.0,,,15,0,0
evaluacion,eval,daily,auto,0.0,5.0,60.0,60.0,1.0,246.0,632.0,22.0,sigma,39352.13333333333,6915.4,46267.53333333333,39557.53333333333,6915.4,16376.133333333333,15118.8,14772.6,2501.6666666666665,1042.6,896.8,562.2666666666667,12375.2,615.8,6488.333333333333,5886.866666666667,601.4666666666667,263.06666666666666,202.8,0.0,0.0,0.0,601.6,173.66666666666666,21.0,2852.266666666667,682.2666666666667,108.6,682433.6540666667,108070.11113333332,56299.86666666667,15.0,0.0,0.0,0.33326666666666666,1.058,15,416,0
evaluacion,eval,ecobici,auto,,,,,,,,,,84584.66666666667,17629.533333333333,102214.2,84810.8,17629.533333333333,38610.6,28455.533333333333,35148.066666666666,2416.2,1060.2666666666667,874.4,481.53333333333336,11066.6,569.1333333333333,5947.8,5118.8,829.0,303.26666666666665,0.0,0.0,0.0,-292.6666666666667,862.8666666666667,79.0,3.933333333333333,476.3333333333333,369.93333333333334,23.466666666666665,121929.49386666667,82801.08773333332,56299.86666666667,0.0,0.0,0.0,,,15,0,0
evaluacion,eval,ecobici_stock,fixed,,,,,,,,,,79621.0,17724.133333333335,97345.13333333333,79849.8,17724.133333333335,34325.26666666667,27170.8,35849.066666666666,4993.733333333334,2041.6666666666667,2052.866666666667,899.2,13652.0,637.8,6934.6,6717.4,217.2,387.0,0.0,0.0,0.0,-389.73333333333335,304.73333333333335,0.0,0.0,948.4666666666667,443.53333333333336,32.333333333333336,239989.18039999998,105961.69086666666,56299.86666666667,11.0,0.0,0.0,,,15,0,0
evaluacion,eval,ma,auto,15.0,3.0,60.0,60.0,1.0,246.0,632.0,22.0,sigma,46526.6,6425.8,52952.4,46749.13333333333,6425.8,18993.333333333332,17467.2,16491.866666666665,2947.2,1206.1333333333334,1042.2,698.8666666666667,16740.133333333335,646.2666666666667,8686.0,8054.133333333333,631.8666666666667,788.5333333333333,638.8,0.0,0.0,0.0,632.0,234.4,29.333333333333332,4191.066666666667,794.8,261.53333333333336,1099927.7913333334,132149.134,56299.86666666667,15.0,0.0,0.0,0.3223333333333333,0.942,15,1016,0
evaluacion,eval,model,auto,15.0,3.0,60.0,60.0,1.0,246.0,632.0,22.0,sigma,46423.53333333333,6702.2,53125.73333333333,46645.333333333336,6702.2,18690.0,17015.866666666665,17419.866666666665,2947.866666666667,1198.6,1039.5333333333333,709.7333333333333,16706.8,646.1333333333333,8669.266666666666,8037.533333333334,631.7333333333333,742.6666666666666,596.0666666666667,0.0,0.0,-0.06666666666666667,632.0,240.26666666666668,29.466666666666665,4305.0,858.8,304.2,1151065.3330666667,141635.88053333334,56299.86666666667,15.0,0.0,0.0,0.31826666666666664,1.107,15,912,0
evaluacion,eval,oracle,auto,60.0,5.0,60.0,60.0,1.0,246.0,632.0,22.0,sigma,22245.066666666666,4315.666666666667,26560.733333333334,22469.866666666665,4315.666666666667,12015.0,7768.533333333334,6777.2,1970.2666666666667,898.0666666666667,654.4,417.8,10623.866666666667,592.4,5610.2,5013.666666666667,596.5333333333333,112.53333333333333,82.53333333333333,0.0,0.0,0.0,596.6666666666666,111.53333333333333,17.333333333333332,1841.2,487.0,110.66666666666667,455297.37519999995,69621.7464,56299.86666666667,15.0,0.0,0.0,0.3438666666666667,3.883,15,144,0
evaluacion,eval_L,ma,auto,15.0,3.0,30.0,60.0,1.0,246.0,632.0,22.0,sigma,34796.26666666667,4712.4,39508.666666666664,35005.53333333333,4712.4,14176.066666666668,13911.066666666668,11421.533333333333,2909.733333333333,1205.6,1044.5333333333333,659.6,17721.2,645.5333333333333,9176.333333333334,8544.866666666667,631.4666666666667,490.73333333333335,415.53333333333336,0.0,0.0,0.0,632.0,192.06666666666666,25.0,3556.6,566.9333333333333,169.26666666666668,881975.4996,82489.57966666667,56299.86666666667,15.0,0.0,0.0,0.36546666666666666,1.141,15,678,0
evaluacion,eval_L,ma,auto,15.0,3.0,45.0,60.0,1.0,246.0,632.0,22.0,sigma,41307.73333333333,5593.2,46900.933333333334,41530.2,5593.2,16839.933333333334,16022.933333333332,14038.066666666668,2934.866666666667,1199.8,1038.2666666666667,696.8,17222.666666666668,644.5333333333333,8927.0,8295.666666666666,631.3333333333334,634.8,526.6,0.0,0.0,-0.13333333333333333,632.0,220.6,28.8,3976.4,702.9333333333333,224.0,1023289.2105333334,107987.97466666668,56299.86666666667,15.0,0.0,0.0,0.3300666666666666,1.347,15,867,0
evaluacion,eval_L,model,auto,15.0,3.0,30.0,60.0,1.0,246.0,632.0,22.0,sigma,34649.46666666667,4603.8,39253.26666666667,34870.666666666664,4603.8,14138.933333333332,13516.333333333334,11598.0,2938.733333333333,1209.2,1059.3333333333333,670.2,17595.4,643.7333333333333,9113.266666666666,8482.133333333333,631.1333333333333,469.46666666666664,398.93333333333334,0.0,0.0,0.0,632.0,196.0,25.866666666666667,3689.133333333333,589.6,198.8,931096.2403333334,85272.47753333332,56299.86666666667,15.0,0.0,0.0,0.3383333333333333,1.11,15,631,0
evaluacion,eval_L,model,auto,15.0,3.0,45.0,60.0,1.0,246.0,632.0,22.0,sigma,40946.46666666667,5747.466666666666,46693.933333333334,41169.066666666666,5747.466666666666,16701.8,15292.266666666666,14699.866666666667,2953.3333333333335,1198.0666666666666,1051.6666666666667,703.6,17151.066666666666,645.3333333333334,8890.4,8260.666666666666,629.7333333333333,608.8,497.8666666666667,0.0,0.0,-0.06666666666666667,630.2,218.8,27.866666666666667,4018.133333333333,760.6666666666666,251.26666666666668,1045609.3844000001,119010.7732,56299.86666666667,15.0,0.0,0.0,0.3432,1.457,15,786,0
evaluacion,eval_L,oracle,auto,60.0,5.0,30.0,60.0,1.0,246.0,632.0,22.0,sigma,18309.533333333333,3746.4,22055.933333333334,18531.866666666665,3746.4,9693.533333333333,7259.4,5103.0,1953.0,900.2,669.4666666666667,383.3333333333333,11061.2,595.4666666666667,5831.333333333333,5229.866666666667,601.4666666666667,130.6,99.0,0.0,0.0,0.0,601.5333333333333,99.33333333333333,15.866666666666667,1637.6666666666667,391.8,66.8,376719.0514,48422.33153333333,56299.86666666667,15.0,0.0,0.0,0.36293333333333333,1.805,15,210,0
evaluacion,eval_L,oracle,auto,60.0,5.0,45.0,60.0,1.0,246.0,632.0,22.0,sigma,20489.666666666668,4069.2,24558.866666666665,20710.6,4069.2,10961.866666666667,7628.133333333333,5968.866666666667,1971.0,899.6666666666666,663.9333333333333,407.4,10887.333333333334,593.1333333333333,5743.933333333333,5143.4,600.5333333333333,117.6,90.53333333333333,0.0,0.0,0.0,600.6666666666666,106.06666666666666,15.066666666666666,1754.8666666666666,450.53333333333336,99.53333333333333,428276.1648,59105.06466666667,56299.86666666667,15.0,0.0,0.0,0.34753333333333336,1.046,15,201,0
evaluacion,sens_bodega_ilimitada,daily,auto,0.0,5.0,60.0,60.0,1.0,246.0,1000000.0,22.0,sigma,29359.733333333334,11320.733333333334,40680.46666666667,29580.8,11320.733333333334,15597.8,12291.6,12791.066666666668,2237.0666666666666,1010.7333333333333,756.4666666666667,469.8666666666667,12035.066666666668,595.6,7004.333333333333,5030.733333333334,1973.6,195.73333333333332,0.0,0.0,0.0,0.0,1978.2666666666667,114.86666666666666,12.333333333333334,1719.8,1668.0666666666666,36.2,382097.9339333334,467589.5772,56299.86666666667,15.0,0.0,0.0,0.23586666666666664,0.81,15,0,0
evaluacion,sens_bodega_ilimitada,oracle,auto,60.0,5.0,60.0,60.0,1.0,246.0,1000000.0,22.0,sigma,15797.133333333333,7237.6,23034.733333333334,16018.066666666668,7237.6,11974.066666666668,5626.533333333334,5434.133333333333,1807.6666666666667,891.6666666666666,572.2666666666667,343.73333333333335,10213.8,572.1333333333333,5999.6,4214.2,1785.4,84.53333333333333,0.0,0.0,0.0,0.0,1793.4666666666667,63.4,9.2,954.0,1395.6,45.06666666666667,213171.41606666666,394439.1423333333,56299.86666666667,15.0,0.0,0.0,0.2518666666666667,0.782,15,0,0
evaluacion,sens_bodega_taller,daily,auto,0.0,5.0,60.0,60.0,1.0,246.0,74.0,22.0,sigma,49621.0,5665.333333333333,55286.333333333336,49844.666666666664,5665.333333333333,19114.466666666667,18349.8,17822.066666666666,2718.4666666666667,1115.0,975.4,628.0666666666667,12770.533333333333,629.1333333333333,6422.266666666666,6348.266666666666,74.0,307.06666666666666,282.93333333333334,0.0,0.0,0.0,74.0,231.6,28.533333333333335,3991.6666666666665,515.5333333333333,286.93333333333334,1076876.6593333334,78759.7586,56299.86666666667,15.0,0.0,0.0,0.3916,3.911,15,515,0
evaluacion,sens_bodega_taller,oracle,auto,60.0,5.0,60.0,60.0,1.0,246.0,74.0,22.0,sigma,29786.2,3264.0,33050.2,30007.8,3264.0,13660.666666666666,10309.0,9080.533333333333,2130.266666666667,937.1333333333333,720.3333333333334,472.8,11137.6,606.2,5605.8,5531.8,74.0,145.93333333333334,132.93333333333334,0.0,0.0,0.0,74.0,160.0,25.4,2828.6,267.1333333333333,316.26666666666665,820768.5908,34229.240666666665,56299.86666666667,15.0,0.0,0.0,0.42533333333333334,8.78,15,198,0
evaluacion,sens_danadas_fijas,daily,fixed,0.0,5.0,60.0,60.0,1.0,246.0,632.0,22.0,sigma,32975.73333333333,8497.533333333333,41473.26666666667,33199.46666666667,8499.266666666666,15113.333333333334,13363.0,12996.933333333332,2343.6,1004.2666666666667,829.2666666666667,510.06666666666666,12341.2,598.0666666666667,6461.866666666667,5879.333333333333,582.5333333333333,229.6,153.86666666666667,0.0,0.0,0.0,583.0666666666667,0.0,0.0,2334.0666666666666,888.6,78.53333333333333,546219.0072666666,151576.87406666667,56299.86666666667,15.0,0.0,0.0,0.32226666666666665,1.032,15,310,0
evaluacion,sens_danadas_fijas,oracle,fixed,60.0,5.0,60.0,60.0,1.0,246.0,632.0,22.0,sigma,16307.0,5394.066666666667,21701.066666666666,16533.0,5395.8,10578.933333333332,5822.533333333334,5299.6,1799.2666666666667,852.8666666666667,588.4,358.0,10314.133333333333,566.6666666666666,5441.0,4873.133333333333,567.8666666666667,92.93333333333334,57.0,0.0,0.0,0.0,571.0666666666667,0.0,0.0,1368.2,683.4666666666667,71.66666666666667,326266.46760000003,107763.13233333334,56299.86666666667,15.0,0.0,0.0,0.319,0.866,15,110,0
evaluacion,sens_lam_min_seleccion,daily,auto,0.0,5.0,60.0,5.0,1.0,246.0,632.0,22.0,sigma,38358.933333333334,7105.666666666667,45464.6,38581.666666666664,7105.666666666667,16237.666666666666,15569.066666666668,13657.866666666667,3378.0666666666666,1333.0,1288.2666666666667,756.8,14082.933333333332,637.8,7296.8,6786.133333333333,510.6666666666667,326.93333333333334,186.46666666666667,0.0,0.0,0.0,510.8666666666667,170.53333333333333,18.466666666666665,2623.2,702.5333333333333,72.33333333333333,616346.6187999999,122213.85546666666,56299.86666666667,15.0,0.0,0.0,0.3854666666666667,29.995,15,407,0
evaluacion,sens_lam_min_seleccion,oracle,auto,60.0,5.0,60.0,5.0,1.0,246.0,632.0,22.0,sigma,15791.133333333333,4025.266666666667,19816.4,16014.266666666666,4025.266666666667,9276.8,6266.133333333333,4273.466666666666,3391.8,1403.8,1344.4666666666667,643.5333333333333,12941.066666666668,642.6,6719.266666666666,6221.8,497.46666666666664,103.46666666666667,53.2,0.0,0.0,-0.06666666666666667,498.0,78.0,10.8,1149.6,528.0,62.333333333333336,273988.9475333333,95915.7,56299.86666666667,15.0,0.0,0.0,0.4487333333333333,65.621,15,152,0
evaluacion,sens_mm14,daily,auto,0.0,5.0,60.0,60.0,1.0,246.0,632.0,14.0,sigma,40614.8,7403.066666666667,48017.86666666667,40835.86666666667,7403.066666666667,17189.533333333333,15278.6,15549.733333333334,2497.8,1041.8,868.8666666666667,587.1333333333333,11361.6,615.2666666666667,5980.933333333333,5380.666666666667,600.2666666666667,206.73333333333332,170.93333333333334,0.0,0.0,0.0,600.3333333333334,181.6,21.333333333333332,3102.8,907.2,180.93333333333334,795845.1708,162648.0252,56299.86666666667,15.0,0.0,0.0,0.3684,9.503,15,343,0
evaluacion,sens_mm14,oracle,auto,60.0,5.0,60.0,60.0,1.0,246.0,632.0,14.0,sigma,24830.933333333334,5108.4,29939.333333333332,25051.866666666665,5108.4,13411.333333333334,8245.4,8282.6,1989.3333333333333,905.8666666666667,638.2666666666667,445.2,9913.6,592.2,5258.4,4655.2,603.2,88.06666666666666,66.66666666666667,0.0,0.0,0.0,603.6,126.06666666666666,18.8,2255.3333333333335,823.4,215.86666666666667,622435.1614666667,137001.5483333333,56299.86666666667,15.0,0.0,0.0,0.3362666666666667,7.303,15,137,0
evaluacion,sens_mm42,daily,auto,0.0,5.0,60.0,60.0,1.0,246.0,632.0,42.0,sigma,39190.13333333333,6728.533333333334,45918.666666666664,39397.13333333333,6728.533333333334,16048.133333333333,15218.666666666666,14651.866666666667,2511.4,1044.5333333333333,904.6,562.2666666666667,12676.733333333334,615.6,6633.8,6042.933333333333,590.8666666666667,297.8666666666667,230.0,0.0,0.0,0.0,591.0,173.26666666666668,20.866666666666667,2757.4666666666667,545.2,78.66666666666667,639012.5457333333,89544.00913333334,56299.86666666667,15.0,0.0,0.0,0.34526666666666667,1.801,15,509,0
evaluacion,sens_mm42,oracle,auto,60.0,5.0,60.0,60.0,1.0,246.0,632.0,42.0,sigma,21215.4,4075.3333333333335,25290.733333333334,21436.666666666668,4075.3333333333335,11464.6,7438.933333333333,6387.2,1957.6,891.3333333333334,660.4,405.8666666666667,10810.266666666666,592.0,5702.0,5108.266666666666,593.7333333333333,127.46666666666667,93.93333333333334,0.0,0.0,0.0,594.1333333333333,100.86666666666666,14.733333333333333,1622.2666666666667,325.46666666666664,67.73333333333333,379401.9191333334,50704.56786666667,56299.86666666667,15.0,0.0,0.0,0.36206666666666665,3.255,15,176,0
evaluacion,sens_mu0,daily,auto,0.0,5.0,60.0,60.0,0.0,246.0,632.0,22.0,sigma,40011.333333333336,6925.066666666667,46936.4,40234.0,6925.066666666667,16461.0,15217.333333333334,15258.066666666668,2516.6666666666665,1050.9333333333334,894.3333333333334,571.4,11637.866666666667,615.6,6006.066666666667,5631.8,374.26666666666665,254.13333333333333,168.4,0.0,0.0,-37.6,576.8666666666667,177.4,21.0,2888.4,676.4,118.06666666666666,697587.2575333334,107358.93626666667,56299.86666666667,15.0,0.0,0.0,0.30233333333333334,1.065,15,430,0
evaluacion,sens_mu0,oracle,auto,60.0,5.0,60.0,60.0,0.0,246.0,632.0,22.0,sigma,21768.466666666667,4421.866666666667,26190.333333333332,21990.866666666665,4421.866666666667,11881.133333333333,7512.066666666667,6797.133333333333,1982.4,905.9333333333333,654.8666666666667,421.6,10325.333333333334,592.8666666666667,5413.866666666667,4911.466666666666,502.4,113.73333333333333,78.6,0.0,0.0,-18.133333333333333,588.1333333333333,110.0,16.8,1784.9333333333334,507.1333333333333,110.46666666666667,443234.61046666664,72437.64233333334,56299.86666666667,15.0,0.0,0.0,0.2660666666666667,0.682,15,154,0
evaluacion,sens_retiro_floor,daily,auto,0.0,5.0,60.0,60.0,1.0,246.0,632.0,22.0,floor,41413.26666666667,7339.0,48752.26666666667,41636.73333333333,7339.0,16766.4,16427.6,15558.266666666666,2418.0666666666666,1014.6,881.4,522.0666666666667,12402.0,611.4,6498.6,5903.4,595.2,758.9333333333333,508.1333333333333,0.0,0.0,0.0,595.9333333333333,175.73333333333332,20.2,2820.0,726.4,76.13333333333334,651931.4022,115716.1882,56299.86666666667,15.0,0.0,0.0,0.5195333333333333,1.965,15,1092,0
evaluacion,sens_retiro_floor,oracle,auto,60.0,5.0,60.0,60.0,1.0,246.0,632.0,22.0,floor,24156.266666666666,4917.2,29073.466666666667,24379.733333333334,4917.2,12986.4,8893.133333333333,7193.933333333333,1819.4666666666667,836.0666666666667,618.0,365.4,10590.933333333332,578.9333333333333,5593.933333333333,4997.0,596.9333333333333,551.1333333333333,333.8,0.0,0.0,0.0,597.3333333333334,115.0,15.933333333333334,1705.6,521.0,61.53333333333333,388283.2896,69978.5292,56299.86666666667,15.0,0.0,0.0,0.4642,2.624,15,660,0
evaluacion,sens_tope_con_undo,daily,auto,0.0,5.0,60.0,60.0,1.0,474.0,632.0,22.0,sigma,38846.666666666664,6784.2,45630.86666666667,39067.73333333333,6784.2,15774.466666666667,15116.6,14739.8,2573.0666666666666,1081.3333333333333,910.1333333333333,581.6,12490.2,616.0666666666667,6545.4,5944.8,600.6,270.46666666666664,203.26666666666668,0.0,0.0,0.0,601.0,173.8,21.4,2797.5333333333333,643.9333333333333,92.6,657560.5251333334,100270.89826666666,56299.86666666667,15.0,0.0,0.0,0.37293333333333334,28.65,15,427,0
evaluacion,sens_tope_con_undo,oracle,auto,60.0,5.0,60.0,60.0,1.0,474.0,632.0,22.0,sigma,22159.933333333334,4304.333333333333,26464.266666666666,22384.066666666666,4304.333333333333,11850.866666666667,7751.533333333334,6861.866666666667,1983.4666666666667,908.2666666666667,656.9333333333333,418.26666666666665,10617.4,592.4666666666667,5605.933333333333,5011.466666666666,594.4666666666667,114.4,83.26666666666667,0.0,0.0,0.0,594.6,110.26666666666667,16.533333333333335,1814.2,475.46666666666664,111.2,449990.14493333333,67388.57453333333,56299.86666666667,15.0,0.0,0.0,0.33386666666666664,6.056,15,172,0
seleccion,sel_grid,daily,auto,0.0,1.0,60.0,60.0,1.0,246.0,632.0,22.0,sigma,114318.06666666667,13030.4,127348.46666666666,114492.46666666666,13030.4,38250.0,39574.46666666667,49524.0,999.7333333333333,399.6666666666667,192.13333333333333,407.93333333333334,7110.2,483.4,3581.266666666667,3528.9333333333334,52.333333333333336,61.8,0.0,0.0,0.0,-0.2,53.0,396.46666666666664,54.8,7548.266666666666,2253.4666666666667,1729.8666666666666,3171178.5444,658481.4318666667,54551.86666666667,0.0,0.0,0.0,0.2266,0.437,15,0,0
seleccion,sel_grid,daily,auto,0.0,2.0,60.0,60.0,1.0,246.0,632.0,22.0,sigma,43417.333333333336,5992.133333333333,49409.46666666667,43555.4,5992.133333333333,16486.466666666667,15683.0,17240.0,1956.8,767.6,614.0,575.2,10504.8,579.5333333333333,5542.4,4962.4,580.0,154.8,102.73333333333333,0.0,0.0,0.0,580.0666666666667,185.46666666666667,25.4,3125.5333333333333,767.3333333333334,152.13333333333333,761059.3922,130896.24353333333,54551.86666666667,0.0,0.0,0.0,0.23466666666666666,2.125,15,270,0
seleccion,sel_grid,daily,auto,0.0,3.0,60.0,60.0,1.0,246.0,632.0,22.0,sigma,36653.86666666667,5081.733333333334,41735.6,36794.2,5081.733333333334,14591.4,13475.733333333334,13668.466666666667,2138.8,862.0,712.5333333333333,564.2666666666667,11216.2,593.4666666666667,5906.533333333334,5309.666666666667,596.8666666666667,216.73333333333332,163.46666666666667,0.0,0.0,0.0,596.9333333333333,156.4,21.6,2563.866666666667,613.7333333333333,83.46666666666667,585467.7468666666,98371.35926666667,54551.86666666667,0.0,0.0,0.0,0.2786,2.167,15,375,0
seleccion,sel_grid,daily,auto,0.0,4.0,60.0,60.0,1.0,246.0,632.0,22.0,sigma,34743.0,4779.6,39522.6,34902.53333333333,4779.6,13893.466666666667,13011.466666666667,12617.666666666666,2296.0666666666666,950.6,797.0,548.4666666666667,11628.2,603.3333333333334,6115.533333333334,5512.666666666667,602.8666666666667,250.8,183.06666666666666,0.0,0.0,-0.06666666666666667,603.4666666666667,151.86666666666667,20.933333333333334,2479.6,549.0666666666667,76.13333333333334,564921.1652,83450.48826666667,54551.86666666667,0.0,0.0,0.0,0.30293333333333333,0.83,15,475,0
seleccion,sel_grid,daily,auto,0.0,5.0,60.0,60.0,1.0,246.0,632.0,22.0,sigma,34654.0,4805.533333333334,39459.53333333333,34791.8,4805.533333333334,13654.6,13561.4,12243.533333333333,2431.866666666667,1021.8,868.3333333333334,541.7333333333333,11889.066666666668,611.0666666666667,6252.733333333334,5636.333333333333,616.4,280.0,206.0,0.0,0.0,0.0,616.4666666666667,156.4,21.466666666666665,2542.733333333333,537.4,90.26666666666667,592669.5577333333,82244.09379999999,54551.86666666667,0.0,0.0,0.0,0.33053333333333335,1.524,15,464,0
seleccion,sel_grid,daily,auto,0.0,6.0,60.0,60.0,1.0,246.0,632.0,22.0,sigma,34980.066666666666,4905.666666666667,39885.73333333333,35118.53333333333,4905.666666666667,13772.6,14094.333333333334,12018.8,2528.6666666666665,1072.6666666666667,931.4666666666667,524.5333333333333,12052.0,617.0666666666667,6333.666666666667,5718.333333333333,615.3333333333334,302.8666666666667,215.0,0.0,0.0,0.0,615.8666666666667,158.33333333333334,20.733333333333334,2610.733333333333,539.0666666666667,93.93333333333334,615390.9552,82904.19293333334,54551.86666666667,0.0,0.0,0.0,0.3632666666666667,1.199,15,470,0
seleccion,sel_grid,ma,auto,15.0,1.0,60.0,60.0,1.0,246.0,632.0,22.0,sigma,110024.2,12119.6,122143.8,110193.73333333334,12119.6,37183.86666666667,36989.53333333333,47970.4,1182.4666666666667,467.73333333333335,270.73333333333335,444.0,8721.333333333334,526.1333333333333,4418.533333333334,4302.8,115.73333333333333,160.6,0.0,0.0,0.0,-0.5333333333333333,115.86666666666666,388.0,54.86666666666667,7386.466666666666,2182.5333333333333,1567.8,2964318.571733333,633672.7858666667,54551.86666666667,0.0,0.0,0.0,0.23446666666666666,0.474,15,0,0
seleccion,sel_grid,ma,auto,15.0,2.0,60.0,60.0,1.0,246.0,632.0,22.0,sigma,42847.46666666667,4881.066666666667,47728.53333333333,43007.066666666666,4881.066666666667,16030.133333333333,15271.0,16427.4,2508.6666666666665,1002.2,838.4,668.0666666666667,14146.333333333334,628.3333333333334,7386.133333333333,6760.2,625.9333333333333,538.1333333333333,424.3333333333333,0.0,0.0,-0.06666666666666667,626.0,204.86666666666667,29.133333333333333,3797.133333333333,722.6,248.53333333333333,984182.6263333333,121357.42326666666,54551.86666666667,0.0,0.0,0.0,0.2734666666666667,1.721,15,833,0
seleccion,sel_grid,ma,auto,15.0,3.0,60.0,60.0,1.0,246.0,632.0,22.0,sigma,40992.26666666667,4418.666666666667,45410.933333333334,41151.13333333333,4418.666666666667,16380.333333333334,15460.0,13570.6,2871.9333333333334,1198.7333333333333,1006.4666666666667,666.7333333333333,16305.6,641.9333333333333,8468.666666666666,7836.933333333333,631.7333333333333,771.2666666666667,644.4666666666667,0.0,0.0,0.0,632.0,200.53333333333333,27.066666666666666,3708.5333333333333,622.9333333333333,218.4,947209.5843999999,100434.55506666667,54551.86666666667,0.0,0.0,0.0,0.32053333333333334,2.993,15,1146,0
seleccion,sel_grid,ma,auto,15.0,4.0,60.0,60.0,1.0,246.0,632.0,22.0,sigma,42871.933333333334,4833.4,47705.333333333336,43009.86666666667,4833.4,17635.0,16833.133333333335,13237.2,3162.2,1345.6666666666667,1152.6666666666667,663.8666666666667,18206.0,650.1333333333333,9419.0,8787.0,632.0,916.9333333333333,727.7333333333333,0.0,0.0,-0.06666666666666667,632.0,212.33333333333334,27.866666666666667,3907.3333333333335,642.8666666666667,221.66666666666666,1005360.4479333333,106605.98486666667,54551.86666666667,0.0,0.0,0.0,0.36313333333333336,2.817,15,1246,0
seleccion,sel_grid,ma,auto,15.0,5.0,60.0,60.0,1.0,246.0,632.0,22.0,sigma,45742.933333333334,5380.733333333334,51123.666666666664,45883.933333333334,5380.733333333334,19476.733333333334,18419.0,13227.933333333332,3348.8,1417.6666666666667,1274.1333333333334,657.0,19597.6,656.1333333333333,10114.8,9482.8,632.0,1001.5333333333333,772.8666666666667,0.0,0.0,0.0,632.0,230.8,31.666666666666668,4157.466666666666,719.3333333333334,256.1333333333333,1090339.7764,121004.56213333334,54551.86666666667,0.0,0.0,0.0,0.39113333333333333,7.377,15,1225,0
seleccion,sel_grid,ma,auto,15.0,6.0,60.0,60.0,1.0,246.0,632.0,22.0,sigma,48484.73333333333,5815.8,54300.53333333333,48628.26666666667,5815.8,20878.333333333332,20008.8,13413.4,3460.6,1447.2666666666667,1348.4666666666667,664.8666666666667,20750.4,658.8666666666667,10691.0,10059.4,631.6,1054.9333333333334,802.6,0.0,0.0,0.0,632.0,247.93333333333334,33.733333333333334,4396.733333333334,795.1333333333333,309.4,1185145.0528666668,138455.5846,54551.86666666667,0.0,0.0,0.0,0.39973333333333333,11.516,15,1266,0
seleccion,sel_grid,ma,auto,180.0,2.0,60.0,60.0,1.0,246.0,632.0,22.0,sigma,46454.53333333333,6506.0,52960.53333333333,46614.666666666664,6506.0,17290.466666666667,17307.2,18362.866666666665,2084.866666666667,792.6,677.2666666666667,615.0,11482.533333333333,598.8,6037.533333333334,5445.0,592.5333333333333,245.53333333333333,148.73333333333332,0.0,0.0,0.0,593.0,203.66666666666666,28.066666666666666,3599.0666666666666,829.2666666666667,213.26666666666668,905465.3006666667,147500.16706666668,54551.86666666667,0.0,0.0,0.0,0.2374666666666667,2.788,15,413,0
seleccion,sel_grid,ma,auto,180.0,3.0,60.0,60.0,1.0,246.0,632.0,22.0,sigma,41085.2,5701.466666666666,46786.666666666664,41224.53333333333,5701.466666666666,15469.4,15942.666666666666,15374.6,2327.8,904.2,814.7333333333333,608.8666666666667,12734.133333333333,614.2666666666667,6679.2,6054.933333333333,624.2666666666667,341.46666666666664,234.46666666666667,0.0,0.0,0.0,624.6,185.33333333333334,25.866666666666667,3177.5333333333333,704.6666666666666,121.8,749850.7498666666,118367.77393333333,54551.86666666667,0.0,0.0,0.0,0.26633333333333337,0.943,15,564,0
seleccion,sel_grid,ma,auto,180.0,4.0,60.0,60.0,1.0,246.0,632.0,22.0,sigma,40703.86666666667,5604.266666666666,46308.13333333333,40842.2,5604.266666666666,15248.8,16257.666666666666,14801.666666666666,2546.8,1010.9333333333333,931.0,604.8666666666667,13623.133333333333,625.9333333333333,7124.933333333333,6498.2,626.7333333333333,417.1333333333333,297.8,0.0,0.0,-0.06666666666666667,627.2,185.06666666666666,24.466666666666665,3195.4,683.6,121.4,761955.2196,111666.85339999999,54551.86666666667,0.0,0.0,0.0,0.32680000000000003,11.096,15,703,0
seleccion,sel_grid,ma,auto,180.0,5.0,60.0,60.0,1.0,246.0,632.0,22.0,sigma,41956.6,5728.0,47684.6,42095.333333333336,5728.0,15675.066666666668,17443.266666666666,14566.266666666666,2718.9333333333334,1091.2666666666667,1035.4666666666667,592.2,14334.933333333332,635.2666666666667,7483.133333333333,6851.8,631.3333333333334,474.4,344.0,0.0,0.0,0.0,632.0,198.66666666666666,27.333333333333332,3345.733333333333,692.5333333333333,135.93333333333334,806709.2922666667,114028.393,54551.86666666667,0.0,0.0,0.0,0.3595333333333333,1.829,15,738,0
seleccion,sel_grid,ma,auto,180.0,6.0,60.0,60.0,1.0,246.0,632.0,22.0,sigma,43804.73333333333,5930.266666666666,49735.0,43943.73333333333,5930.266666666666,16503.066666666666,18621.266666666666,14610.666666666666,2850.8,1154.1333333333334,1108.4,588.2666666666667,14956.733333333334,640.6666666666666,7794.333333333333,7162.4,631.9333333333333,523.8,384.8666666666667,0.0,0.0,0.0,632.0,209.0,27.8,3501.6666666666665,702.5333333333333,144.66666666666666,851297.2392666667,118874.19646666666,54551.86666666667,0.0,0.0,0.0,0.3857333333333333,1.649,15,793,0
seleccion,sel_grid,model,auto,15.0,1.0,60.0,60.0,1.0,246.0,632.0,22.0,sigma,109656.66666666667,12487.2,122143.86666666667,109831.06666666667,12487.2,37223.73333333333,37258.6,47661.53333333333,1230.4,464.26666666666665,294.8,471.3333333333333,8980.0,535.1333333333333,4555.8,4424.2,131.6,166.53333333333333,0.0,0.0,0.0,-0.4666666666666667,132.33333333333334,388.46666666666664,54.266666666666666,7395.266666666666,2239.0666666666666,1551.2666666666667,2976519.007666667,656449.0122666667,54551.86666666667,0.0,0.0,0.0,0.23653333333333335,0.609,15,0,0
seleccion,sel_grid,model,auto,15.0,2.0,60.0,60.0,1.0,246.0,632.0,22.0,sigma,43318.066666666666,5176.533333333334,48494.6,43475.6,5176.533333333334,15854.333333333334,15215.866666666667,17424.4,2536.9333333333334,1010.2,844.4,682.3333333333334,14098.666666666666,629.8666666666667,7361.133333333333,6737.533333333334,623.6,492.73333333333335,379.93333333333334,0.0,0.0,0.0,624.2,207.2,29.333333333333332,3944.6,793.0,280.0,1036950.3092,138253.68966666667,54551.86666666667,0.0,0.0,0.0,0.2786666666666667,1.634,15,736,0
seleccion,sel_grid,model,auto,15.0,3.0,60.0,60.0,1.0,246.0,632.0,22.0,sigma,40642.53333333333,4615.666666666667,45258.2,40803.0,4615.666666666667,16107.6,14676.2,14474.4,2885.5333333333333,1188.8,1018.6666666666666,678.0666666666667,16206.133333333333,640.8666666666667,8418.866666666667,7787.266666666666,631.6,721.0666666666667,588.6,0.0,0.0,0.0,632.0,199.66666666666666,27.8,3730.5333333333333,699.2,229.4,958345.5448666667,116645.82593333333,54551.86666666667,0.0,0.0,0.0,0.3137333333333333,3.148,15,946,0
seleccion,sel_grid,model,auto,15.0,4.0,60.0,60.0,1.0,246.0,632.0,22.0,sigma,42439.73333333333,4807.8,47247.53333333333,42580.933333333334,4807.8,17325.333333333332,15900.6,14021.6,3170.4,1330.6,1162.0666666666666,677.7333333333333,18011.133333333335,650.4666666666667,9321.466666666667,8689.666666666666,631.8,853.0,682.2,0.0,0.0,-0.06666666666666667,632.0,215.46666666666667,29.2,3923.6,705.7333333333333,236.0,1017211.6163999999,118296.00633333334,54551.86666666667,0.0,0.0,0.0,0.36186666666666667,3.315,15,1055,0
seleccion,sel_grid,model,auto,15.0,5.0,60.0,60.0,1.0,246.0,632.0,22.0,sigma,44902.26666666667,5139.066666666667,50041.333333333336,45045.73333333333,5139.066666666667,19010.8,17231.0,13799.533333333333,3358.866666666667,1411.5333333333333,1277.1333333333334,670.2,19490.933333333334,655.2666666666667,10061.2,9429.733333333334,631.4666666666667,939.2666666666667,759.0666666666667,0.0,0.0,0.0,632.0,226.86666666666667,30.133333333333333,4146.866666666667,727.5333333333333,274.73333333333335,1094367.8360666665,124171.41206666667,54551.86666666667,0.0,0.0,0.0,0.3864666666666666,10.581,15,1204,0
seleccion,sel_grid,model,auto,15.0,6.0,60.0,60.0,1.0,246.0,632.0,22.0,sigma,47900.46666666667,5614.266666666666,53514.73333333333,48039.8,5614.266666666666,20811.133333333335,18599.266666666666,14104.333333333334,3469.6,1442.4666666666667,1352.0666666666666,675.0666666666667,20602.933333333334,658.0666666666667,10617.333333333334,9985.6,631.7333333333333,998.6666666666666,786.6,0.0,0.0,0.0,632.0,242.6,32.46666666666667,4405.666666666667,793.4,317.8,1191097.1287333334,138271.92453333334,54551.86666666667,0.0,0.0,0.0,0.39333333333333337,1.502,15,1067,0
seleccion,sel_grid,model,auto,60.0,1.0,60.0,60.0,1.0,246.0,632.0,22.0,sigma,114256.6,12861.666666666666,127118.26666666666,114422.8,12861.666666666666,38166.933333333334,39454.0,49497.333333333336,1110.0666666666666,419.8666666666667,250.8,439.4,8039.4,514.2,4065.0666666666666,3974.3333333333335,90.73333333333333,104.6,0.0,0.0,0.0,-0.06666666666666667,91.0,404.46666666666664,57.06666666666667,7784.6,2268.0,1797.4666666666667,3303497.8809333337,667957.5974666666,54551.86666666667,0.0,0.0,0.0,0.22486666666666666,0.52,15,0,0
seleccion,sel_grid,model,auto,60.0,2.0,60.0,60.0,1.0,246.0,632.0,22.0,sigma,46000.333333333336,6065.8,52066.13333333333,46159.53333333333,6065.8,16873.2,16216.333333333334,18976.6,2242.133333333333,883.8666666666667,723.1333333333333,635.1333333333333,12284.733333333334,608.4666666666667,6442.066666666667,5842.666666666667,599.4,266.8666666666667,183.6,0.0,0.0,0.0,599.4,207.26666666666668,31.333333333333332,3785.4666666666667,842.0666666666667,235.4,968713.2463333333,145831.33453333334,54551.86666666667,0.0,0.0,0.0,0.2478,0.823,15,344,0
seleccion,sel_grid,model,auto,60.0,3.0,60.0,60.0,1.0,246.0,632.0,22.0,sigma,40624.0,5199.533333333334,45823.53333333333,40784.46666666667,5199.533333333334,15739.8,14666.333333333334,15417.4,2541.4,1036.9333333333334,873.0,631.4666666666667,13821.0,625.2666666666667,7223.133333333333,6597.866666666667,625.2666666666667,391.8,297.4,0.0,0.0,0.0,626.6,193.33333333333334,28.0,3368.3333333333335,695.1333333333333,160.93333333333334,821395.425,115976.5288,54551.86666666667,0.0,0.0,0.0,0.2878,1.007,15,514,0
seleccion,sel_grid,model,auto,60.0,4.0,60.0,60.0,1.0,246.0,632.0,22.0,sigma,41234.066666666666,5143.666666666667,46377.73333333333,41378.333333333336,5143.666666666667,16196.733333333334,15450.2,14730.8,2790.9333333333334,1167.8,993.5333333333333,629.6,15122.333333333334,636.6,7877.066666666667,7245.266666666666,631.8,496.0,382.1333333333333,0.0,0.0,-0.06666666666666667,632.0,200.93333333333334,26.8,3511.0666666666666,666.9333333333333,167.4,867947.0743333333,110002.31906666668,54551.86666666667,0.0,0.0,0.0,0.34913333333333335,6.198,15,639,0
seleccion,sel_grid,model,auto,60.0,5.0,60.0,60.0,1.0,246.0,632.0,22.0,sigma,43243.53333333333,5454.533333333334,48698.066666666666,43384.73333333333,5454.533333333334,17457.733333333334,16577.6,14662.733333333334,2999.0666666666666,1270.8666666666666,1107.9333333333334,620.2666666666667,16394.6,644.5333333333333,8513.266666666666,7881.333333333333,631.9333333333333,577.4,439.53333333333336,0.0,0.0,0.0,632.0,213.06666666666666,28.533333333333335,3729.133333333333,690.6666666666666,194.86666666666667,941645.2518666667,115833.26533333333,54551.86666666667,0.0,0.0,0.0,0.37766666666666665,2.525,15,648,0
seleccion,sel_grid,model,auto,60.0,6.0,60.0,60.0,1.0,246.0,632.0,22.0,sigma,45670.4,5834.4,51504.8,45811.53333333333,5834.4,19141.8,17688.2,14674.8,3159.733333333333,1343.2666666666667,1200.4,616.0666666666667,17439.266666666666,650.6,9035.4,8403.866666666667,631.5333333333333,640.6666666666666,486.53333333333336,0.0,0.0,0.0,632.0,227.2,29.533333333333335,3958.4666666666667,743.0666666666667,221.06666666666666,1016682.2721333334,126450.975,54551.86666666667,0.0,0.0,0.0,0.40486666666666665,1.611,15,744,0
seleccion,sel_grid,model,auto,180.0,2.0,60.0,60.0,1.0,246.0,632.0,22.0,sigma,47392.6,6752.0,54144.6,47551.8,6752.0,17423.866666666665,16998.2,19722.533333333333,2122.0666666666666,793.2,694.6666666666666,634.2,11423.466666666667,598.0666666666667,6008.866666666667,5414.6,594.2666666666667,192.8,114.26666666666667,0.0,0.0,0.0,594.8,204.13333333333333,29.8,3688.133333333333,903.2666666666667,221.46666666666667,935542.4289333334,161432.71446666666,54551.86666666667,0.0,0.0,0.0,0.23579999999999998,1.812,15,307,0
seleccion,sel_grid,model,auto,180.0,3.0,60.0,60.0,1.0,246.0,632.0,22.0,sigma,41664.333333333336,5856.6,47520.933333333334,41802.86666666667,5856.6,15611.2,15357.533333333333,16552.2,2359.733333333333,905.5333333333333,826.8666666666667,627.3333333333334,12475.133333333333,612.6666666666666,6541.933333333333,5933.2,608.7333333333333,294.2,199.2,0.0,0.0,0.0,608.9333333333333,184.4,25.6,3239.5333333333333,767.7333333333333,141.13333333333333,775941.5066666666,129142.30433333333,54551.86666666667,0.0,0.0,0.0,0.27913333333333334,1.373,15,437,0
seleccion,sel_grid,model,auto,180.0,4.0,60.0,60.0,1.0,246.0,632.0,22.0,sigma,40676.933333333334,5644.866666666667,46321.8,40815.26666666667,5644.866666666667,15098.133333333333,15598.333333333334,15625.333333333334,2562.2,1004.7333333333333,939.8666666666667,617.6,13435.266666666666,623.6,7030.133333333333,6405.133333333333,625.0,355.06666666666666,259.8,0.0,0.0,-0.06666666666666667,625.1333333333333,184.66666666666666,24.0,3188.9333333333334,728.0,134.66666666666666,764628.7992,120404.2164,54551.86666666667,0.0,0.0,0.0,0.32413333333333333,2.6,15,512,0
seleccion,sel_grid,model,auto,180.0,5.0,60.0,60.0,1.0,246.0,632.0,22.0,sigma,41619.066666666666,5890.933333333333,47510.0,41759.2,5890.933333333333,15470.733333333334,16604.4,15434.866666666667,2727.866666666667,1086.5333333333333,1040.9333333333334,600.4,14171.4,632.9333333333333,7401.2,6770.2,631.0,410.2,289.6,0.0,0.0,0.0,631.1333333333333,195.73333333333332,26.866666666666667,3293.0,738.9333333333333,131.73333333333332,792953.043,123318.13893333334,54551.86666666667,0.0,0.0,0.0,0.3539333333333333,1.119,15,519,0
seleccion,sel_grid,model,auto,180.0,6.0,60.0,60.0,1.0,246.0,632.0,22.0,sigma,43077.933333333334,6032.4,49110.333333333336,43217.73333333333,6032.4,16096.533333333333,17742.0,15271.8,2854.6,1148.7333333333333,1110.0666666666666,595.8,14735.333333333334,638.1333333333333,7683.6,7051.733333333334,631.8666666666667,443.8666666666667,320.93333333333334,0.0,0.0,0.0,632.0,206.73333333333332,27.4,3476.0,728.2,152.53333333333333,847774.6401333333,122620.162,54551.86666666667,0.0,0.0,0.0,0.39213333333333333,2.106,15,515,0
seleccion,sel_h,ma,auto,60.0,1.0,60.0,60.0,1.0,246.0,632.0,22.0,sigma,114432.33333333333,13066.6,127498.93333333333,114603.0,13066.6,38499.4,39312.13333333333,49687.4,1062.6666666666667,412.06666666666666,236.86666666666667,413.73333333333335,7947.333333333333,505.93333333333334,4014.266666666667,3933.0666666666666,81.2,106.86666666666666,0.0,0.0,0.0,-0.8,82.33333333333333,402.2,57.0,7687.333333333333,2261.0666666666666,1773.0,3229868.7608,668312.9064000001,54551.86666666667,0.0,0.0,0.0,0.21393333333333334,0.43,15,0,0
seleccion,sel_h,ma,auto,60.0,2.0,60.0,60.0,1.0,246.0,632.0,22.0,sigma,44801.0,5784.666666666667,50585.666666666664,44960.333333333336,5784.666666666667,16739.133333333335,16243.0,17603.533333333333,2214.4666666666667,885.4,708.8,620.2666666666667,12414.2,609.2,6510.4,5903.8,606.6,311.46666666666664,223.4,0.0,0.0,0.0,606.9333333333333,203.93333333333334,29.933333333333334,3685.0,794.0,219.46666666666667,932579.6463333333,136717.71686666665,54551.86666666667,0.0,0.0,0.0,0.2537333333333333,9.423,15,535,0
seleccion,sel_h,ma,auto,60.0,3.0,60.0,60.0,1.0,246.0,632.0,22.0,sigma,40701.666666666664,5234.533333333334,45936.2,40861.933333333334,5234.533333333334,15904.4,15338.066666666668,14693.733333333334,2521.866666666667,1041.3333333333333,861.9333333333333,618.6,13970.4,626.5333333333333,7301.133333333333,6669.266666666666,631.8666666666667,432.8,330.53333333333336,0.0,0.0,0.0,632.0,188.8,25.933333333333334,3354.3333333333335,651.5333333333333,160.2,821675.6276,106223.0378,54551.86666666667,0.0,0.0,0.0,0.28353333333333336,2.587,15,695,0
seleccion,sel_h,ma,auto,60.0,4.0,60.0,60.0,1.0,246.0,632.0,22.0,sigma,41477.6,5286.466666666666,46764.066666666666,41626.2,5286.466666666666,16550.466666666667,16182.2,14031.4,2790.266666666667,1180.4,995.0,614.8666666666667,15400.6,639.0,8016.266666666666,7384.333333333333,631.9333333333333,552.0666666666667,430.53333333333336,0.0,0.0,-0.06666666666666667,632.0,197.66666666666666,25.933333333333334,3506.2,651.0,162.33333333333334,863103.6714666667,106904.88620000001,54551.86666666667,0.0,0.0,0.0,0.3174,1.806,15,755,0
seleccion,sel_h,ma,auto,60.0,5.0,60.0,60.0,1.0,246.0,632.0,22.0,sigma,44196.6,5547.2,49743.8,44339.0,5547.2,18042.666666666668,17647.866666666665,14053.266666666666,2990.4,1281.4,1103.0,606.0,16586.066666666666,647.0,8608.933333333332,7977.133333333333,631.8,638.2,485.73333333333335,0.0,0.0,0.0,632.0,216.2,28.266666666666666,3754.4666666666667,680.7333333333333,191.4,950336.8552,113703.368,54551.86666666667,0.0,0.0,0.0,0.356,2.701,15,847,0
seleccion,sel_h,ma,auto,60.0,6.0,60.0,60.0,1.0,246.0,632.0,22.0,sigma,46425.73333333333,5972.066666666667,52397.8,46566.0,5972.066666666667,19517.666666666668,19108.066666666666,13772.066666666668,3145.733333333333,1351.1333333333334,1193.6,601.0,17645.533333333333,652.9333333333333,9138.666666666666,8506.866666666667,631.8,699.0666666666667,530.8,0.0,0.0,0.0,632.0,227.0,28.133333333333333,3959.0,720.9333333333333,216.93333333333334,1022980.9934666666,127138.70326666668,54551.86666666667,0.0,0.0,0.0,0.38186666666666663,2.036,15,916,0
seleccion,sel_h,oracle,auto,60.0,1.0,60.0,60.0,1.0,246.0,632.0,22.0,sigma,113633.66666666667,12862.266666666666,126495.93333333333,113806.46666666666,12862.266666666666,38916.4,38268.666666666664,49310.86666666667,773.3333333333334,302.53333333333336,145.0,325.8,6076.8,414.6666666666667,3048.4666666666667,3028.3333333333335,20.133333333333333,23.733333333333334,0.0,0.0,0.0,-0.2,20.866666666666667,392.46666666666664,53.666666666666664,7310.933333333333,2222.866666666667,1878.9333333333334,3251869.691533333,675586.7508666667,54551.86666666667,0.0,0.0,0.0,0.22553333333333334,0.609,15,0,0
seleccion,sel_h,oracle,auto,60.0,2.0,60.0,60.0,1.0,246.0,632.0,22.0,sigma,30032.333333333332,3884.6,33916.933333333334,30192.333333333332,3884.6,14621.6,9817.533333333333,9477.8,1641.8,674.3333333333334,499.8,467.6666666666667,9515.066666666668,543.0666666666667,5043.666666666667,4471.4,572.2666666666667,56.86666666666667,31.2,0.0,0.0,0.0,572.2666666666667,134.06666666666666,20.0,2138.2,612.4,196.53333333333333,570636.5940666667,97514.0186,54551.86666666667,0.0,0.0,0.0,0.2456,0.636,15,86,0
seleccion,sel_h,oracle,auto,60.0,3.0,60.0,60.0,1.0,246.0,632.0,22.0,sigma,22801.333333333332,3084.0666666666666,25885.4,22959.533333333333,3084.0666666666666,11563.466666666667,7567.733333333334,6754.2,1750.1333333333334,763.2,539.8666666666667,447.06666666666666,10017.933333333332,560.8,5301.333333333333,4716.6,584.7333333333333,78.13333333333334,49.8,0.0,0.0,0.0,585.1333333333333,111.33333333333333,19.066666666666666,1797.0,497.73333333333335,128.6,449204.13793333335,75798.794,54551.86666666667,0.0,0.0,0.0,0.2716,1.396,15,140,0
seleccion,sel_h,oracle,auto,60.0,4.0,60.0,60.0,1.0,246.0,632.0,22.0,sigma,20018.0,2767.3333333333335,22785.333333333332,20174.266666666666,2767.3333333333335,10294.8,6676.0,5814.533333333334,1834.5333333333333,827.8,580.6666666666666,426.06666666666666,10175.333333333334,570.7333333333333,5385.533333333334,4789.8,595.7333333333333,93.4,64.86666666666666,0.0,0.0,0.0,595.7333333333333,102.4,18.333333333333332,1699.8666666666666,415.26666666666665,121.6,420481.89666666667,57944.50953333334,54551.86666666667,0.0,0.0,0.0,0.2982666666666667,1.975,15,153,0
seleccion,sel_h,oracle,auto,60.0,5.0,60.0,60.0,1.0,246.0,632.0,22.0,sigma,18982.666666666668,2521.9333333333334,21504.6,19138.6,2521.9333333333334,9660.133333333333,6544.333333333333,5300.133333333333,1899.8,878.2666666666667,621.8,399.73333333333335,10299.533333333333,580.4666666666667,5448.266666666666,4851.266666666666,597.0,102.6,74.0,0.0,0.0,0.0,597.4,101.6,17.0,1677.8,358.6,113.33333333333333,413657.04786666663,47188.28793333333,54551.86666666667,0.0,0.0,0.0,0.3203333333333333,1.023,15,185,0
seleccion,sel_h,oracle,auto,60.0,6.0,60.0,60.0,1.0,246.0,632.0,22.0,sigma,19198.533333333333,2405.6666666666665,21604.2,19355.866666666665,2405.6666666666665,9734.6,6663.933333333333,5205.666666666667,1936.7333333333333,915.1333333333333,649.2666666666667,372.3333333333333,10334.533333333333,584.6,5468.333333333333,4866.2,602.1333333333333,111.93333333333334,82.33333333333333,0.0,0.0,0.0,602.4666666666667,107.4,19.0,1798.0666666666666,302.6,134.86666666666667,457892.6592,38064.09306666666,54551.86666666667,0.0,0.0,0.0,0.3295333333333333,1.461,15,206,0
seleccion,sel_lambda,oracle,auto,60.0,2.0,60.0,0.0,1.0,246.0,632.0,22.0,floor,20514.8,3075.6,23590.4,20670.733333333334,3075.6,10335.733333333334,7163.6,6091.066666666667,4422.466666666666,1475.4,1474.0,1473.0666666666666,31053.666666666668,668.1333333333333,15716.0,15337.666666666666,378.3333333333333,294.6666666666667,39.266666666666666,0.0,0.0,-0.2,378.6666666666667,94.46666666666667,13.6,849.9333333333333,479.0,22.6,188652.73206666665,80736.88739999999,54551.86666666667,0.0,0.0,0.0,0.19386666666666666,1.483,15,191,0
seleccion,sel_lambda,oracle,auto,60.0,2.0,60.0,0.0,1.0,246.0,632.0,22.0,sigma,16422.933333333334,2433.133333333333,18856.066666666666,16578.533333333333,2433.133333333333,9235.8,5403.933333333333,4216.333333333333,4407.466666666666,1475.9333333333334,1475.8,1455.7333333333333,31636.2,670.7333333333333,15998.2,15638.0,360.2,37.06666666666667,6.4,0.0,0.0,-0.2,360.73333333333335,84.73333333333333,11.066666666666666,739.2666666666667,494.0,28.8,164598.98466666666,89375.82366666666,54551.86666666667,0.0,0.0,0.0,0.1492,3.604,15,35,0
seleccion,sel_lambda,oracle,auto,60.0,2.0,60.0,5.0,1.0,246.0,632.0,22.0,floor,12740.6,1597.9333333333334,14338.533333333333,12897.133333333333,1597.9333333333334,7483.466666666666,4091.5333333333333,2763.5333333333333,3288.3333333333335,1301.8666666666666,1246.0666666666666,740.4,13203.2,615.8666666666667,6847.066666666667,6356.133333333333,490.93333333333334,456.8666666666667,148.8,0.0,0.0,-0.6,491.1333333333333,67.33333333333333,10.8,655.6666666666666,202.73333333333332,16.133333333333333,136126.59726666668,25104.20853333333,54551.86666666667,0.0,0.0,0.0,1.649,332.962,15,366,0
seleccion,sel_lambda,oracle,auto,60.0,2.0,60.0,5.0,1.0,246.0,632.0,22.0,sigma,11500.4,1578.2666666666667,13078.666666666666,11654.8,1578.2666666666667,7172.466666666666,3275.0,2631.2,3272.266666666667,1296.9333333333334,1242.4666666666667,732.8666666666667,12793.266666666666,622.0666666666667,6625.866666666667,6167.4,458.46666666666664,98.06666666666666,40.13333333333333,0.0,0.0,-0.3333333333333333,458.46666666666664,62.13333333333333,8.933333333333334,673.3333333333334,241.13333333333333,30.866666666666667,147524.51073333333,32960.8298,54551.86666666667,0.0,0.0,0.0,0.5739333333333333,45.624,15,127,0
seleccion,sel_lambda,oracle,auto,60.0,2.0,60.0,15.0,1.0,246.0,632.0,22.0,floor,13771.266666666666,1767.4666666666667,15538.733333333334,13927.866666666667,1767.4666666666667,8203.4,4328.266666666666,3007.0666666666666,2938.8,1188.2666666666667,1092.0,658.5333333333333,12892.0,609.4666666666667,6703.866666666667,6188.133333333333,515.7333333333333,496.8666666666667,155.8,0.0,0.0,-0.6,515.8666666666667,69.6,10.666666666666666,783.5333333333333,228.13333333333333,35.93333333333333,171895.9558,29073.0834,54551.86666666667,0.0,0.0,0.0,0.3922666666666667,11.204,15,389,0
seleccion,sel_lambda,oracle,auto,60.0,2.0,60.0,15.0,1.0,246.0,632.0,22.0,sigma,12038.066666666668,1679.0666666666666,13717.133333333333,12194.466666666667,1679.0666666666666,7472.6,3406.4666666666667,2838.0666666666666,2937.0666666666666,1190.1333333333334,1081.6,665.3333333333334,12396.533333333333,614.2666666666667,6449.4,5947.133333333333,502.26666666666665,103.4,44.46666666666667,0.0,0.0,-0.13333333333333333,502.3333333333333,62.2,8.533333333333333,776.0666666666667,244.4,44.733333333333334,173999.6634,33137.74533333334,54551.86666666667,0.0,0.0,0.0,0.2859333333333333,6.536,15,115,0
seleccion,sel_lambda,oracle,auto,60.0,2.0,60.0,30.0,1.0,246.0,632.0,22.0,floor,17906.666666666668,2127.866666666667,20034.533333333333,18064.333333333332,2127.866666666667,9980.466666666667,5696.333333333333,4357.733333333334,2215.266666666667,911.4,753.6666666666666,550.2,11447.066666666668,584.0,6012.133333333333,5434.933333333333,577.2,419.06666666666666,181.86666666666667,0.0,0.0,0.0,577.5333333333333,81.8,11.733333333333333,1056.2,288.1333333333333,47.06666666666667,230369.70626666668,36138.21193333333,54551.86666666667,0.0,0.0,0.0,0.3656666666666667,21.812,15,388,0
seleccion,sel_lambda,oracle,auto,60.0,2.0,60.0,30.0,1.0,246.0,632.0,22.0,sigma,15442.866666666667,1980.8,17423.666666666668,15600.066666666668,1980.8,8820.466666666667,4809.066666666667,3794.133333333333,2338.4,960.9333333333333,794.6,582.8666666666667,11312.4,593.1333333333333,5946.466666666666,5365.933333333333,580.5333333333333,89.66666666666667,48.8,0.0,0.0,0.0,580.6,79.53333333333333,11.666666666666666,1087.5333333333333,288.0,63.06666666666667,248032.13653333334,39832.131199999996,54551.86666666667,0.0,0.0,0.0,0.254,6.073,15,111,0
seleccion,sel_lambda,oracle,auto,60.0,2.0,60.0,60.0,1.0,246.0,632.0,22.0,floor,34807.933333333334,4176.4,38984.333333333336,34969.066666666666,4176.4,16622.133333333335,11225.666666666666,11136.533333333333,1439.0,584.4,440.3333333333333,414.26666666666665,9521.2,528.1333333333333,5045.666666666667,4475.533333333334,570.1333333333333,250.66666666666666,115.93333333333334,0.0,0.0,0.0,570.7333333333333,142.26666666666668,19.666666666666668,2180.266666666667,650.4666666666667,158.93333333333334,557794.2651333333,101511.23166666667,54551.86666666667,0.0,0.0,0.0,0.3212,0.832,15,255,0
seleccion,sel_lambda,oracle,auto,60.0,2.0,60.0,60.0,1.0,246.0,632.0,22.0,sigma,30032.333333333332,3884.6,33916.933333333334,30192.333333333332,3884.6,14621.6,9817.533333333333,9477.8,1641.8,674.3333333333334,499.8,467.6666666666667,9515.066666666668,543.0666666666667,5043.666666666667,4471.4,572.2666666666667,56.86666666666667,31.2,0.0,0.0,0.0,572.2666666666667,134.06666666666666,20.0,2138.2,612.4,196.53333333333333,570636.5940666667,97514.0186,54551.86666666667,0.0,0.0,0.0,0.24713333333333332,0.633,15,86,0
seleccion,sel_lambda,oracle,auto,60.0,2.0,60.0,120.0,1.0,246.0,632.0,22.0,floor,137522.6,18937.0,156459.6,137697.0,18937.0,46418.666666666664,48502.8,61538.13333333333,385.8666666666667,169.8,57.86666666666667,158.2,4149.133333333333,255.33333333333334,2089.4666666666667,2059.6666666666665,29.8,46.2,0.0,0.0,0.0,-0.8,34.0,433.93333333333334,59.666666666666664,7739.2,2723.2,1864.7333333333333,3305281.4997333335,830252.7576666666,54551.86666666667,0.0,0.0,0.0,0.3223333333333333,0.7,15,0,0
seleccion,sel_lambda,oracle,auto,60.0,2.0,60.0,120.0,1.0,246.0,632.0,22.0,sigma,133024.46666666667,18893.933333333334,151918.4,133198.53333333333,18893.933333333334,47103.933333333334,46820.2,57994.26666666667,425.06666666666666,174.6,65.4,185.06666666666666,4002.733333333333,281.53333333333336,2006.9333333333334,1995.8,11.133333333333333,17.266666666666666,0.0,0.0,0.0,-0.6666666666666666,13.533333333333333,430.46666666666664,59.6,7791.466666666666,2833.6,1915.6666666666667,3361450.3085333332,873121.3518666666,54551.86666666667,0.0,0.0,0.0,0.29159999999999997,0.606,15,0,0
seleccion,sel_lambda,oracle,auto,60.0,2.0,60.0,240.0,1.0,246.0,632.0,22.0,floor,192197.0,43929.46666666667,236126.46666666667,192399.06666666668,43929.46666666667,69665.26666666666,72602.33333333333,93858.86666666667,0.0,0.0,0.0,0.0,0.0,0.0,0.0,0.0,0.0,0.0,0.0,0.0,0.0,0.0,0.0,612.9333333333333,81.4,10709.266666666666,5257.733333333334,3199.4666666666667,5052125.266333333,1939877.186,54551.86666666667,0.0,0.0,0.0,0.26426666666666665,0.433,15,0,0
seleccion,sel_lambda,oracle,auto,60.0,2.0,60.0,240.0,1.0,246.0,632.0,22.0,sigma,192197.0,43929.46666666667,236126.46666666667,192399.06666666668,43929.46666666667,69665.26666666666,72602.33333333333,93858.86666666667,0.0,0.0,0.0,0.0,0.0,0.0,0.0,0.0,0.0,0.0,0.0,0.0,0.0,0.0,0.0,612.9333333333333,81.4,10709.266666666666,5257.733333333334,3199.4666666666667,5052125.266333333,1939877.186,54551.86666666667,0.0,0.0,0.0,0.217,0.364,15,0,0
