day,E_obs,F_obs,E_replay,F_replay,rel_E,rel_F,blank_min,unobs_min
2025-09-01,108705.69999999998,12351.5,106451,12316,-0.020741322672132023,-0.002874144840707582,0.0,3779.9166666666674
2025-09-02,50321.16666666667,10701.166666666668,51703,8492,0.02746028013393964,-0.20644166523899277,487.0,3746.0666666666657
2025-09-03,79632.18333333332,17247.966666666667,78132,16806,-0.018838907468525457,-0.025624276484764397,639.0333333333333,3847.6166666666672
2025-09-04,102237.56666666668,17918.983333333334,98770,18295,-0.03391675662598925,0.02098426343012383,0.0,3621.9500000000007
2025-09-05,106439.45000000001,12579.983333333334,100956,12923,-0.05151708318673209,0.02726686177379678,0.0,3723.5
2025-09-06,71004.15,15668.383333333335,65620,15430,-0.07582866635260044,-0.015214290349036319,0.0,3283.4500000000007
2025-09-07,75452.2,13753.383333333333,71636,12587,-0.05057771675312317,-0.08480701112332356,0.0,3452.7000000000007
2025-09-08,101647.7,17419.35,100342,18053,-0.012845347213955582,0.03637621380820755,0.0,3644.516666666667
2025-09-09,83951.75,17820.86666666667,82460,17169,-0.017769135247329593,-0.03657884203162598,0.0,3994.2999999999993
2025-09-11,108430.55,19021.733333333334,106944,19717,-0.01370969712871517,0.036551173044166996,0.0,3847.6166666666672
2025-09-12,90591.61666666667,14372.283333333333,88439,12604,-0.023761764563571708,-0.12303426618595747,0.0,3497.8333333333335
2025-09-13,63441.26666666667,18817.5,62240,18541,-0.018935099025975788,-0.0146937690979142,0.0,3779.9166666666674
2025-09-14,72443.45,15683.3,69499,14805,-0.04064480639726564,-0.0560022444255992,0.0,4400.5
2025-09-15,69862.25,19301.949999999997,69788,19277,-0.0010628057355724918,-0.0012926155129402428,12.283333333333333,4028.1500000000015
2025-09-16,52934.26666666666,16275.766666666666,51072,16200,-0.03518073988619841,-0.004655182653966139,0.0,3892.75
