day,arm,E,F,trips_served,detours_dep,detours_arr,walk_m_dep,walk_m_arr,moves,stations_touched,A,R,rebalanced,warehouse,clipped,arrivals_unknown,n_orders,detours_dep_far,dep_failed,arr_failed,E_oos,F_oos,seconds
2025-09-03,baseline,53086,29090,23299,4080,4253,2385029.2265862296,1652954.3728139738,0,0,0,0,0,0,0,0,0,1792,0,0,774,0,0.8
2025-09-03,ecobici,16838,8404,23299,41,82,7383.665734644772,14938.00912011649,3896,639,4706,4783,4706,-77,146,0,3958,0,0,0,733,0,0.7
2025-09-03,ecobici_t1,19750,9152,23299,439,482,88065.919592483,107835.25784314076,3794,635,4550,4695,4550,-145,82,0,3831,11,0,0,728,0,0.7
2025-09-03,ecobici_avail,30534,6567,23299,96,77,19723.549258239815,12558.166288518643,4468,660,5295,5386,5295,-91,246,0,4591,0,0,0,733,0,0.7
2025-09-15,baseline,49080,19779,14542,2094,1599,886279.8387126427,433486.7778422948,0,0,0,0,0,0,0,1,0,608,0,0,0,0,0.64
2025-09-15,ecobici,28006,6682,14542,136,48,31231.24539515867,8140.872113561212,2889,588,3307,3334,3307,-27,107,1,2944,2,0,0,0,0,0.64
2025-09-15,ecobici_t1,29655,6852,14542,302,87,72049.54022504759,16739.061984350177,2811,583,3195,3314,3195,-119,30,1,2826,4,0,0,0,0,0.67
2025-09-15,ecobici_avail,26779,6598,14542,62,93,12280.017541288731,15803.117214607499,3444,649,4383,3413,3413,970,160,1,3518,0,0,0,0,0,0.65
2025-09-26,baseline,64230,26679,20981,3674,2807,1833660.957783529,908656.375048851,0,0,0,0,0,0,0,1,0,1282,0,0,416,0,0.66
2025-09-26,ecobici,34913,9820,20981,144,76,37714.7754592463,16256.273129585057,3970,623,4594,4645,4594,-51,185,1,4049,1,0,0,416,0,0.67
2025-09-26,ecobici_t1,34885,10751,20981,458,182,117068.98453985085,39744.834463695865,3892,622,4540,4604,4540,-64,67,1,3928,28,0,0,416,0,0.68
2025-09-26,ecobici_avail,38501,9050,20981,122,63,28522.982044978962,13903.084211210135,4181,641,5281,4606,4606,675,250,1,4296,3,0,0,416,0,0.68
2025-09-28,baseline,39052,4345,13168,1086,265,376159.44058832695,59038.702046442064,0,0,0,0,0,0,0,0,0,196,0,0,0,0,0.63
2025-09-28,ecobici,26553,2764,13168,101,12,23652.34821538765,2716.9874551930952,2277,551,1941,1991,1941,-50,68,0,2325,0,0,0,0,0,0.64
2025-09-28,ecobici_t1,27933,2634,13168,166,27,35858.166970026185,5585.729533983491,2196,541,1829,1950,1829,-121,15,0,2205,0,0,0,0,0,0.63
2025-09-28,ecobici_avail,26854,2550,13168,56,12,10574.407824868555,2703.519893973093,2158,554,1820,1979,1820,-159,85,0,2209,0,0,0,0,0,0.64
2025-10-07,baseline,68627,26359,23492,4786,4009,2727118.9425127013,1401448.8842815356,0,0,0,0,0,0,0,0,0,2027,0,0,397,0,0.67
2025-10-07,ecobici,29126,5509,23492,164,78,36216.68648791981,14338.46444902019,4150,644,5022,5104,5022,-82,203,0,4220,1,0,0,397,0,0.68
2025-10-07,ecobici_t1,32577,5338,23492,750,263,210792.1808441066,52904.46938169525,4044,641,4855,5032,4855,-177,108,0,4086,69,0,0,397,0,0.69
2025-10-07,ecobici_avail,36382,4720,23492,205,89,47353.37474552197,16850.58237433309,4170,650,5123,5116,5116,7,246,0,4282,3,0,0,397,0,0.7
2025-10-11,baseline,11598,3933,12498,192,124,47161.0184321368,29469.429121625868,0,0,0,0,0,0,0,0,0,0,0,0,0,0,0.63
2025-10-11,ecobici,9438,2955,12498,41,12,9862.796702925114,2464.593767584404,2606,554,1716,1831,1716,-115,32,0,2633,0,0,0,0,0,0.65
2025-10-11,ecobici_t1,9417,3050,12498,49,37,11186.421185803194,8598.726264345643,2528,550,1660,1761,1660,-101,6,0,2534,0,0,0,0,0,0.65
2025-10-11,ecobici_avail,11472,2574,12498,40,12,9445.224982746437,2805.325642463262,2707,593,1662,2010,1662,-348,50,0,2737,0,0,0,0,0,0.65
2025-10-13,baseline,66211,26244,21865,4248,3563,2204079.049145073,1252141.4210405916,0,0,0,0,0,0,0,0,0,1637,0,0,0,0,0.66
2025-10-13,ecobici,30851,6802,21865,167,109,40935.93333053599,20202.524734618157,3684,632,4448,4521,4448,-73,199,0,3778,1,0,0,0,0,0.68
2025-10-13,ecobici_t1,34177,7039,21865,657,306,140781.84041649388,67322.75379454775,3611,627,4321,4512,4321,-191,63,0,3651,15,0,0,0,0,0.69
2025-10-13,ecobici_avail,35180,5819,21865,221,77,55218.7832020669,13188.86578523238,3914,648,4648,4603,4603,45,253,0,4034,4,0,0,0,0,0.68
2025-10-15,baseline,65886,27081,23288,4397,3886,2318883.5461008186,1437744.0562429966,0,0,0,0,0,0,0,0,0,1665,0,0,0,0,0.68
2025-10-15,ecobici,27083,7153,23288,95,86,20099.284934569514,14128.663876605255,4035,633,4712,4824,4712,-112,201,0,4131,0,0,0,0,0,0.69
2025-10-15,ecobici_t1,31157,7887,23288,610,389,158818.6720569355,80030.15579296957,3943,629,4553,4760,4553,-207,107,0,3994,50,0,0,0,0,0.68
2025-10-15,ecobici_avail,36195,5632,23288,172,72,38524.15770575419,11673.871606140347,3913,635,4553,4937,4553,-384,259,0,4057,0,0,0,0,0,0.7
2025-10-22,baseline,65296,26715,24533,4660,4138,2650399.298062487,1473863.7797223283,0,0,0,0,0,0,0,0,0,1895,0,0,0,0,0.69
2025-10-22,ecobici,27506,7429,24533,185,175,41147.21625002539,35622.65906037497,4056,651,4876,4913,4876,-37,231,0,4144,1,0,0,0,0,0.7
2025-10-22,ecobici_t1,30522,7208,24533,703,432,213094.6675978521,97318.78410347496,3983,650,4755,4896,4755,-141,98,0,4023,84,0,0,0,0,0.7
2025-10-22,ecobici_avail,33251,6294,24533,288,166,72146.51271081518,33800.25661209038,4174,655,4995,4983,4983,12,261,0,4290,8,0,0,0,0,0.69
2025-10-25,baseline,26096,5491,13467,216,61,55261.628576564966,13515.917519860115,0,0,0,0,0,0,0,0,0,8,0,0,420,420,0.65
2025-10-25,ecobici,22888,5253,13467,27,22,6052.741862562385,4394.358654851626,2346,554,1672,1673,1672,-1,54,0,2386,0,0,0,420,420,0.66
2025-10-25,ecobici_t1,23717,5380,13467,55,31,13014.133864334019,6370.313582707547,2277,547,1624,1624,1624,0,2,0,2277,1,0,0,420,420,0.66
2025-10-25,ecobici_avail,25386,4659,13467,40,19,8999.244704843084,3842.7717290674154,2205,555,1507,1726,1507,-219,71,0,2256,0,0,0,420,420,0.66
2025-11-07,baseline,58733,17885,21292,3702,2366,1819009.757525262,670110.9637868057,0,0,0,0,0,0,0,0,0,1351,0,0,0,0,0.68
2025-11-07,ecobici,26575,3531,21292,187,33,48714.320304703746,4941.635898089078,3985,639,4578,4611,4578,-33,189,0,4059,0,0,0,0,0,0.69
2025-11-07,ecobici_t1,29241,3375,21292,508,118,130970.37955710207,21421.53545750251,3885,637,4412,4549,4412,-137,66,0,3919,27,0,0,0,0,0.68
2025-11-07,ecobici_avail,29004,3209,21292,143,33,33437.23965103406,4276.73701248457,4402,665,5218,4855,4855,363,196,0,4486,1,0,0,0,0,0.7
2025-11-12,baseline,61681,24619,22632,4196,3779,2330562.3029424055,1326529.704249369,0,0,0,0,0,0,0,0,0,1711,0,0,0,0,0.7
2025-11-12,ecobici,28027,5277,22632,146,153,30651.953382930733,24940.750710366574,4404,658,5160,5271,5160,-111,266,0,4500,0,0,0,0,0,0.71
2025-11-12,ecobici_t1,31146,5371,22632,704,336,185966.6274200097,67508.10383101349,4317,655,5024,5231,5024,-207,115,0,4366,59,0,0,0,0,0.69
2025-11-12,ecobici_avail,35012,4612,22632,200,137,47308.9464877018,22242.764346709464,4547,663,5300,5403,5300,-103,307,0,4680,4,0,0,0,0,0.71
2025-11-15,baseline,17723,7815,11983,438,319,113991.18843269457,78411.02888131245,0,0,0,0,0,0,0,0,0,4,0,0,0,0,0.64
2025-11-15,ecobici,14814,5912,11983,87,36,23189.983907506805,8914.688024269657,2074,523,1495,1624,1495,-129,49,0,2104,0,0,0,0,0,0.67
2025-11-15,ecobici_t1,14857,5945,11983,115,79,29674.11404994803,19673.12406424988,1979,519,1451,1538,1451,-87,28,0,1994,0,0,0,0,0,0.65
2025-11-15,ecobici_avail,15740,5148,11983,36,26,8654.257275692555,6107.494988581715,1955,533,1332,1671,1332,-339,88,0,1988,0,0,0,0,0,0.67
2025-11-19,baseline,74866,23517,22404,4848,3334,2736899.1100217244,1100555.290926034,0,0,0,0,0,0,0,8,0,2022,0,0,0,0,0.7
2025-11-19,ecobici,42690,6679,22404,411,119,106894.77534664117,23046.919464867988,3978,646,4750,4825,4750,-75,321,8,4129,18,0,0,0,0,0.72
2025-11-19,ecobici_t1,46615,6633,22404,981,240,251553.76095420876,52227.11604754624,3870,642,4582,4793,4582,-211,132,8,3936,65,0,0,0,0,0.75
2025-11-19,ecobici_avail,41950,7006,22404,269,181,69898.79872710322,36991.80214153262,4332,661,5220,4902,4902,318,421,8,4497,12,0,0,0,0,0.72
2025-11-24,baseline,75504,21146,19449,4182,2504,2364229.197421918,756858.1960475659,0,0,0,0,0,0,0,0,0,1725,0,0,0,0,0.69
2025-11-24,ecobici,45459,4508,19449,432,78,114929.91292876439,16965.723959888754,3413,626,4317,4537,4317,-220,292,0,3526,15,0,0,0,0,0.69
2025-11-24,ecobici_t1,49048,4193,19449,837,137,210278.16899480455,27637.842264007664,3343,620,4169,4535,4169,-366,131,0,3404,34,0,0,0,0,0.7
2025-11-24,ecobici_avail,42591,4558,19449,161,116,44142.68360988902,25139.536316176578,4210,654,5472,4961,4961,511,394,0,4355,10,0,0,0,0,0.69
