day,arm,E,F,trips_served,detours_dep,detours_arr,walk_m_dep,walk_m_arr,moves,stations_touched,A,R,rebalanced,warehouse,clipped,arrivals_unknown,recorte_bodega,recorte_por_movimiento,danos_aplicados,danos_no_aplicables,taller_aplicado,taller_no_aplicable,n_orders,reparaciones_aplicadas,reparaciones_no_aplicables,E_out_of_service,F_out_of_service,dep_failed,arr_failed,n_arrivals_after_end,seconds
2025-09-03,baseline,215859,57707,57328,12828,7405,6235758.694311796,2604558.9050675174,0,0,0,0,0,0,0,1,0,0,2651,829,941,177,0,1456,347,987,0,0,0,89,0.93
2025-09-03,baseline_fijas,175635,69676,57328,10567,8713,5043970.171822136,3116613.3101846874,0,0,0,0,0,0,0,1,0,0,0,0,0,0,0,0,0,993,0,0,0,89,0.83
2025-09-03,ecobici,83248,13912,57328,951,190,233732.52923669806,27048.759542632157,3035,612,7639,6621,6621,1018,351,1,0,0,3331,149,1092,26,3077,1750,53,1035,0,0,0,89,0.88
2025-09-03,ecobici_undo,69381,15879,57328,325,250,71943.62195432874,39681.94142708809,5121,663,8929,7449,7449,1480,386,1,0,0,3456,24,1116,2,5204,1795,8,1028,0,0,0,89,0.9
2025-09-03,ecobici_t1,90613,14124,57328,2334,621,637332.2086748655,130041.22134153661,3048,611,7621,6789,6789,832,201,1,0,0,3213,267,1069,49,3077,1716,87,1049,0,0,0,89,0.9
2025-09-03,ecobici_stock_fijas,40565,15702,57328,189,197,38265.67882099898,32161.930463331784,5850,663,8741,8443,8443,298,292,1,0,0,0,0,0,0,5899,0,0,1052,0,0,0,89,0.85
2025-09-15,baseline,174515,47117,41531,6077,3587,2533714.064516632,1183614.9274001971,0,0,0,0,0,0,0,1,0,0,1631,338,848,43,0,1284,29,0,0,0,0,191,0.83
2025-09-15,baseline_fijas,173723,56587,41531,6393,4293,2598180.4574836665,1518732.1803277622,0,0,0,0,0,0,0,1,0,0,0,0,0,0,0,0,0,0,0,0,0,191,0.78
2025-09-15,ecobici,75283,14438,41531,595,88,135577.1677652986,19023.45310561118,2014,565,5368,4757,4757,611,164,1,0,0,1887,82,886,5,2028,1309,4,0,0,0,0,191,0.83
2025-09-15,ecobici_undo,62364,17737,41531,81,123,17545.40117312825,27871.8600645681,3359,622,6260,5235,5235,1025,183,1,0,0,1960,9,891,0,3396,1312,1,0,0,0,0,191,0.83
2025-09-15,ecobici_t1,81870,14752,41531,1004,296,236443.0261024309,77632.391319795,2019,566,5385,4849,4849,536,55,1,0,0,1835,134,876,15,2028,1303,10,0,0,0,0,191,0.83
2025-09-15,ecobici_stock_fijas,72545,18496,41531,889,216,196822.78643337422,41516.18312883199,3897,621,6100,5853,5853,247,306,1,0,0,0,0,0,0,3980,0,0,0,0,0,0,191,0.82
2025-09-26,baseline,241077,56942,56810,12256,4946,6031181.3694174485,1873713.2231368371,0,0,0,0,0,0,0,1,0,0,1685,595,990,108,0,887,97,1039,0,0,0,165,0.94
2025-09-26,baseline_fijas,220287,65739,56810,10885,5813,5270557.765383142,2274359.286374823,0,0,0,0,0,0,0,1,0,0,0,0,0,0,0,0,0,1039,0,0,0,165,0.84
2025-09-26,ecobici,138846,26917,56810,1559,183,427931.2881562377,44758.84744653372,2385,547,6097,5311,5311,786,254,1,0,0,2148,132,1079,19,2437,970,14,756,0,0,0,165,0.86
2025-09-26,ecobici_undo,112099,31834,56810,347,261,89637.92607786218,71063.59435609666,4490,621,7426,6136,6136,1290,288,1,0,0,2254,26,1098,0,4590,981,3,725,0,0,0,165,0.89
2025-09-26,ecobici_t1,146742,30706,56810,2987,808,908678.0524433418,255714.37369103028,2380,549,6085,5356,5356,729,221,1,0,0,2035,245,1063,35,2437,950,34,790,0,0,0,165,0.91
2025-09-26,ecobici_stock_fijas,103110,32069,56810,736,281,190060.35874451365,78635.2181408937,5185,622,7237,7013,7013,224,286,1,0,0,0,0,0,0,5287,0,0,725,0,0,0,165,0.87
2025-09-28,baseline,166799,14724,37009,4134,942,1315398.8853681935,204853.94599588157,0,0,0,0,0,0,0,1,0,0,1000,181,690,38,0,128,4,0,0,0,0,72,0.81
2025-09-28,baseline_fijas,141790,19398,37009,3274,1314,1047664.4538776347,292588.787880127,0,0,0,0,0,0,0,1,0,0,0,0,0,0,0,0,0,0,0,0,0,72,0.77
2025-09-28,ecobici,86450,7331,37009,597,13,122645.96035259374,2605.261929547314,1443,533,2821,2463,2463,358,136,1,0,0,1115,66,723,5,1459,131,1,0,0,0,0,72,0.84
2025-09-28,ecobici_undo,71663,9050,37009,132,52,26587.705104379194,11124.734364812548,2847,610,3725,2981,2981,744,158,1,0,0,1174,7,728,0,2897,132,0,0,0,0,0,72,0.84
2025-09-28,ecobici_t1,87639,7241,37009,681,53,139908.98736934457,11433.560238523925,1448,532,2865,2511,2511,354,44,1,0,0,1081,100,705,23,1459,130,2,0,0,0,0,72,0.82
2025-09-28,ecobici_stock_fijas,61679,8898,37009,210,40,48317.32447937873,8572.08553599879,3385,611,3661,3616,3616,45,91,1,0,0,0,0,0,0,3435,0,0,0,0,0,0,72,0.8
2025-10-07,baseline,282258,57830,67224,19069,8480,9939572.677103497,3593468.440927956,0,0,0,0,0,0,0,0,0,0,2066,905,1079,195,0,1372,218,1057,0,0,0,65,0.99
2025-10-07,baseline_fijas,252808,67804,67224,16611,9565,8624853.39101813,4137669.5875766133,0,0,0,0,0,0,0,0,0,0,0,0,0,0,0,0,0,998,0,0,0,65,0.91
2025-10-07,ecobici,134259,17270,67224,2517,558,724127.5041827569,144025.38592915598,2678,598,7533,6557,6557,976,539,0,0,0,2745,226,1235,39,2739,1554,36,876,0,0,0,65,0.93
2025-10-07,ecobici_undo,104942,21572,67224,637,658,147483.63310824468,170350.53062021913,4590,653,8788,7240,7240,1548,576,0,0,0,2925,46,1269,5,4689,1582,8,825,0,0,0,65,0.94
2025-10-07,ecobici_t1,143771,17923,67224,5559,1428,1870642.5325893634,435801.5556384445,2684,598,7481,6539,6539,942,609,0,0,0,2572,399,1207,67,2739,1517,73,780,0,0,0,65,0.96
2025-10-07,ecobici_stock_fijas,98227,21364,67224,1203,703,278899.80523673084,182992.32031842292,5430,654,8598,8266,8266,332,620,0,0,0,0,0,0,0,5548,0,0,844,0,0,0,65,0.9
2025-10-11,baseline,102335,16768,39391,2098,951,610940.2783429862,226230.22456472198,0,0,0,0,0,0,0,1,0,0,1517,135,680,25,0,380,4,0,0,0,0,156,0.82
2025-10-11,baseline_fijas,71918,21572,39391,1339,1242,388336.72022494965,306325.25799532776,0,0,0,0,0,0,0,1,0,0,0,0,0,0,0,0,0,0,0,0,0,156,0.77
2025-10-11,ecobici,58548,8486,39391,437,18,98815.0683868583,4155.299488206813,1289,476,2023,1725,1725,298,45,1,0,0,1594,58,695,10,1304,383,1,0,0,0,0,156,0.83
2025-10-11,ecobici_undo,45881,11147,39391,92,50,21622.19404777083,10302.7864309094,3228,617,3207,2493,2493,714,81,1,0,0,1648,4,705,0,3279,384,0,0,0,0,0,156,0.84
2025-10-11,ecobici_t1,62013,8498,39391,515,67,113315.18524477439,15332.015845792022,1300,475,2037,1750,1750,287,6,1,0,0,1580,72,690,15,1304,383,1,0,0,0,0,156,0.83
2025-10-11,ecobici_stock_fijas,30849,11401,39391,114,35,26032.827139755176,7799.600677225235,3802,619,3161,3153,3153,8,64,1,0,0,0,0,0,0,3846,0,0,0,0,0,0,156,0.8
2025-10-13,baseline,251792,57584,64565,16646,7602,8183318.655062542,3162080.8843960576,0,0,0,0,0,0,0,3,0,0,2311,964,1218,150,0,1690,222,0,0,0,0,75,0.98
2025-10-13,baseline_fijas,237636,69446,64565,15381,8864,7476234.581830962,3843628.9661385473,0,0,0,0,0,0,0,3,0,0,0,0,0,0,0,0,0,0,0,0,0,75,0.92
2025-10-13,ecobici,108709,15467,64565,2204,676,699110.4453477184,141021.0944229116,2863,597,7632,6599,6599,1033,484,3,0,0,3073,202,1353,15,2909,1883,29,0,0,0,0,75,0.94
2025-10-13,ecobici_undo,87550,19493,64565,769,762,239596.8857680687,161703.17673223966,4569,651,8807,7209,7209,1598,497,3,0,0,3227,48,1366,2,4646,1909,3,0,0,0,0,75,0.94
2025-10-13,ecobici_t1,118208,15486,64565,4312,1138,1298131.6208160645,295518.3460860338,2864,597,7662,6730,6730,932,323,3,0,0,2910,365,1344,24,2909,1849,63,0,0,0,0,75,0.97
2025-10-13,ecobici_stock_fijas,86674,19733,64565,1294,866,339776.03394377517,202785.44311788864,5372,651,8533,8191,8191,342,563,3,0,0,0,0,0,0,5476,0,0,0,0,0,0,75,0.88
2025-10-15,baseline,265067,56989,63833,17539,7722,8823266.583412401,3112332.0834451597,0,0,0,0,0,0,0,1,0,0,1796,783,1171,194,0,1308,220,0,0,0,0,96,0.96
2025-10-15,baseline_fijas,231246,68888,63833,15061,8960,7372479.274641558,3717499.559216757,0,0,0,0,0,0,0,1,0,0,0,0,0,0,0,0,0,0,0,0,0,96,0.91
2025-10-15,ecobici,107894,16394,63833,1690,304,421908.01529004565,41224.73425861526,2946,598,7713,6709,6709,1004,386,1,0,0,2402,177,1329,36,2998,1477,51,0,0,0,0,96,0.93
2025-10-15,ecobici_undo,85044,20481,63833,376,396,78395.16276597205,60732.48194450541,5226,654,9187,7606,7606,1581,419,1,0,0,2547,32,1361,4,5340,1523,5,0,0,0,0,96,0.96
2025-10-15,ecobici_t1,117191,17052,63833,3650,775,1006495.1645304321,152839.48833899063,2956,599,7755,6801,6801,954,252,1,0,0,2253,326,1290,75,2998,1447,81,0,0,0,0,96,0.95
2025-10-15,ecobici_stock_fijas,74860,19931,63833,888,394,205307.75888077743,61253.39347272864,6025,655,8953,8649,8649,304,467,1,0,0,0,0,0,0,6149,0,0,0,0,0,0,96,0.9
2025-10-22,baseline,263686,59480,70082,19311,8629,9924237.665964287,3560994.186221432,0,0,0,0,0,0,0,2,0,0,2528,1125,1360,255,0,1663,288,0,0,0,0,132,1.0
2025-10-22,baseline_fijas,234945,72741,70082,16991,10060,8566744.348361183,4312445.335418373,0,0,0,0,0,0,0,2,0,0,0,0,0,0,0,0,0,0,0,0,0,132,0.91
2025-10-22,ecobici,111483,15814,70082,2526,703,745652.4401481536,173542.84117898572,3005,609,8171,6927,6927,1244,541,2,0,0,3377,276,1579,36,3057,1900,51,0,0,0,0,132,0.97
2025-10-22,ecobici_undo,85898,20537,70082,805,819,204783.25357974344,211743.46966043866,5245,659,9686,7776,7776,1910,548,2,0,0,3584,69,1611,4,5335,1941,10,0,0,0,0,132,0.98
2025-10-22,ecobici_t1,123251,17217,70082,5683,1601,1974433.0357343857,486070.2781857919,3002,610,8177,6965,6965,1212,497,2,0,0,3190,463,1548,67,3057,1860,91,0,0,0,0,132,0.97
2025-10-22,ecobici_stock_fijas,82729,21210,70082,1324,887,344258.34210824606,234589.50320880816,6125,660,9311,8928,8928,383,614,2,0,0,0,0,0,0,6247,0,0,0,0,0,0,132,0.91
2025-10-25,baseline,189687,10581,54710,6605,449,2316732.168476942,87641.39103880402,0,0,0,0,0,0,0,0,0,0,1543,327,996,41,0,101,5,811,0,0,0,368,0.87
2025-10-25,baseline_fijas,129906,15340,54710,2619,872,859670.010496612,199242.8329813775,0,0,0,0,0,0,0,0,0,0,0,0,0,0,0,0,0,811,0,0,0,368,0.82
2025-10-25,ecobici,146242,8835,54710,2464,30,723587.2002071785,4466.976730666391,1126,441,1761,1377,1377,384,103,0,0,0,1701,169,1020,17,1175,105,1,811,0,0,0,368,0.88
2025-10-25,ecobici_undo,116125,13005,54710,338,155,95008.3967917993,28292.74121250875,2522,583,2736,1804,1804,932,143,0,0,0,1846,24,1035,2,2597,105,1,811,0,0,0,368,0.9
2025-10-25,ecobici_t1,147162,9105,54710,2599,40,763719.3220376658,7627.66896216637,1144,445,1778,1415,1415,363,48,0,0,0,1661,209,1016,21,1175,104,2,811,0,0,0,368,0.88
2025-10-25,ecobici_stock_fijas,80507,13427,54710,142,95,34337.59993895472,17712.13573479791,3340,588,2666,2775,2666,-109,91,0,0,0,0,0,0,0,3402,0,0,811,0,0,0,368,0.84
2025-11-07,baseline,253486,40064,63666,16383,5689,7756304.304752588,1945143.2076117713,0,0,0,0,0,0,0,0,0,0,2645,1099,1459,244,0,1641,259,0,0,0,0,189,0.96
2025-11-07,baseline_fijas,233515,52474,63666,14436,6967,6805580.427248366,2512299.032375917,0,0,0,0,0,0,0,0,0,0,0,0,0,0,0,0,0,0,0,0,0,189,0.9
2025-11-07,ecobici,104591,5934,63666,1818,124,530308.2527459379,15829.721208961042,2704,586,7039,5968,5968,1071,287,0,0,0,3501,243,1652,51,2749,1850,50,0,0,0,0,189,0.95
2025-11-07,ecobici_undo,81959,8658,63666,476,175,119824.53741094212,24631.238162374168,4454,643,8264,6547,6547,1717,297,0,0,0,3707,37,1698,5,4513,1895,5,0,0,0,0,189,0.96
2025-11-07,ecobici_t1,115811,6181,63666,3513,425,1072932.6017137845,67962.19521803744,2708,585,7066,6044,6044,1022,184,0,0,0,3378,366,1625,78,2749,1831,69,0,0,0,0,189,0.94
2025-11-07,ecobici_stock_fijas,83108,8217,63666,1059,209,256810.4107126697,34385.89325328242,5449,643,7935,7829,7829,106,363,0,0,0,0,0,0,0,5536,0,0,0,0,0,0,189,0.9
2025-11-12,baseline,282656,58110,66498,19744,8100,10528206.375020588,3254891.8994981535,0,0,0,0,0,0,0,0,0,0,2683,1181,1569,214,0,1637,324,0,0,0,0,106,0.99
2025-11-12,baseline_fijas,247505,72504,66498,16712,9608,8712306.764386464,4023892.5772037953,0,0,0,0,0,0,0,0,0,0,0,0,0,0,0,0,0,0,0,0,0,106,0.93
2025-11-12,ecobici,120140,14895,66498,2445,836,719209.0347772038,176523.84631828638,3056,628,7959,6599,6599,1360,419,0,0,0,3585,279,1752,31,3113,1922,39,0,0,0,0,106,0.95
2025-11-12,ecobici_undo,93950,19914,66498,782,924,207524.98384895723,204940.0486510084,5227,666,9461,7425,7425,2036,439,0,0,0,3801,63,1779,4,5323,1955,6,0,0,0,0,106,0.98
2025-11-12,ecobici_t1,133875,14119,66498,5461,1274,1816564.778390325,354063.75616081315,3056,632,7988,6751,6751,1237,238,0,0,0,3404,460,1724,59,3113,1894,67,0,0,0,0,106,0.97
2025-11-12,ecobici_stock_fijas,90976,20615,66498,1177,973,301859.68654775945,232959.16236136272,6202,667,9019,8683,8683,336,494,0,0,0,0,0,0,0,6312,0,0,0,0,0,0,106,0.91
2025-11-15,baseline,117293,23613,37201,2828,1199,896979.7200262258,288223.3710106103,0,0,0,0,0,0,0,0,0,0,1477,200,786,34,0,779,24,0,0,0,0,146,0.83
2025-11-15,baseline_fijas,90567,30108,37201,1970,1665,636959.8128624593,411131.9152519319,0,0,0,0,0,0,0,0,0,0,0,0,0,0,0,0,0,0,0,0,0,146,0.77
2025-11-15,ecobici,72814,12580,37201,591,26,134414.18090888482,5185.361217287593,1258,490,1987,1667,1667,320,62,0,0,0,1594,83,812,8,1277,793,10,0,0,0,0,146,0.83
2025-11-15,ecobici_undo,61140,14512,37201,116,55,27547.545104534518,10672.879980999292,2722,593,2935,2188,2188,747,88,0,0,0,1670,7,819,1,2768,802,1,0,0,0,0,146,0.84
2025-11-15,ecobici_t1,74444,11893,37201,646,73,149057.02517754372,17320.518350710965,1269,489,2013,1682,1682,331,21,0,0,0,1561,116,805,15,1277,791,12,0,0,0,0,146,0.85
2025-11-15,ecobici_stock_fijas,51344,16144,37201,293,162,72752.17726006237,38968.149103695534,3321,595,2848,2890,2848,-42,87,0,0,0,0,0,0,0,3378,0,0,0,0,0,0,146,0.8
2025-11-19,baseline,273263,50878,65368,18023,6945,9197009.327250902,2887803.762179495,0,0,0,0,0,0,0,25,0,0,2216,1159,1772,177,0,1756,198,0,0,0,0,94,1.01
2025-11-19,baseline_fijas,261173,64958,65368,16399,8430,8376937.065359171,3693969.158398009,0,0,0,0,0,0,0,25,0,0,0,0,0,0,0,0,0,0,0,0,0,94,0.92
2025-11-19,ecobici,129492,15654,65368,2438,582,771738.762288782,164219.5853977246,3014,624,7699,6299,6299,1400,555,25,0,0,3069,306,1922,27,3089,1912,42,0,0,0,0,94,0.94
2025-11-19,ecobici_undo,103337,20721,65368,882,703,241335.48289839784,200268.53013715005,5383,664,9247,7214,7214,2033,583,25,0,0,3295,80,1944,5,5511,1946,8,0,0,0,0,94,0.97
2025-11-19,ecobici_t1,136934,16511,65368,5742,1276,2099671.8892390514,363093.95193512295,3012,625,7768,6394,6394,1374,391,25,0,0,2857,518,1888,61,3089,1885,69,0,0,0,0,94,0.98
2025-11-19,ecobici_stock_fijas,117966,21919,65368,2221,914,613659.1772677234,274121.811904089,6296,664,8825,8412,8412,413,682,25,0,0,0,0,0,0,6524,0,0,0,0,0,0,94,0.92
2025-11-24,baseline,264442,50463,59282,16706,6146,8698312.200154753,2409426.840326518,0,0,0,0,0,0,0,0,0,0,2272,946,1549,265,0,2030,185,0,0,0,0,73,0.98
2025-11-24,baseline_fijas,266364,61303,59282,16669,7184,8740486.738606961,2958447.5676189233,0,0,0,0,0,0,0,0,0,0,0,0,0,0,0,0,0,0,0,0,0,73,0.92
2025-11-24,ecobici,116621,11422,59282,1675,420,482923.4861401984,65666.03434503131,2929,611,7807,6447,6447,1360,570,0,0,0,3070,148,1777,37,2981,2187,28,0,0,0,0,73,0.93
2025-11-24,ecobici_undo,94063,14216,59282,447,472,119181.50197521642,75744.21808800157,4472,654,8865,6985,6985,1880,580,0,0,0,3190,28,1808,6,4548,2212,3,0,0,0,0,73,0.95
2025-11-24,ecobici_t1,127544,10101,59282,4000,583,1280712.3308708768,93106.58053260858,2941,612,7887,6661,6661,1226,276,0,0,0,2919,299,1727,87,2981,2165,50,0,0,0,0,73,0.93
2025-11-24,ecobici_stock_fijas,122608,16736,59282,2488,681,652677.7389935936,140972.53352650304,5227,654,8431,8060,8060,371,785,0,0,0,0,0,0,0,5409,0,0,0,0,0,0,73,0.9
