day,set,coverage,t_ini_min,t1_max,moves,stations_touched,A,R,rebalanced,warehouse,warehouse_cum_max_abs,undo_moves,undo_stations_touched,undo_A,undo_R,undo_rebalanced,undo_warehouse,undo_warehouse_cum_max_abs,stock_moves,stock_stations_touched,stock_A,stock_R,stock_rebalanced,stock_warehouse,stock_warehouse_cum_max_abs,manana_moves,manana_stations_touched,manana_A,manana_R,manana_rebalanced,manana_warehouse,manana_warehouse_cum_max_abs,manana_stock_moves,manana_stock_stations_touched,manana_stock_A,manana_stock_R,manana_stock_rebalanced,manana_stock_warehouse,manana_stock_warehouse_cum_max_abs,taller_retiro,taller_rama_delta_pos,warehouse_rama_pos_reparacion,danos,reparaciones,manana_taller_retiro,undo_pairs,undo_rows,undo_pct,undo_rows_dis_drop_neg,moves_avail,A_avail,R_avail,intervals,excluded_blank,excluded_blank_nonzero
2025-08-01,,1.0,-6.12,2025-08-02 00:25:28,2112,560,6252,5624,5624,628,660,3986,633,7189,6561,6561,628,658,4207,633,7055,6958,6958,97,374,908,411,2890,2803,2803,87,281,1586,497,3119,3230,3119,-111,402,531,134,494,2788,1620,204,937,1874,44.54,419,5338,7599,8139,43328,0,0
2025-08-02,,1.0,4.85,2025-08-03 00:25:34,971,449,2064,1716,1716,348,348,2211,549,2684,2336,2336,348,350,2323,549,2579,2528,2528,51,247,498,295,1052,995,995,57,161,976,384,1236,1276,1236,-40,245,297,105,243,1401,1591,104,620,1240,53.38,375,2901,3338,2800,41297,0,0
2025-08-03,,1.0,-6.22,2025-08-04 00:29:20,1164,475,2534,2225,2225,309,357,2626,562,3265,2956,2956,309,363,2798,563,3249,3196,3196,53,173,493,293,960,912,912,48,139,1170,406,1259,1304,1259,-45,170,256,16,293,2113,1065,99,731,1462,52.25,435,3092,3131,3870,40620,0,0
2025-08-04,,1.0,-5.73,2025-08-05 00:26:15,2250,580,6803,6196,6196,607,682,4194,647,7775,7168,7168,607,685,4383,649,7583,7518,7518,65,504,1005,450,3157,3041,3041,116,371,1692,530,3334,3507,3334,-173,496,542,192,415,2879,2243,291,972,1944,44.35,443,6079,8745,8774,40620,4,4
2025-08-05,,1.0,-6.02,2025-08-06 00:26:19,2225,588,6348,5791,5791,557,587,4193,647,7332,6775,6775,557,589,4399,648,7199,7137,7137,62,569,1083,463,3017,2974,2974,43,474,1920,536,3363,3506,3363,-143,554,495,133,424,2578,1091,192,984,1968,44.74,533,4560,6968,7898,40620,12,1
2025-08-06,,1.0,-5.95,2025-08-07 00:25:55,2563,614,6696,6206,6206,490,574,4503,652,7666,7176,7176,490,579,4730,653,7507,7592,7507,-85,702,1167,481,3222,3118,3118,104,484,1908,551,3433,3640,3433,-207,640,575,159,331,2410,1495,313,970,1940,41.01,447,5427,7864,8289,40620,0,0
2025-08-07,,1.0,-5.9,2025-08-08 00:25:59,2176,588,6413,5669,5669,744,831,4374,646,7512,6768,6768,744,837,4583,647,7247,7181,7181,66,571,938,430,2725,2605,2605,120,389,1899,544,3009,3231,3009,-222,590,678,265,479,3087,3100,346,1099,2198,47.96,535,6721,9198,8441,41974,0,0
2025-08-08,,1.0,-5.92,2025-08-09 00:25:42,2662,597,6683,5857,5857,826,846,4842,654,7773,6947,6947,826,852,5146,654,7493,7517,7493,-24,588,977,449,2847,2584,2584,263,415,1675,511,2957,3072,2957,-115,584,850,280,546,3248,2298,379,1090,2180,42.36,513,6528,8559,8683,44005,0,0
2025-08-09,,1.0,4.5,2025-08-10 00:25:40,906,395,1720,1428,1428,292,294,2586,565,2560,2268,2268,292,302,2706,566,2504,2497,2497,7,146,395,219,828,734,734,94,133,1101,384,1142,1177,1142,-35,153,285,56,236,1599,1807,135,840,1680,62.08,396,3551,3358,2858,41974,0,0
2025-08-10,,1.0,4.5,2025-08-11 00:26:06,891,414,1716,1494,1494,222,267,2285,552,2413,2191,2191,222,273,2405,553,2395,2369,2369,26,160,423,258,782,790,782,-8,110,1041,373,1058,1155,1058,-97,155,196,18,204,1450,566,97,697,1394,57.96,351,2357,2026,2688,41974,0,0
2025-08-11,,1.0,-6.02,2025-08-12 00:25:53,2230,591,6424,5932,5932,492,610,4266,647,7442,6950,6950,492,614,4480,647,7299,7389,7299,-90,596,1068,447,3118,3045,3045,73,444,1995,552,3499,3635,3499,-136,588,582,143,349,2079,1241,217,1018,2036,45.45,484,4615,7341,7687,44005,0,0
2025-08-12,,1.0,4.97,2025-08-13 00:26:20,2210,575,6763,5986,5986,777,787,4052,640,7684,6907,6907,777,797,4282,641,7529,7348,7348,181,555,1046,461,3124,2954,2954,170,468,1879,545,3424,3515,3424,-91,515,596,155,622,2371,1360,260,921,1842,43.02,535,4588,7577,7811,42651,0,0
2025-08-13,,1.0,-5.93,2025-08-14 00:25:49,2617,599,6255,5724,5724,531,533,5475,660,7684,7153,7153,531,536,5709,660,7597,7572,7572,25,531,1279,481,3233,3226,3226,7,446,2412,601,3696,3922,3696,-226,491,506,87,444,2308,1611,236,1429,2858,50.06,428,6253,8015,8181,43328,18,0
2025-08-14,,1.0,5.1,2025-08-15 00:25:45,3859,639,7915,7003,7003,912,976,6467,673,9219,8307,8307,912,981,6726,673,8872,8896,8872,-24,527,1011,461,2625,2638,2625,-13,461,1879,550,2949,3197,2949,-248,532,936,347,565,2363,1911,234,1304,2608,38.77,449,7617,9831,9371,42651,18,1
2025-08-15,,1.0,4.67,2025-08-16 00:27:36,2143,560,5778,5109,5109,669,688,4535,637,6974,6305,6305,669,694,4789,639,6853,6755,6755,98,379,924,407,2325,2322,2322,3,322,1854,533,2715,2872,2715,-157,376,571,121,548,2845,1919,168,1196,2392,49.95,481,5987,7510,7767,44005,0,0
2025-08-16,,1.0,4.22,2025-08-17 00:25:44,1096,444,2188,1795,1795,393,414,3356,601,3318,2925,2925,393,416,3484,602,3226,3153,3153,73,173,387,218,901,756,756,145,145,1335,435,1303,1297,1297,6,142,320,92,301,1428,1042,148,1130,2260,64.87,428,3459,3246,3239,42651,0,0
2025-08-17,,1.0,4.18,2025-08-18 00:25:58,1337,486,2625,2243,2243,382,494,3271,599,3592,3210,3210,382,495,3438,600,3444,3506,3444,-62,184,656,302,1120,955,955,165,166,1606,453,1460,1532,1460,-72,177,444,148,234,2164,1596,253,967,1934,56.25,419,4188,4026,4212,42651,0,0
2025-08-18,,1.0,-5.93,2025-08-19 00:25:42,2480,583,6998,6390,6390,608,674,4758,646,8137,7529,7529,608,680,4962,647,7939,7953,7939,-14,490,1149,469,3228,3180,3180,48,361,2081,551,3558,3763,3558,-205,538,622,198,410,2383,1803,260,1139,2278,45.91,494,5810,8562,8534,44682,0,0
2025-08-19,,1.0,4.42,2025-08-20 00:25:38,2823,608,7743,7043,7043,700,868,5557,659,9110,8410,8410,700,876,5818,659,8897,8925,8897,-28,556,1250,466,3513,3413,3413,100,448,2411,571,3940,4134,3940,-194,521,728,213,487,3159,2563,299,1367,2734,46.99,538,7263,10101,9997,44682,0,0
2025-08-20,,1.0,4.48,2025-08-21 00:26:47,2612,601,7333,6673,6673,660,830,4826,641,8440,7780,7780,660,838,5066,641,8221,8222,8221,-1,558,1229,480,3557,3423,3423,134,439,2043,546,3776,3975,3776,-199,557,661,219,441,2900,2159,337,1107,2214,43.7,534,6024,9039,9120,44682,0,0
2025-08-21,,1.0,4.4,2025-08-22 00:25:38,2492,590,7318,6678,6678,640,797,4546,648,8345,7705,7705,640,805,4813,650,8157,8201,8157,-44,572,1129,463,3160,3219,3160,-59,458,2045,559,3526,3807,3526,-281,622,684,188,452,2292,1490,227,1027,2054,42.68,526,5069,8366,8528,44005,0,0
2025-08-22,,1.0,5.43,2025-08-23 00:25:26,2254,595,6126,5623,5623,503,649,4176,641,7087,6584,6584,503,653,4390,642,6923,6926,6923,-3,562,1155,487,3200,3184,3184,16,357,2071,560,3527,3746,3527,-219,519,506,164,339,2101,1064,244,961,1922,43.78,419,4646,6959,7493,44682,22,1
2025-08-23,,1.0,4.05,2025-08-24 00:25:25,1048,445,2051,1845,1845,206,267,2752,585,2903,2697,2697,206,270,2864,586,2874,2926,2874,-52,183,497,296,894,897,894,-3,124,1369,462,1299,1420,1299,-121,173,258,29,177,1110,1113,122,852,1704,59.5,386,2847,3061,2852,43328,0,0
2025-08-24,,1.0,4.1,2025-08-25 00:26:06,1252,479,2382,2127,2127,255,311,3054,590,3283,3028,3028,255,314,3200,593,3215,3281,3215,-66,185,550,303,895,789,789,106,124,1440,456,1273,1308,1273,-35,143,321,68,187,1444,506,149,901,1802,56.31,406,2812,2712,3395,44005,0,0
2025-08-25,,1.0,5.63,2025-08-26 00:25:50,2396,581,6755,6115,6115,640,687,4406,641,7760,7120,7120,640,690,4619,644,7523,7597,7523,-74,567,1090,449,3151,3139,3139,12,480,1890,543,3372,3745,3372,-373,606,714,237,403,2648,3209,387,1005,2010,43.52,459,6442,9686,8485,44682,0,0
2025-08-26,,1.0,4.57,2025-08-27 00:25:26,2482,580,7419,6707,6707,712,803,4644,642,8500,7788,7788,712,816,4899,643,8294,8251,8251,43,684,1173,463,3551,3550,3550,1,600,1960,538,3834,4059,3834,-225,659,669,206,506,3498,2459,233,1081,2162,44.13,553,6463,9371,9698,44005,0,0
2025-08-27,,1.0,4.0,2025-08-28 00:26:42,2442,594,7236,6589,6589,647,729,4394,650,8212,7565,7565,647,740,4642,650,7984,7973,7973,11,607,1191,480,3624,3475,3475,149,434,2001,561,3805,4017,3805,-212,568,636,228,419,3137,2159,367,976,1952,42.05,593,5797,8743,9074,44682,0,0
2025-08-28,,1.0,4.13,2025-08-29 00:25:28,2611,587,7084,6471,6471,613,731,5047,646,8302,7689,7689,613,753,5268,646,8104,8142,8104,-38,605,1234,478,3420,3329,3329,91,476,2152,562,3725,3942,3725,-217,604,651,198,415,2906,2347,310,1218,2436,46.24,498,6641,9141,9087,44682,0,0
2025-08-29,,1.0,4.45,2025-08-30 00:25:08,2406,582,6679,5947,5947,732,732,4362,635,7657,6925,6925,732,737,4602,635,7494,7362,7362,132,502,1123,459,3265,3207,3207,58,438,1945,539,3576,3730,3576,-154,493,600,163,569,2927,1679,218,978,1956,42.5,574,5260,7701,8217,45359,0,0
2025-08-30,,1.0,4.07,2025-08-31 00:25:07,1091,440,2135,1742,1742,393,393,3051,593,3115,2722,2722,393,394,3201,596,3048,2950,2950,98,180,480,256,1009,904,904,105,170,1333,435,1363,1389,1363,-26,190,295,67,326,1789,1392,142,980,1960,61.23,450,3610,3374,3378,44682,0,0
2025-08-31,,1.0,4.28,2025-09-01 00:25:59,1302,489,2113,1919,1919,194,316,3102,589,3013,2819,2819,194,322,3338,599,2963,3253,2963,-290,315,600,327,860,778,778,82,92,1590,491,1271,1418,1271,-147,181,484,50,144,1218,522,236,900,1800,53.92,422,2591,2392,2894,43328,0,0
2025-09-01,seleccion,1.0,4.17,2025-09-02 00:25:44,2580,592,7266,6739,6739,527,599,4662,652,8307,7780,7780,527,605,4851,652,8125,8286,8125,-161,662,1156,467,3219,3239,3219,-20,447,2036,547,3517,3867,3517,-350,638,688,182,345,2283,1620,339,1041,2082,42.92,519,5465,8525,8661,44682,0,0
2025-09-02,,1.0,4.43,2025-09-03 00:25:29,1700,529,4631,4119,4119,512,618,3558,620,5560,5048,5048,512,620,3740,620,5381,5385,5381,-4,543,824,391,2363,2237,2237,126,476,1780,531,2668,2838,2668,-170,552,516,179,333,2325,3351,300,929,1858,49.68,486,5395,7692,6154,45359,26,1
2025-09-03,evaluacion,1.0,4.07,2025-09-04 00:25:24,3115,613,7705,6946,6946,759,775,5661,663,8978,8219,8219,759,780,5899,663,8799,8677,8677,122,610,1208,470,3342,3224,3224,118,437,2235,570,3724,3881,3724,-157,562,637,179,580,3480,2284,280,1273,2546,43.16,457,7571,9807,10244,45359,36,2
2025-09-04,,1.0,3.92,2025-09-05 00:26:34,2672,591,7498,6727,6727,771,814,5070,651,8697,7926,7926,771,823,5332,652,8490,8408,8408,82,696,1292,488,3464,3480,3464,-16,562,2375,581,3899,4134,3899,-235,642,689,207,564,3932,2361,221,1199,2398,44.97,563,7030,9386,10186,44682,0,0
2025-09-05,,1.0,4.28,2025-09-06 00:25:08,2599,585,6802,6135,6135,667,726,4927,646,7966,7299,7299,667,731,5169,648,7806,7754,7754,52,536,1191,452,3203,3121,3121,82,397,2243,567,3587,3809,3587,-222,584,615,160,507,3061,2205,309,1164,2328,45.04,522,6422,8643,8832,45359,0,0
2025-09-06,,1.0,3.93,2025-09-07 00:25:08,1180,449,2262,1865,1865,397,397,2928,574,3136,2739,2739,397,408,3114,575,3048,3075,3048,-27,189,475,271,1039,881,881,158,190,1150,412,1271,1321,1271,-50,186,424,88,309,1934,1444,223,874,1748,56.13,467,3590,3359,3452,45359,0,0
2025-09-07,,1.0,4.18,2025-09-08 00:25:53,1021,448,2047,1833,1833,214,306,2437,563,2755,2541,2541,214,313,2613,566,2693,2861,2693,-168,253,441,290,851,731,731,120,120,1104,419,1093,1190,1093,-97,170,382,62,152,1156,484,224,708,1416,54.19,405,1971,2187,2645,45359,0,0
2025-09-08,seleccion,1.0,4.18,2025-09-09 00:25:37,2968,598,8414,7614,7614,800,885,5540,656,9700,8900,8900,800,894,5806,656,9393,9450,9393,-57,652,1279,450,3611,3428,3428,183,569,2201,557,3854,4066,3854,-212,644,857,307,493,3545,3384,400,1286,2572,44.3,546,8238,11513,10874,44682,0,0
2025-09-09,,1.0,4.12,2025-09-10 00:25:35,2668,574,6932,6287,6287,645,704,4970,642,8083,7438,7438,645,711,5205,643,7914,7894,7894,20,611,1432,471,3542,3562,3542,-20,509,2650,579,4013,4350,4013,-337,614,625,169,476,3512,3085,324,1151,2302,44.23,528,7420,9624,9406,45359,0,0
2025-09-11,,1.0,4.05,2025-09-12 00:25:33,2627,593,7318,6687,6687,631,692,4823,649,8416,7785,7785,631,697,5033,649,8203,8172,8172,31,615,1238,447,3256,3256,3256,0,508,2235,554,3619,3864,3619,-245,588,600,213,418,3082,2250,247,1098,2196,43.63,531,6442,9137,9338,45359,0,0
2025-09-12,,1.0,4.12,2025-09-13 00:25:02,2684,582,6863,6262,6262,601,686,5264,654,8153,7552,7552,601,695,5548,655,7922,8054,7922,-132,603,1211,455,3208,3149,3149,59,507,2353,569,3646,3872,3646,-226,606,733,231,370,3161,2941,290,1290,2580,46.5,523,7084,9599,9218,46036,0,0
2025-09-13,seleccion,1.0,4.05,2025-09-14 00:25:05,921,422,1557,1261,1261,296,336,2169,551,2181,1885,1885,296,341,2298,552,2103,2108,2103,-5,163,398,251,668,539,539,129,130,982,378,870,912,870,-42,154,301,78,218,1343,764,174,624,1248,54.31,385,2199,1957,2240,45359,0,0
2025-09-14,,1.0,5.0,2025-09-15 00:26:02,1126,472,2408,1880,1880,528,597,2418,558,3054,2526,2526,528,607,2582,560,2963,2793,2793,170,250,472,281,856,712,712,144,144,1096,391,1057,1113,1057,-56,142,358,91,437,1428,464,207,646,1292,50.04,365,2129,2357,2793,45359,0,0
2025-09-15,evaluacion,1.0,4.48,2025-09-16 00:25:38,2037,567,5407,4891,4891,516,581,3809,622,6293,5777,5777,516,587,3980,622,6159,6100,6100,59,387,973,424,2407,2235,2235,172,288,1655,499,2616,2699,2616,-83,391,457,134,382,1969,1747,263,886,1772,44.52,413,4587,6916,6622,45359,2,2
2025-09-16,,1.0,4.32,2025-09-17 00:25:36,659,367,1254,1226,1226,28,138,1709,481,1779,1751,1751,28,145,1822,483,1758,1961,1758,-203,236,173,129,268,215,215,53,55,565,245,428,499,428,-71,104,231,21,7,894,394,130,525,1050,57.63,307,1477,1432,1904,45359,0,0
2025-09-17,seleccion,1.0,3.98,2025-09-18 00:25:41,2693,591,7504,6769,6769,735,809,4941,652,8628,7893,7893,735,819,5173,652,8404,8368,8368,36,613,1120,420,3151,3003,3003,148,528,1850,509,3341,3506,3341,-165,613,699,224,511,2989,2517,310,1124,2248,43.46,499,6648,9713,9450,45359,0,0
2025-09-18,,1.0,4.13,2025-09-19 00:25:42,2636,594,6927,6246,6246,681,778,5038,656,8128,7447,7447,681,782,5272,656,7835,7903,7835,-68,656,1089,442,2921,2766,2766,155,518,2001,544,3190,3372,3190,-182,600,749,293,388,3109,2363,349,1201,2402,45.56,577,6275,8883,8948,44682,15,1
2025-09-19,,1.0,4.07,2025-09-20 00:25:07,2290,554,6348,5720,5720,628,743,4464,631,7435,6807,6807,628,753,4703,632,7198,7264,7198,-66,426,918,365,2581,2411,2411,170,297,1726,480,2829,2928,2829,-99,423,694,237,391,3403,2196,274,1087,2174,46.23,625,5583,7869,8448,45359,16,1
2025-09-20,,1.0,4.03,2025-09-21 00:25:25,1210,463,1871,1614,1614,257,287,3844,618,3188,2931,2931,257,290,4021,618,3106,3260,3106,-154,245,447,235,656,554,554,102,102,1738,487,1206,1334,1206,-128,227,411,82,175,1875,2196,240,1317,2634,65.51,438,5184,4299,3721,44682,0,0
2025-09-21,seleccion,1.0,3.93,2025-09-22 00:25:49,1474,496,2609,2224,2224,385,450,3432,619,3588,3203,3203,385,459,3577,620,3517,3485,3485,32,157,599,288,881,824,824,57,103,1496,457,1255,1371,1255,-116,146,353,71,314,1270,434,180,979,1958,54.74,347,3149,3031,3482,44682,0,0
2025-09-22,,1.0,4.28,2025-09-23 00:25:32,2586,563,7020,6251,6251,769,769,5088,644,8271,7502,7502,769,774,5327,645,8032,7927,7927,105,560,1175,452,3138,2993,2993,145,388,2158,549,3434,3619,3434,-185,552,664,239,530,2774,2111,334,1251,2502,46.97,550,6256,8844,8738,45359,0,0
2025-09-23,,1.0,4.35,2025-09-24 00:25:45,2411,566,7130,6312,6312,818,892,4481,635,8165,7347,7347,818,897,4759,638,7909,7903,7903,6,482,1053,420,3078,2972,2972,106,294,1916,529,3347,3578,3347,-231,501,812,256,562,3471,2776,341,1035,2070,43.5,555,6602,9342,9219,45359,0,0
2025-09-24,,1.0,4.17,2025-09-25 00:25:42,2938,600,7511,6690,6690,821,915,5768,657,8926,8105,8105,821,926,6059,658,8628,8672,8628,-44,488,1225,454,3246,3098,3098,148,355,2415,581,3628,3844,3628,-216,438,865,298,523,3232,2472,375,1415,2830,46.71,592,7481,9758,9697,44682,0,0
2025-09-25,seleccion,1.0,4.23,2025-09-26 00:25:25,2420,570,6680,6166,6166,514,536,4860,646,7900,7386,7386,514,531,5078,646,7773,7754,7754,19,553,1188,443,3253,3264,3253,-11,489,2552,587,3800,4063,3800,-263,540,495,127,387,2603,1626,252,1220,2440,48.05,556,5638,7972,8435,45359,0,0
2025-09-26,evaluacion,1.0,4.03,2025-09-27 00:24:58,2468,553,6156,5537,5537,619,672,5068,622,7456,6837,6837,619,674,5287,623,7285,7251,7251,34,504,1247,450,3273,3106,3106,167,370,2425,549,3685,3852,3685,-167,535,585,171,448,2280,1497,345,1300,2600,49.18,478,5497,7559,7723,45359,19,1
2025-09-27,,1.0,4.02,2025-09-28 00:25:16,1003,449,1693,1561,1561,132,242,2701,589,2542,2410,2410,132,247,2842,593,2450,2663,2450,-213,229,492,294,861,731,731,130,132,1291,475,1130,1268,1130,-138,213,345,92,40,1520,1449,270,849,1698,59.75,355,3304,3086,3025,44682,0,0
2025-09-28,evaluacion,1.0,4.07,2025-09-29 00:25:50,1481,533,2891,2551,2551,340,389,3279,610,3790,3450,3450,340,394,3435,611,3684,3684,3684,0,259,618,337,1056,1026,1026,30,203,1310,448,1327,1434,1327,-107,263,340,106,234,1181,520,140,899,1798,52.34,382,2936,3293,3614,44682,0,0
2025-09-29,,1.0,4.15,2025-09-30 00:25:45,2906,596,7612,6911,6911,701,796,5554,654,8936,8235,8235,701,797,5806,655,8697,8755,8697,-58,565,1241,464,3126,3045,3045,81,448,2345,561,3526,3746,3526,-220,609,759,239,462,3562,3048,307,1324,2648,45.61,483,7750,10516,10329,45359,0,0
2025-09-30,,1.0,5.17,2025-10-01 00:25:38,2929,595,7889,7169,7169,720,801,5787,656,9318,8598,8598,720,803,6060,656,9080,9138,9080,-58,621,1248,467,3321,3295,3295,26,472,2341,560,3659,4018,3659,-359,621,778,238,482,3214,2330,384,1429,2858,47.16,566,7277,9975,10139,44005,13,1
2025-10-01,,1.0,4.12,2025-10-02 00:25:32,2792,601,7848,7053,7053,795,850,5142,652,9023,8228,8228,795,861,5428,654,8785,8725,8725,60,638,1324,494,3657,3515,3515,142,465,2366,587,3990,4199,3990,-209,609,735,238,557,3570,2736,355,1175,2350,43.29,564,7314,10123,10162,45359,2,2
2025-10-02,,1.0,4.1,2025-10-03 00:25:24,2685,597,7613,6981,6981,632,707,4821,645,8681,8049,8049,632,718,5049,647,8502,8518,8502,-16,681,1220,471,3471,3399,3399,72,511,2106,555,3796,4000,3796,-204,633,648,179,453,3464,2361,277,1068,2136,42.31,555,6245,9407,9878,45359,0,0
2025-10-03,,1.0,4.07,2025-10-04 00:25:20,2607,594,6889,6303,6303,586,670,4715,653,7943,7357,7357,586,678,4939,653,7767,7782,7767,-15,576,1252,477,3307,3205,3205,102,490,2143,567,3599,3791,3599,-192,586,601,176,410,2330,1520,308,1054,2108,42.68,590,5169,7886,8110,45359,0,0
2025-10-04,,1.0,4.07,2025-10-05 00:25:13,1270,517,2156,1915,1915,241,335,3020,601,3031,2790,2790,241,336,3171,602,2950,3005,2950,-55,223,443,304,801,760,760,41,163,1026,415,1051,1082,1051,-31,210,296,81,160,1202,944,84,875,1750,55.19,455,2822,2904,2921,44682,0,0
2025-10-05,,1.0,4.08,2025-10-06 00:25:39,1161,499,2182,1859,1859,323,373,2469,571,2836,2513,2513,323,377,2622,572,2747,2732,2732,15,166,488,298,708,676,676,32,98,1164,403,965,1082,965,-117,134,308,89,234,1104,527,153,654,1308,49.89,408,1986,2322,2576,45359,0,0
2025-10-06,,1.0,4.18,2025-10-07 00:25:37,2339,585,6795,6112,6112,683,743,4469,642,7860,7177,7177,683,745,4657,642,7640,7600,7600,40,651,1166,482,3232,3151,3151,81,512,2200,574,3601,3825,3601,-224,639,643,220,463,2569,2467,309,1065,2130,45.74,479,6190,9012,8431,45359,54,1
2025-10-07,evaluacion,1.0,4.17,2025-10-08 00:25:39,2756,599,7680,6966,6966,714,846,5276,653,8940,8226,8226,714,854,5548,654,8768,8716,8716,52,526,1279,468,3545,3454,3454,91,447,2455,581,3998,4193,3998,-195,493,662,172,542,2971,2202,288,1260,2520,45.42,587,6559,9469,9524,45359,20,3
2025-10-08,,1.0,4.32,2025-10-09 00:25:48,2172,554,5978,5485,5485,493,546,3914,620,6849,6356,6356,493,552,4077,623,6697,6667,6667,30,653,1196,463,3336,3278,3278,58,465,2154,550,3665,3886,3665,-221,595,463,152,341,1888,2085,284,871,1742,42.73,418,5045,7816,7126,45359,0,0
2025-10-09,seleccion,1.0,4.23,2025-10-10 00:25:39,2621,569,7296,6686,6686,610,627,4625,630,8298,7688,7688,610,634,4849,630,8121,8075,8075,46,600,1203,445,3234,3372,3234,-138,511,2160,551,3586,3962,3586,-376,578,564,177,433,2775,1706,235,1002,2004,41.33,515,5544,8501,8960,44682,0,0
2025-10-10,seleccion,1.0,4.22,2025-10-11 00:25:13,2431,542,6326,5684,5684,642,643,4549,620,7385,6743,6743,642,643,4759,620,7220,7130,7130,90,533,1197,427,3005,3028,3005,-23,381,2175,543,3400,3643,3400,-243,537,552,165,477,2051,1595,224,1059,2118,44.51,438,5107,7708,7522,45359,0,0
2025-10-11,evaluacion,1.0,4.08,2025-10-12 00:25:09,1324,478,2049,1764,1764,285,315,3672,617,3223,2938,2938,285,326,3846,619,3182,3196,3182,-14,166,498,262,639,633,633,6,95,1523,452,1097,1211,1097,-114,142,299,41,244,1652,790,121,1174,2348,61.05,393,3898,2941,3518,44682,0,0
2025-10-12,,1.0,4.12,2025-10-13 00:26:14,1320,481,2557,2106,2106,451,451,2722,563,3258,2807,2807,451,451,2918,565,3113,3115,3113,-2,150,449,274,731,640,640,91,135,1014,368,905,980,905,-75,124,453,145,306,1858,1293,175,701,1402,48.05,419,3290,3410,3524,44682,0,0
2025-10-13,evaluacion,1.0,5.18,2025-10-14 00:25:42,2929,601,7727,7008,7008,719,742,5205,652,8865,8146,8146,719,755,5476,652,8629,8658,8629,-29,562,1206,470,3196,3125,3125,71,413,2049,546,3487,3689,3487,-202,508,748,236,483,3275,2532,274,1138,2276,41.56,559,6915,9773,9797,45359,0,0
2025-10-14,,1.0,4.15,2025-10-15 00:25:36,2851,599,7687,6877,6877,810,865,5413,658,8968,8158,8158,810,875,5697,659,8740,8708,8708,32,480,1097,418,3209,3132,3132,77,395,1913,507,3495,3674,3495,-179,494,778,228,582,3086,2156,264,1281,2562,44.97,607,6325,9345,9465,44682,0,0
2025-10-15,evaluacion,1.0,4.12,2025-10-16 00:25:41,3042,600,7810,7043,7043,767,785,5884,654,9231,8464,8464,767,791,6149,655,9038,9031,9031,7,501,1257,460,3320,3266,3266,54,372,2373,565,3741,3969,3741,-228,541,760,193,574,2579,2133,279,1421,2842,46.22,544,6634,9816,9495,44682,0,0
2025-10-16,,1.0,4.23,2025-10-17 00:25:40,2863,598,7732,7111,7111,621,683,5149,651,8875,8254,8254,621,686,5392,651,8678,8683,8678,-5,566,1372,496,3664,3530,3530,134,446,2448,573,4039,4180,4039,-141,590,626,197,424,2637,1795,282,1143,2286,42.4,534,5870,9142,9363,44682,0,0
2025-10-17,,1.0,4.23,2025-10-18 00:25:17,2820,594,7304,6689,6689,615,670,5312,642,8550,7935,7935,615,677,5578,643,8398,8403,8398,-5,477,1179,437,3053,3107,3053,-54,391,2101,528,3419,3664,3419,-245,453,620,152,463,2674,1963,198,1246,2492,44.68,653,5824,8793,8889,45359,0,0
2025-10-18,seleccion,1.0,4.0,2025-10-19 00:25:22,1198,472,2036,1716,1716,320,321,3156,593,3015,2695,2695,320,329,3330,594,2982,2968,2968,14,130,402,251,713,663,663,50,81,1125,418,1035,1095,1035,-60,126,306,33,287,1620,1096,115,979,1958,58.8,457,3287,2915,3119,44005,0,0
2025-10-19,,1.0,4.22,2025-10-20 00:25:51,1215,478,2299,1966,1966,333,333,2633,564,3008,2675,2675,333,333,2802,565,2878,2941,2878,-63,247,421,249,650,626,626,24,98,1039,368,891,986,891,-95,134,396,130,203,2294,1448,120,709,1418,50.61,468,3096,3247,3760,44005,0,0
2025-10-20,,1.0,4.27,2025-10-21 00:25:46,2370,578,6732,5859,5859,873,878,4388,635,7741,6868,6868,873,884,4594,636,7412,7392,7392,20,474,1106,446,2898,2647,2647,251,286,2025,546,3170,3299,3170,-129,454,853,329,544,1949,1270,383,1009,2018,43.93,404,4932,7846,7652,44682,2,2
2025-10-21,,1.0,1.37,2025-10-22 00:25:51,2854,598,8113,7097,7097,1016,1030,4950,647,9161,8145,8145,1016,1036,5261,647,8816,8787,8787,29,583,1215,461,3433,3220,3220,213,453,2103,548,3663,3875,3663,-212,582,987,345,671,3718,2928,434,1048,2096,39.84,605,7107,10348,10122,44005,0,0
2025-10-22,evaluacion,1.0,4.75,2025-10-23 00:25:40,3086,611,8296,7374,7374,922,949,5960,659,9733,8811,8811,922,958,6247,660,9438,9415,9415,23,499,1261,483,3459,3310,3310,149,388,2363,583,3878,4026,3878,-148,499,899,295,627,3653,2667,306,1437,2874,46.01,625,7767,10640,10704,44005,0,0
2025-10-23,,1.0,4.35,2025-10-24 00:25:36,3600,622,8298,7421,7421,877,908,6092,657,9544,8667,8667,877,912,6391,657,9302,9351,9302,-49,920,1962,530,4041,3823,3823,218,670,2968,585,4374,4565,4374,-191,909,926,242,635,2662,1252,421,1246,2492,38.99,569,6172,9078,9611,45359,0,0
2025-10-24,,1.0,4.6,2025-10-25 00:25:14,2638,587,7228,6309,6309,919,1037,4882,642,8350,7431,7431,919,1044,5192,642,7993,8072,7993,-79,626,1144,455,3229,3024,3024,205,450,2014,545,3488,3630,3488,-142,626,998,357,562,2742,2126,360,1122,2244,43.22,619,5492,8732,8429,44682,16,1
2025-10-25,evaluacion,1.0,4.12,2025-10-26 00:25:34,1190,451,1790,1466,1466,324,365,3172,585,2781,2457,2457,324,373,3402,588,2707,2825,2707,-118,131,331,209,656,567,567,89,130,1132,388,983,1017,983,-34,117,442,74,250,1870,701,133,991,1982,58.26,575,2655,1951,2796,44682,104,2
2025-10-26,,1.0,4.03,2025-10-27 00:26:08,1329,475,2274,1947,1947,327,335,3035,578,3127,2800,2800,327,340,3206,578,3017,3076,3017,-59,194,414,234,680,623,623,57,83,1059,373,944,990,944,-46,94,386,110,217,1428,1164,107,853,1706,53.21,411,3160,3223,3160,43328,64,0
2025-10-27,,1.0,-5.65,2025-10-28 00:25:52,3314,627,8470,7431,7431,1039,1084,6314,663,9970,8931,8931,1039,1093,6563,663,9549,9561,9549,-12,580,1656,529,3878,3644,3644,234,374,3230,623,4341,4658,4341,-317,641,1051,421,618,3857,3376,553,1500,3000,45.71,583,8813,11596,11038,45359,39,1
2025-10-28,,1.0,4.38,2025-10-29 00:25:55,2999,614,7721,6779,6779,942,942,5497,656,8970,8028,8028,942,944,5793,658,8616,8625,8616,-9,649,1434,497,3725,3552,3552,173,464,2568,592,4037,4302,4037,-265,629,951,354,588,3498,2381,439,1249,2498,43.12,592,7082,9614,9789,44005,0,0
2025-10-29,,1.0,4.47,2025-10-30 00:25:38,2927,609,7878,6761,6761,1117,1118,5413,656,9121,8004,8004,1117,1117,5769,656,8620,8849,8620,-229,610,1311,487,3524,3350,3350,174,433,2290,579,3795,4091,3795,-296,661,1346,501,616,3048,1660,472,1243,2486,43.09,596,6169,9076,9347,43328,0,0
2025-10-30,seleccion,1.0,5.42,2025-10-31 00:25:44,3068,622,7523,6547,6547,976,988,6172,661,9075,8099,8099,976,996,6617,662,8659,9092,8659,-433,619,1471,507,3766,3528,3528,238,483,2808,600,4155,4432,4155,-277,631,1409,416,560,3518,2613,519,1552,3104,46.91,619,7507,9915,9844,44005,0,0
2025-10-31,seleccion,1.0,4.57,2025-11-01 00:25:15,2797,599,7125,6316,6316,809,850,5211,656,8332,7523,7523,809,864,5474,656,8098,8042,8042,56,548,1281,472,3248,3062,3062,186,380,2085,543,3467,3639,3467,-172,554,753,234,575,3312,2634,361,1207,2414,44.1,607,7022,9286,9155,44005,2,2
2025-11-01,seleccion,1.0,4.07,2025-11-02 00:25:31,1284,501,2259,1919,1919,340,393,3348,609,3291,2951,2951,340,402,3515,610,3199,3222,3199,-23,220,494,281,946,945,945,1,128,1250,431,1248,1376,1248,-128,204,363,92,248,1666,1141,137,1032,2064,58.72,506,3414,3144,3329,44005,0,0
2025-11-02,,1.0,4.1,2025-11-03 00:25:53,1321,516,2146,1928,1928,218,227,2833,580,2902,2684,2684,218,235,3015,582,2742,2979,2742,-237,322,469,289,741,688,688,53,107,1033,389,882,1024,882,-142,164,455,160,58,1390,521,201,756,1512,50.15,429,2462,2305,2956,44005,195,0
2025-11-03,,1.0,4.15,2025-11-04 00:27:14,3012,645,7877,6650,6650,1227,1227,5016,665,8879,7652,7652,1227,1228,5376,666,8489,8344,8344,145,637,1381,537,3288,3145,3145,143,467,2119,582,3427,3708,3427,-281,611,1082,390,837,3264,2434,427,1002,2004,37.28,661,6195,9588,9191,44005,116,2
2025-11-04,,1.0,5.3,2025-11-05 00:25:46,3019,619,7916,6817,6817,1099,1099,5287,659,9050,7951,7951,1099,1099,5696,660,8630,8707,8630,-77,654,1397,497,3488,3282,3282,206,463,2504,592,3708,4050,3708,-342,730,1176,420,679,3744,2756,548,1134,2268,39.82,536,7407,10124,10013,43328,16,1
2025-11-05,,1.0,4.55,2025-11-06 00:25:51,3178,615,8112,7094,7094,1018,1035,5902,660,9474,8456,8456,1018,1041,6238,661,9139,9152,9139,-13,687,1474,519,3594,3505,3505,89,555,2713,600,3992,4327,3992,-335,686,1031,335,683,3280,2140,429,1362,2724,43.67,589,7116,9865,9987,43328,0,0
2025-11-06,seleccion,1.0,4.5,2025-11-07 00:25:56,3099,623,7942,7012,7012,930,930,5581,656,9183,8253,8253,930,931,5952,657,8865,8912,8865,-47,646,1371,511,3385,3264,3264,121,464,2438,599,3678,3982,3678,-304,675,977,318,612,3988,2935,424,1241,2482,41.7,543,7600,10398,10521,44005,58,2
2025-11-07,evaluacion,1.0,4.5,2025-11-08 00:25:24,2779,588,7105,6219,6219,886,897,5165,643,8298,7412,7412,886,910,5536,643,8006,8121,8006,-115,619,1255,477,3241,3040,3040,201,474,2291,565,3572,3754,3572,-182,580,1001,292,594,3744,2602,387,1193,2386,43.1,652,6809,9037,9293,44682,0,0
2025-11-08,,1.0,5.22,2025-11-09 00:25:33,1276,497,2146,1827,1827,319,334,3168,608,3092,2773,2773,319,338,3353,611,2990,3064,2990,-74,236,434,286,615,533,533,82,112,1206,459,878,1016,878,-138,215,393,102,217,1455,523,215,946,1892,56.43,431,2871,2488,3101,44005,0,0
2025-11-09,,1.0,4.07,2025-11-10 00:26:08,1607,535,2487,2146,2146,341,359,3615,617,3491,3150,3150,341,361,3804,617,3368,3477,3368,-109,274,681,342,860,862,860,-2,143,1576,470,1233,1389,1233,-156,240,450,123,218,1405,733,160,1004,2008,52.79,411,3436,3141,3472,44005,0,0
2025-11-10,,1.0,4.88,2025-11-11 00:26:05,2840,627,7560,6340,6340,1220,1221,4964,655,8622,7402,7402,1220,1223,5278,655,8128,8130,8128,-2,550,1187,463,3236,2887,2887,349,392,2043,541,3336,3607,3336,-271,552,1222,494,726,3501,3464,619,1062,2124,40.24,478,7598,10618,9435,44005,0,0
2025-11-11,,1.0,5.05,2025-11-12 00:25:58,2939,630,7904,6972,6972,932,941,5261,661,9065,8133,8133,932,945,5518,662,8712,8616,8616,96,761,1425,529,3751,3560,3560,191,611,2458,594,4018,4244,4018,-226,772,836,353,579,3998,3017,430,1161,2322,42.08,570,7443,10403,10452,44005,0,0
2025-11-12,evaluacion,1.0,4.87,2025-11-13 00:25:55,3142,632,8025,6983,6983,1042,1049,5930,666,9419,8377,8377,1042,1062,6312,667,9099,9097,9097,2,722,1541,534,3778,3645,3645,133,594,2945,630,4270,4541,4270,-271,679,1040,320,722,3864,2704,408,1394,2788,44.17,607,7874,10341,10459,43328,0,0
2025-11-13,,1.0,4.43,2025-11-14 00:25:56,2813,594,7648,6634,6634,1014,1014,5009,647,8746,7732,7732,1014,1014,5292,649,8374,8334,8334,40,610,1255,472,3392,3280,3280,112,480,2141,546,3631,3906,3631,-275,671,974,372,642,3351,2479,392,1098,2196,41.5,632,5985,9421,9279,43328,0,0
2025-11-14,,1.0,4.28,2025-11-15 00:25:23,2845,603,6987,6114,6114,873,901,5455,653,8292,7419,7419,873,910,5719,653,7921,7950,7921,-29,609,1187,463,3016,2966,2966,50,411,2071,544,3236,3575,3236,-339,638,902,371,502,3939,3258,393,1305,2610,45.64,579,7454,9901,9709,44682,0,0
2025-11-15,evaluacion,1.0,5.17,2025-11-16 00:25:29,1293,491,2026,1706,1706,320,325,3197,593,2978,2658,2658,320,334,3378,596,2879,2946,2879,-67,272,484,279,707,725,707,-18,166,1171,405,993,1135,993,-142,245,387,99,221,1677,1236,139,952,1904,56.36,429,3426,3069,3190,44005,0,0
2025-11-16,,1.0,4.1,2025-11-17 00:26:10,1392,491,2281,1876,1876,405,437,3242,600,3206,2801,2801,405,440,3409,601,3020,3145,3020,-125,196,630,308,897,783,783,114,136,1596,471,1214,1347,1214,-133,199,530,186,219,1431,528,255,925,1850,54.27,398,2952,2650,3148,44005,0,0
2025-11-17,,1.0,4.72,2025-11-18 00:25:50,945,449,1809,1531,1531,278,282,2345,558,2509,2231,2231,278,287,2457,559,2366,2405,2366,-39,192,334,243,580,522,522,58,146,863,365,759,810,759,-51,183,317,143,135,1294,1678,115,700,1400,56.98,404,2782,3256,2594,43328,0,0
2025-11-18,,0.9474,4.87,2025-11-19 00:26:01,2806,613,7594,6617,6617,977,988,4950,647,8666,7689,7689,977,993,5278,648,8237,8395,8237,-158,626,1330,490,3502,3321,3321,181,418,2213,555,3621,3926,3621,-305,641,1135,429,548,3145,1489,490,1072,2144,40.62,533,5748,8510,9189,40620,12,2
2025-11-19,evaluacion,1.0,4.67,2025-11-20 00:25:39,3117,630,7876,6707,6707,1169,1169,6127,664,9381,8212,8212,1169,1169,6524,664,8911,9008,8911,-97,709,1514,530,3670,3417,3417,253,532,2895,623,4021,4335,4021,-314,683,1266,470,699,3375,2637,571,1505,3010,46.14,616,7628,10243,9812,43328,19,2
2025-11-20,,1.0,4.32,2025-11-21 00:26:00,3012,618,7463,6571,6571,892,909,5338,658,8626,7734,7734,892,916,5757,661,8189,8645,8189,-456,738,1389,489,3190,3099,3099,91,511,2434,567,3488,3837,3488,-349,760,1348,437,455,3860,2664,448,1163,2326,40.4,615,6989,9478,9782,44005,6,2
2025-11-21,,1.0,4.42,2025-11-22 00:26:28,2791,594,7302,6249,6249,1053,1053,5249,650,8531,7478,7478,1053,1056,5588,650,8129,8242,8129,-113,723,1304,481,3453,3235,3235,218,489,2286,576,3666,3891,3666,-225,678,1166,402,651,3218,2517,465,1229,2458,43.99,612,6489,9289,8937,44682,31,1
2025-11-22,,1.0,4.2,2025-11-23 00:25:32,1363,502,2473,2139,2139,334,337,3791,620,3687,3353,3353,334,344,3953,620,3615,3597,3597,18,179,557,310,986,867,867,119,138,1768,509,1513,1535,1513,-22,186,316,72,262,1502,564,135,1214,2428,61.42,462,3399,3058,3662,42651,0,0
2025-11-23,,1.0,4.05,2025-11-24 00:25:55,1283,482,2224,1980,1980,244,261,2955,576,3060,2816,2816,244,268,3129,577,3003,3138,3003,-135,211,547,286,839,763,763,76,121,1435,422,1216,1269,1216,-53,115,379,57,187,1222,688,138,836,1672,53.44,448,2586,2625,2915,43328,14,2
2025-11-24,evaluacion,1.0,4.63,2025-11-25 00:27:12,3001,613,7957,6887,6887,1070,1097,5085,654,8999,7929,7929,1070,1111,5409,655,8554,8722,8554,-168,736,1437,507,3523,3377,3377,146,550,2311,580,3618,4052,3618,-434,766,1238,445,625,3218,2791,590,1042,2084,38.53,537,6785,10194,9551,43328,0,0
2025-11-25,,1.0,4.85,2025-11-26 00:25:52,3738,630,8858,7484,7484,1374,1374,6366,657,10172,8798,8798,1374,1376,6728,659,9494,9602,9494,-108,979,1421,522,3650,3510,3510,140,452,2270,582,3765,4131,3765,-366,698,1482,678,696,3655,2484,508,1314,2628,39.06,577,7980,10874,10671,43328,14,1
2025-11-26,seleccion,1.0,4.78,2025-11-27 00:26:07,2834,592,7498,6666,6666,832,843,5328,646,8745,7913,7913,832,848,5731,649,8424,8702,8424,-278,664,1290,473,3618,3495,3495,123,447,2243,574,3902,4140,3902,-238,644,1110,321,511,3112,2509,367,1247,2494,43.52,567,6921,9603,9374,43328,14,1
2025-11-27,,1.0,-5.8,2025-11-28 00:26:12,3039,601,7804,7078,7078,726,726,5727,656,9148,8422,8422,726,726,5972,656,8949,8915,8915,34,607,1316,488,3409,3364,3364,45,481,2398,575,3829,4037,3829,-208,611,692,199,527,2876,1831,260,1344,2688,45.01,621,6492,9292,9611,44005,0,0
2025-11-28,seleccion,1.0,4.5,2025-11-29 00:25:44,2742,609,7154,6426,6426,728,728,4954,650,8260,7532,7532,728,728,5205,650,8080,7978,7978,102,599,1216,480,3088,3082,3082,6,433,1999,541,3359,3585,3359,-226,554,626,180,548,2696,1899,236,1106,2212,42.5,595,5675,8524,8593,44005,27,1
2025-11-29,,1.0,4.0,2025-11-30 00:27:57,1291,475,2244,1856,1856,388,388,3877,627,3537,3149,3149,388,388,4027,627,3485,3392,3392,93,110,458,265,850,750,750,100,103,1513,483,1348,1329,1329,19,95,295,52,336,1532,1077,83,1293,2586,64.22,464,3970,3424,3491,42651,0,0
