day,E,F,blank_min,unobs_min,stations
2025-08-01,44771.71666666667,11802.150000000001,0.0,4276.383333333333,677.0
2025-08-04,77459.18333333335,22370.566666666666,31.383333333333333,4727.716666666666,677.0
2025-08-06,112032.25,23184.316666666666,0.0,4389.216666666666,677.0
2025-08-08,76047.01666666666,16840.6,0.0,4208.683333333334,677.0
2025-08-09,61805.08333333334,16403.466666666667,0.0,4614.883333333331,677.0
2025-08-11,99385.81666666667,24399.016666666666,0.0,4434.3499999999985,677.0
2025-08-12,112683.35,24247.566666666666,0.0,4118.416666666667,677.0
2025-08-13,86499.9,20102.933333333334,414.1,4129.700000000001,677.0
2025-08-16,66944.45000000001,13346.05,0.0,3644.516666666667,677.0
2025-08-18,91363.88333333333,16794.0,0.0,4163.549999999999,677.0
2025-08-23,58576.75,12387.800000000001,0.0,3452.7000000000007,677.0
2025-08-26,96883.08333333333,22575.36666666667,0.0,4107.133333333333,677.0
2025-08-27,100101.1,25376.416666666668,0.0,3813.766666666667,677.0
2025-08-28,92090.25,15891.149999999998,0.0,4028.1500000000015,677.0
2025-08-31,84648.06666666668,17510.800000000003,0.0,3441.4166666666665,677.0
2025-09-01,108705.69999999998,12351.5,0.0,3779.9166666666674,677.0
2025-09-02,50321.16666666667,10701.166666666668,487.0,3746.0666666666657,677.0
2025-09-03,79632.18333333332,17247.966666666667,639.0333333333333,3847.6166666666672,677.0
2025-09-04,102237.56666666668,17918.983333333334,0.0,3621.9500000000007,677.0
2025-09-05,106439.45000000001,12579.983333333334,0.0,3723.5,677.0
2025-09-06,71004.15,15668.383333333335,0.0,3283.4500000000007,677.0
2025-09-07,75452.2,13753.383333333333,0.0,3452.7000000000007,677.0
2025-09-08,101647.7,17419.35,0.0,3644.516666666667,677.0
2025-09-09,83951.75,17820.86666666667,0.0,3994.2999999999993,677.0
2025-09-11,108430.55,19021.733333333334,0.0,3847.6166666666672,677.0
2025-09-12,90591.61666666667,14372.283333333333,0.0,3497.8333333333335,677.0
2025-09-13,63441.26666666667,18817.5,0.0,3779.9166666666674,677.0
2025-09-14,72443.45,15683.3,0.0,4400.5,677.0
2025-09-15,69862.25,19301.949999999997,12.283333333333333,4028.1500000000015,677.0
2025-09-16,52934.26666666666,16275.766666666666,0.0,3892.75,677.0
2025-09-17,120619.73333333334,19460.216666666667,0.0,3983.016666666667,677.0
2025-09-18,109368.93333333333,19505.36666666667,269.85,3678.3666666666677,677.0
2025-09-19,108206.21666666666,14487.6,282.78333333333336,3949.166666666667,677.0
2025-09-20,61817.5,12541.433333333334,0.0,3520.4000000000005,677.0
2025-09-21,62859.283333333326,9111.766666666666,0.0,3531.6833333333343,677.0
2025-09-22,122781.33333333333,16805.35,0.0,3994.2999999999993,677.0
2025-09-23,107474.75,22114.616666666665,0.0,4039.433333333334,677.0
2025-09-24,92517.41666666666,21550.6,0.0,3644.516666666667,677.0
2025-09-25,99554.35,16882.833333333336,0.0,4095.8499999999985,677.0
2025-09-26,134155.15000000002,32850.65,334.4666666666667,3870.1833333333343,677.0
2025-09-27,102088.11666666667,19629.216666666667,0.0,3497.8333333333335,677.0
2025-09-28,79840.26666666666,10559.033333333335,0.0,3644.516666666667,677.0
2025-09-29,102845.43333333333,13425.2,0.0,3983.016666666667,677.0
2025-09-30,114699.48333333334,18583.516666666666,239.43333333333334,4129.700000000001,677.0
2025-10-01,109313.35,16706.699999999997,12.0,4829.266666666667,677.0
2025-10-02,102526.68333333332,14554.383333333333,0.0,4547.183333333334,677.0
2025-10-03,108755.18333333333,8912.9,0.0,3870.1833333333343,677.0
2025-10-04,61705.700000000004,9095.616666666669,0.0,3588.0999999999995,677.0
2025-10-05,69030.91666666667,10463.633333333331,0.0,3689.6500000000005,677.0
2025-10-06,113216.93333333333,11102.683333333334,905.8333333333331,3926.5999999999985,677.0
2025-10-07,122675.90000000001,21941.86666666667,415.41666666666663,3904.033333333333,677.0
2025-10-08,63040.51666666666,13613.1,0.0,3836.3333333333326,677.0
2025-10-09,87668.31666666665,18302.4,0.0,4073.2833333333333,677.0
2025-10-10,71083.91666666666,12492.233333333334,0.0,4016.8666666666672,677.0
2025-10-11,53572.933333333334,13444.083333333332,0.0,3644.516666666667,677.0
2025-10-12,63614.316666666666,14511.533333333333,0.0,3644.516666666667,677.0
2025-10-13,103943.38333333333,18475.0,0.0,4039.433333333334,677.0
2025-10-14,113322.01666666666,23399.516666666663,0.0,4028.1500000000015,677.0
2025-10-15,101344.68333333333,21367.1,0.0,4705.1500000000015,677.0
2025-10-16,91609.96666666666,16390.066666666666,0.0,3926.5999999999985,677.0
2025-10-17,84822.81666666667,12165.833333333332,0.0,4016.8666666666672,677.0
2025-10-18,60918.15,14138.416666666666,0.0,3396.283333333333,677.0
2025-10-19,75153.30000000002,15801.233333333334,0.0,4287.666666666667,677.0
2025-10-20,64926.1,12442.166666666668,12.933333333333334,4163.549999999999,677.0
2025-10-21,106035.43333333333,23230.733333333334,0.0,4118.416666666667,677.0
2025-10-22,104011.75,20339.516666666666,0.0,4840.549999999999,677.0
2025-10-23,114532.1,15501.316666666666,0.0,4208.683333333334,677.0
2025-10-24,99400.95000000001,10196.716666666667,296.41666666666663,4671.299999999999,677.0
2025-10-25,125915.56666666667,16780.13333333333,1714.6833333333332,3486.5499999999993,677.0
2025-10-26,102889.91666666666,23770.600000000002,1164.433333333333,3768.6333333333328,677.0
2025-10-27,110192.86666666667,17089.76666666667,616.8333333333333,4197.4000000000015,677.0
2025-10-28,129293.91666666666,23212.966666666667,0.0,3926.5999999999985,677.0
2025-10-29,105475.86666666667,16820.733333333334,0.0,4118.416666666667,677.0
2025-10-30,122960.71666666667,13890.633333333333,0.0,3983.016666666667,677.0
2025-10-31,89969.63333333333,9963.4,39.516666666666666,4016.8666666666672,677.0
2025-11-01,62053.46666666667,13678.25,0.0,3633.233333333333,677.0
2025-11-02,77397.33333333334,14996.7,3491.0499999999997,4276.383333333333,677.0
2025-11-03,123446.55,13639.683333333332,2027.3833333333332,3915.3166666666657,677.0
2025-11-04,116835.36666666667,17228.233333333337,336.73333333333335,4231.25,677.0
2025-11-05,113992.31666666667,19125.050000000003,0.0,4084.566666666666,677.0
2025-11-06,110081.36666666667,16035.516666666666,960.8833333333333,4140.983333333334,677.0
2025-11-07,99547.18333333333,9412.95,0.0,4107.133333333333,677.0
2025-11-08,91832.28333333334,11968.833333333332,0.0,3870.1833333333343,677.0
2025-11-09,98971.78333333333,10269.7,0.0,3700.9333333333343,677.0
2025-11-10,114109.58333333333,13594.1,0.0,4163.549999999999,677.0
2025-11-11,106908.1,23610.966666666667,0.0,4174.833333333333,677.0
2025-11-12,120856.15,19799.533333333333,0.0,4140.983333333334,677.0
2025-11-13,114475.76666666666,18106.25,0.0,4411.783333333334,677.0
2025-11-14,98024.01666666666,14847.333333333332,0.0,4197.4000000000015,677.0
2025-11-15,67137.06666666668,17678.71666666667,0.0,3689.6500000000005,677.0
2025-11-16,75881.93333333333,17969.583333333336,0.0,3712.216666666667,677.0
2025-11-17,66030.8,15425.533333333333,0.0,4197.4000000000015,677.0
2025-11-18,122114.71666666667,22245.95,164.56666666666666,4231.25,677.0
2025-11-19,125884.93333333333,20628.38333333333,272.15,4840.549999999999,677.0
2025-11-20,124953.2,21804.11666666667,76.56666666666668,4389.216666666666,677.0
2025-11-21,108064.53333333334,10956.716666666667,508.1166666666667,4028.1500000000015,677.0
2025-11-22,73873.81666666668,12003.583333333334,0.0,3520.4000000000005,677.0
2025-11-23,79791.68333333333,12410.316666666666,292.15,3655.7999999999993,677.0
2025-11-24,113247.20000000001,14357.6,0.0,4186.116666666667,677.0
2025-11-25,110679.9,19115.61666666667,247.81666666666666,4321.516666666666,677.0
2025-11-26,91292.31666666667,18723.866666666665,271.25,4174.833333333333,677.0
2025-11-27,83221.83333333333,13460.116666666667,0.0,4242.533333333333,677.0
2025-11-28,74284.4,9129.416666666668,455.25000000000006,4050.716666666667,677.0
2025-11-29,58526.08333333333,16628.15,0.0,4445.633333333331,677.0
2025-11-30,56146.6,19018.816666666666,0.0,3757.349999999999,677.0
2025-12-01,94913.71666666667,18030.800000000003,165.9,4581.033333333334,677.0
2025-12-02,85537.91666666666,23752.15,0.0,4547.183333333334,677.0
2025-12-03,87876.83333333334,23476.516666666666,0.0,4490.766666666667,677.0
2025-12-04,84664.63333333333,16994.416666666664,0.0,4524.616666666669,677.0
2025-12-05,84240.66666666667,11624.56666666667,0.0,4660.016666666667,677.0
2025-12-06,58925.41666666666,11653.733333333334,0.0,4513.333333333333,677.0
2025-12-07,56946.433333333334,13076.866666666669,0.0,3791.2000000000007,677.0
2025-12-08,83686.5,16912.38333333333,0.0,4468.200000000001,677.0
2025-12-09,83397.26666666666,21747.166666666668,29.900000000000002,4456.916666666667,677.0
2025-12-10,82912.25,17072.100000000002,1003.4166666666667,4592.316666666666,677.0
2025-12-11,80386.06666666668,15975.033333333333,338.01666666666665,4569.75,677.0
2025-12-12,56322.38333333333,11452.116666666667,0.0,4750.283333333334,677.0
2025-12-13,57211.28333333333,23351.5,0.0,3700.9333333333343,677.0
2025-12-14,59389.95,25966.233333333334,0.0,4107.133333333333,677.0
2025-12-15,75343.33333333334,21723.533333333333,27.583333333333336,4558.466666666666,677.0
2025-12-16,82187.43333333332,21852.733333333334,0.0,4693.866666666669,677.0
2025-12-17,77874.08333333333,27091.283333333333,11.8,4705.1500000000015,677.0
2025-12-18,105942.46666666667,31600.283333333333,0.0,4739.0,677.0
2025-12-19,98161.65000000001,27640.38333333333,0.0,4366.6500000000015,677.0
2025-12-20,61708.65000000001,24145.7,959.1166666666667,3678.3666666666677,677.0
2025-12-21,72334.05,24896.983333333334,1164.3333333333333,3836.3333333333326,677.0
2025-12-22,68055.98333333334,21833.616666666665,709.4833333333332,4355.366666666669,677.0
2025-12-23,57253.7,18261.066666666666,0.0,4456.916666666667,677.0
2025-12-24,42444.88333333333,19623.9,318.7166666666667,4434.3499999999985,677.0
2025-12-25,34280.65,15863.883333333335,0.0,4163.549999999999,677.0
2025-12-26,42833.05,14732.016666666666,0.0,4479.483333333333,677.0
2025-12-27,31081.233333333334,14362.983333333334,0.0,3937.8833333333328,677.0
2025-12-28,43943.53333333333,17429.716666666667,439.76666666666665,4084.566666666666,677.0
2025-12-29,60538.049999999996,16805.38333333333,17.566666666666666,5077.5,677.0
2025-12-30,53023.21666666667,15092.266666666666,600.0333333333333,4344.083333333333,677.0
2025-12-31,51955.88333333333,26029.583333333332,0.0,4490.766666666667,677.0
2026-01-01,54773.83333333333,24576.31666666667,1552.45,4389.216666666666,677.0
2026-01-02,44064.21666666667,20090.183333333334,468.29999999999995,4355.366666666669,677.0
2026-01-03,50832.05,19097.666666666668,0.0,4535.9000000000015,677.0
2026-01-04,72840.11666666667,24487.666666666668,0.0,4581.033333333334,677.0
2026-01-05,89868.61666666667,25787.8,1142.6166666666666,4863.116666666669,677.0
2026-01-06,89143.28333333333,20544.86666666667,0.0,4434.3499999999985,677.0
2026-01-07,86560.81666666668,24003.600000000002,0.0,4660.016666666667,677.0
2026-01-08,75444.81666666667,20304.0,357.43333333333334,5122.633333333331,677.0
2026-01-09,84860.41666666666,11982.5,242.50000000000003,4535.9000000000015,677.0
2026-01-10,48995.066666666666,10578.266666666666,0.0,4073.2833333333333,677.0
2026-01-11,54415.75,9069.733333333334,0.0,4705.1500000000015,677.0
2026-01-12,85404.95000000001,14251.166666666666,0.0,4784.133333333331,677.0
2026-01-13,96638.76666666666,18642.183333333334,0.0,5551.4000000000015,677.0
2026-01-14,102514.54999999999,15182.816666666664,0.0,5224.183333333334,677.0
2026-01-15,93490.23333333334,13372.45,0.0,5573.966666666666,677.0
2026-01-16,67477.2,9153.033333333333,0.0,4592.316666666666,677.0
2026-01-17,40904.86666666667,13090.216666666667,0.0,4039.433333333334,677.0
2026-01-18,47067.466666666674,13602.683333333332,12.6,3723.5,677.0
2026-01-19,70950.98333333334,14803.083333333336,0.0,8157.8499999999985,677.0
2026-01-20,82148.23333333334,21235.36666666667,0.0,6352.516666666665,677.0
2026-01-21,78749.53333333334,20064.816666666666,0.0,7018.233333333335,677.0
2026-01-22,78280.98333333334,19197.166666666664,0.0,8045.0166666666655,677.0
2026-01-23,82776.84999999999,14266.266666666666,335.34999999999997,5100.066666666666,677.0
2026-01-24,53218.066666666666,13045.5,0.0,4118.416666666667,677.0
2026-01-25,75170.05,20067.933333333334,0.0,3994.2999999999993,677.0
2026-01-26,92689.51666666666,18105.199999999997,0.0,5224.183333333334,677.0
2026-01-27,92581.03333333333,26591.416666666664,17.066666666666666,7063.366666666669,677.0
2026-01-28,95487.96666666667,23107.083333333336,12.666666666666666,7492.133333333331,677.0
2026-01-29,122732.76666666666,20723.116666666665,0.0,733.4166666666666,677.0
2026-01-30,75849.66666666667,11391.783333333335,0.0,8597.900000000001,677.0
2026-01-31,56801.28333333334,14518.316666666666,378.6,4885.683333333334,677.0
